	pathway	X0285.015.009	X1009.015.013	X1058.016.043	X1089.016.076	X1150.016.137	X1155.016.142	X1158.016.145	X1161.016.148	X1184.016.171	X1190.016.177	X1195.016.182	X1480.019.118	X1484.019.122	X1486.019.124	X1503.019.141	X1541.019.179	X1543.019.181	X1545.019.183	X1553.019.191	X1554.019.192	X1555.019.193	X1558.019.196	X1559.019.197	X1563.019.201	X1564.019.202	X1565.019.203	X1566.019.204	X1568.019.206	X1569.019.207	X1576.019.214	X1581.019.219
1	Adipogenesis WP236	NA	NA	NA	1.71997049049522	NA	1.56103386400097	-1.6530511983398	1.60662838740964	1.48487537926683	1.38817709835859	NA	1.52084368320285	NA	-1.61545971787811	NA	1.83254167249705	NA	NA	NA	NA	NA	1.58849791960778	NA	1.60381502688753	NA	NA	NA	-1.71171401018089	NA	-1.58723962475842	-1.58409983473816
2	AGE/RAGE pathway WP2324	-1.63647678698348	NA	NA	NA	NA	1.50889611436654	-1.58323559797604	NA	NA	NA	NA	1.67842196541719	NA	-1.60391552519721	NA	2.05354759382859	NA	NA	NA	1.51842665697303	NA	NA	NA	NA	NA	NA	NA	NA	NA	NA	NA
3	Allograft Rejection WP2328	-1.56924480590189	NA	NA	NA	2.14733556157602	2.1687503728271	-2.29870319066424	NA	2.20394275017703	-1.52422126416751	NA	2.3259007789509	NA	-1.7190848483892	2.29602193935464	2.25404268687128	-1.74127712604473	-1.87411188344244	-1.47440436037616	NA	NA	NA	NA	NA	1.70785648474007	NA	-1.53075711515848	NA	1.67141455822123	-2.00437745470526	NA
4	Alpha 6 Beta 4 signaling pathway WP244	NA	NA	NA	NA	NA	NA	NA	NA	NA	NA	NA	1.42963835044963	NA	NA	NA	NA	NA	NA	NA	NA	NA	NA	NA	NA	NA	NA	NA	NA	NA	NA	NA
5	Alzheimers Disease WP2059	NA	NA	NA	1.53292624026544	NA	NA	NA	NA	NA	NA	NA	NA	NA	NA	NA	NA	NA	NA	NA	NA	NA	NA	NA	NA	NA	NA	NA	NA	NA	NA	NA
6	Amino Acid metabolism WP3925	NA	NA	NA	NA	NA	-1.38109547746903	NA	NA	NA	NA	NA	NA	NA	NA	NA	NA	NA	NA	NA	NA	NA	NA	NA	NA	NA	NA	NA	NA	NA	NA	NA
7	Amplification and Expansion of Oncogenic Pathways as Metastatic Traits WP3678	NA	NA	NA	NA	NA	NA	-1.54048318665546	NA	1.56897986261826	NA	NA	1.55785124002773	NA	NA	NA	NA	NA	NA	NA	NA	NA	NA	NA	NA	NA	NA	NA	NA	NA	NA	NA
8	Amyotrophic lateral sclerosis (ALS) WP2447	NA	NA	NA	NA	NA	NA	NA	NA	NA	NA	NA	NA	NA	-1.53985462523175	NA	NA	NA	NA	NA	NA	NA	NA	NA	NA	NA	NA	NA	NA	NA	NA	NA
9	Angiogenesis WP1539	NA	NA	NA	1.57839293912994	NA	1.69064158673825	-1.53505103102333	1.94486966532101	NA	NA	NA	1.83309516481403	NA	-1.84213093285723	NA	2.13772888929905	NA	NA	-1.79531770388107	1.60414997412303	NA	1.77274678721543	NA	1.76437125760785	NA	NA	NA	-1.80765946778151	NA	NA	-1.59138741954283
10	Angiopoietin Like Protein 8 Regulatory Pathway WP3915	NA	NA	NA	1.37328550220101	1.50651251109194	NA	NA	NA	NA	NA	NA	NA	NA	NA	NA	1.24909978011007	NA	NA	NA	NA	NA	NA	NA	NA	NA	NA	NA	-1.76047917850129	NA	NA	NA
11	Apoptosis Modulation and Signaling WP1772	NA	NA	-1.7369150684911	NA	NA	1.58962758757888	-1.7927403799066	1.63691105831015	1.53016656164598	NA	NA	1.54842827924634	-1.59918252149554	-1.63826015962102	1.57893155320064	1.86370537043243	-1.58755023757879	NA	NA	NA	NA	NA	NA	NA	NA	NA	NA	NA	NA	NA	NA
12	Apoptosis WP254	NA	NA	NA	NA	NA	1.4840636430553	-1.98388104282543	NA	1.65761857048028	NA	NA	1.70875728217897	NA	-1.58482831490629	1.78277760639109	1.91186443054417	NA	NA	NA	NA	NA	NA	NA	NA	NA	NA	NA	NA	NA	NA	NA
13	Apoptosis-related network due to altered Notch3 in ovarian cancer WP2864	NA	NA	NA	NA	NA	NA	-1.66765557414724	NA	1.53247403550329	NA	NA	1.61681095926178	NA	-1.60295211776516	NA	1.75246730772893	NA	NA	NA	NA	NA	NA	NA	NA	NA	NA	NA	-1.60994015006596	NA	NA	NA
14	Arrhythmogenic Right Ventricular Cardiomyopathy WP2118	NA	NA	NA	NA	NA	NA	NA	NA	NA	NA	NA	NA	NA	NA	NA	NA	NA	NA	-1.58043873877939	NA	NA	NA	NA	NA	NA	NA	NA	NA	NA	NA	NA
15	Aryl Hydrocarbon Receptor Pathway WP2873	NA	NA	NA	NA	NA	1.67011664754296	-1.87961654223134	NA	NA	NA	NA	NA	NA	NA	NA	NA	NA	NA	NA	NA	NA	NA	NA	NA	1.8362175973988	NA	NA	NA	NA	NA	NA
16	Aryl Hydrocarbon Receptor WP2586	NA	NA	NA	NA	NA	NA	-1.46242165757258	1.80446737393996	-1.5149808623911	1.69491273419024	NA	NA	-1.74283242371261	-1.69550607283176	NA	1.46844901536881	NA	NA	NA	1.61193161931227	NA	NA	NA	NA	1.5428157411847	NA	NA	NA	NA	NA	NA
17	Association Between Physico-Chemical Features and Toxicity Associated Pathways WP3680	NA	NA	NA	NA	NA	NA	NA	NA	NA	NA	NA	NA	NA	-1.47356442232595	NA	NA	NA	NA	NA	NA	NA	NA	NA	NA	NA	NA	NA	-1.49503186754108	NA	NA	NA
18	ATM Signaling Pathway WP2516	NA	NA	-1.61484787448504	NA	NA	NA	NA	NA	NA	NA	NA	NA	NA	-1.506657348496	NA	NA	NA	NA	NA	NA	NA	NA	NA	NA	NA	NA	NA	NA	NA	NA	NA
19	B Cell Receptor Signaling Pathway WP23	NA	NA	-1.4679022694293	NA	1.56987119610195	1.83059067936627	-1.97804248475051	1.55077314813888	1.76875889200198	NA	NA	2.09338304453555	NA	-1.76216443643503	1.87750329778747	2.03045154014288	-1.93656908891105	NA	-1.46119881240053	NA	NA	NA	1.63294117777241	NA	1.47025746034363	NA	NA	NA	1.47923559023659	NA	NA
20	Bladder Cancer WP2828	NA	NA	NA	NA	NA	1.5391421008824	-1.56974776992463	NA	NA	NA	NA	1.57938512078943	NA	-1.70548093893186	NA	2.04860897447298	NA	NA	NA	1.55639517521925	NA	NA	NA	NA	NA	NA	NA	NA	NA	NA	NA
21	Blood Clotting Cascade WP272	NA	NA	NA	1.65169541104906	NA	NA	NA	NA	NA	NA	NA	NA	NA	-1.55802844580014	NA	NA	NA	NA	NA	NA	NA	NA	NA	NA	NA	NA	NA	NA	NA	NA	NA
22	Brain-Derived Neurotrophic Factor (BDNF) signaling pathway WP2380	NA	NA	NA	1.46100478515512	NA	NA	-1.47243205017738	NA	NA	NA	NA	1.58879389530615	NA	-1.49775391620876	1.35237885771021	1.56719974090614	NA	NA	NA	NA	NA	NA	NA	NA	NA	NA	NA	-1.47493565952609	NA	NA	NA
23	Breast cancer pathway WP4262	NA	NA	NA	NA	NA	NA	NA	NA	NA	1.53338908004395	NA	1.41509238301374	NA	-1.45975973565439	NA	1.26577132376894	NA	1.51117138472328	NA	NA	NA	NA	NA	1.52149560012284	NA	NA	NA	-1.90843945918693	NA	NA	NA
24	Calcium Regulation in the Cardiac Cell WP536	NA	NA	NA	1.55582253182421	NA	NA	NA	NA	NA	NA	NA	1.43540639259935	NA	NA	NA	NA	NA	NA	NA	NA	NA	NA	NA	NA	NA	NA	NA	NA	NA	NA	NA
25	Cannabinoid receptor signaling WP3869	NA	NA	NA	NA	NA	NA	NA	NA	-1.5262479426837	NA	NA	NA	NA	NA	NA	NA	NA	NA	NA	NA	NA	NA	NA	NA	NA	NA	NA	NA	NA	NA	NA
26	Canonical and Non-Canonical TGF-B signaling WP3874	NA	NA	NA	NA	NA	1.52325569573394	-1.51834663598974	NA	NA	NA	NA	1.58069799807091	NA	NA	NA	1.87538034792917	NA	NA	NA	NA	NA	NA	NA	NA	NA	NA	NA	NA	NA	NA	NA
27	Cardiac Hypertrophic Response WP2795	NA	NA	NA	NA	NA	NA	NA	NA	NA	NA	NA	NA	NA	NA	NA	1.36642764674065	NA	NA	NA	NA	NA	NA	NA	NA	NA	NA	NA	NA	NA	NA	NA
28	Cardiac Progenitor Differentiation WP2406	NA	NA	NA	1.6110239297131	NA	NA	NA	NA	NA	NA	NA	1.61197744978563	1.63301092900443	-1.62925560451831	NA	1.4678137967276	NA	1.62124288382204	-1.67008573768909	NA	NA	NA	NA	1.63538857860187	NA	NA	NA	-1.56937205560983	NA	NA	-1.5827020791437
29	Cell Cycle WP179	NA	NA	-1.82591656714967	NA	NA	NA	-1.385301858839	NA	NA	1.45739241901447	NA	1.59230386557244	NA	-1.92244557248271	NA	NA	NA	1.87720470189133	NA	1.53362133276202	NA	NA	NA	NA	-1.47815984614105	NA	-1.70226289555014	-1.45792310575739	NA	NA	-1.65050866680036
30	Cells and Molecules involved in local acute inflammatory response  WP4493	NA	NA	-1.71439016197824	NA	NA	1.69181486854238	-1.76914626833338	NA	1.83676421033326	NA	NA	NA	NA	-1.74072001777499	1.76902021252615	NA	-1.78709885533214	NA	NA	NA	NA	NA	1.66612966000401	NA	1.74749775153779	NA	NA	NA	1.6771442594182	-1.74219987458319	NA
31	Chemokine signaling pathway WP3929	-1.47126483120886	NA	-1.51482770740505	NA	1.8664251798077	2.07569045715146	-2.10776133190617	NA	1.96080250337842	NA	NA	1.85631141627136	NA	-1.8358938911619	2.10331688526576	1.99781622618819	-1.94070011014008	NA	-1.59754992491049	NA	NA	NA	1.70099364086836	NA	1.78140393797479	-1.48686140936307	-1.55897080247544	NA	1.84499740738045	-1.52961763282612	NA
32	Cholesterol Biosynthesis Pathway WP197	NA	NA	NA	NA	NA	NA	NA	NA	NA	NA	NA	-1.47876133308011	NA	NA	NA	-1.50990250790213	NA	NA	NA	NA	NA	NA	NA	NA	NA	NA	NA	NA	NA	NA	NA
33	Chromosomal and microsatellite instability in colorectal cancer  WP4216	NA	NA	NA	NA	NA	NA	-1.38309077127341	NA	NA	NA	NA	1.33312571898769	NA	NA	NA	1.55436921511585	NA	NA	NA	NA	NA	NA	NA	NA	NA	NA	NA	-1.5658883559844	NA	NA	NA
34	Ciliary landscape WP4352	NA	NA	NA	-1.81155565874914	-1.39613215417894	NA	NA	NA	NA	NA	NA	-1.29158910076073	NA	NA	NA	NA	NA	NA	NA	-1.35189339669227	NA	NA	NA	NA	NA	NA	NA	NA	NA	NA	NA
35	Circadian rhythm related genes WP3594	NA	NA	NA	NA	NA	NA	-1.43389831501159	NA	NA	NA	NA	1.20368901319276	NA	-1.29988484453134	NA	NA	NA	NA	NA	NA	NA	NA	NA	NA	NA	NA	NA	NA	NA	NA	NA
36	Common Pathways Underlying Drug Addiction WP2636	NA	NA	NA	NA	NA	NA	NA	NA	NA	NA	NA	NA	NA	NA	NA	-1.75753855770897	NA	-1.58865211114323	NA	NA	NA	NA	NA	NA	NA	NA	NA	NA	NA	NA	NA
37	Complement Activation WP545	NA	NA	NA	NA	NA	NA	-1.59722601032171	NA	NA	NA	NA	1.6739424576978	NA	NA	1.61249319386506	1.81922629807299	NA	NA	NA	NA	NA	NA	NA	NA	NA	-1.78008257950022	NA	NA	NA	NA	NA
38	Complement and Coagulation Cascades WP558	NA	NA	NA	NA	NA	1.47082278463936	-1.73833983715757	NA	NA	NA	NA	1.87766433074684	NA	-1.60054193575679	1.53758207131514	1.67547082686984	NA	NA	NA	NA	NA	NA	NA	NA	NA	-1.6417212191026	NA	NA	1.59716258869559	NA	NA
39	Constitutive Androstane Receptor Pathway WP2875	NA	NA	1.58742844853726	NA	NA	NA	NA	NA	NA	NA	NA	NA	NA	NA	NA	NA	NA	NA	NA	NA	NA	NA	NA	NA	NA	NA	NA	NA	NA	NA	NA
40	Copper homeostasis WP3286	NA	NA	NA	NA	NA	-1.41335364569309	NA	NA	NA	NA	NA	NA	NA	NA	NA	NA	NA	NA	NA	NA	NA	NA	NA	NA	NA	NA	NA	NA	NA	NA	NA
41	Corticotropin-releasing hormone signaling pathway WP2355	NA	NA	-1.75746792830586	1.69013337746149	NA	1.385572876496	-1.66042436103758	1.57240567578418	NA	1.60074799800162	1.53835076032449	1.64185384846697	NA	-1.70748016593696	NA	1.48214174854114	NA	NA	NA	1.65371412279392	NA	NA	NA	NA	NA	NA	NA	-1.44449604695193	1.4832028179318	NA	-1.61246008079265
42	Cytokines and Inflammatory Response WP530	NA	NA	-1.70687423354526	NA	NA	2.13665369210396	-2.07650082057919	NA	1.99658652963382	NA	NA	1.85266570619393	-1.71025352374843	-1.94559594669621	2.11281842180211	1.94281127661998	NA	NA	-1.58394163133886	1.64684576144946	1.97983126786529	NA	NA	NA	1.92277146132107	NA	-1.66577949951137	NA	NA	-1.7115271468277	NA
43	Cytoplasmic Ribosomal Proteins WP477	NA	NA	-2.30886410384466	NA	NA	-1.89634529964309	-1.50365185669945	2.03441392209387	1.86822523692476	NA	NA	NA	NA	-1.74767841846983	-1.29644688253706	-1.41592561741986	NA	NA	-1.85250282843739	NA	-1.74006153336305	-1.84766196075423	NA	NA	-1.73914902598007	NA	NA	-2.17706051902124	-2.22261134550831	NA	-1.64684140624255
44	Development and heterogeneity of the ILC family WP3893	NA	NA	NA	NA	1.98604624384594	2.05267596737439	-1.96719708925201	NA	1.85927119630396	NA	NA	1.82706150046835	NA	NA	1.93586768569298	NA	NA	NA	-1.5418086836473	NA	NA	NA	NA	NA	1.80357981212503	NA	NA	NA	NA	-1.83832929749245	NA
45	Differentiation of white and brown adipocyte    WP2895	NA	NA	NA	1.5585064935959	NA	NA	NA	NA	NA	1.69400144437834	NA	NA	NA	NA	NA	NA	NA	NA	NA	NA	NA	NA	NA	NA	NA	NA	NA	NA	NA	NA	NA
46	Differentiation Pathway WP2848	NA	NA	NA	NA	NA	1.48883442779014	-1.70385126483463	NA	1.44559301268005	NA	NA	1.6940376102123	NA	-1.54750592897157	1.53124114937212	1.82963512024878	NA	NA	NA	NA	NA	1.67999628579308	NA	1.86669359043297	NA	NA	NA	-1.73492711189986	NA	NA	-1.60876592998647
47	DNA Damage Response (only ATM dependent) WP710	NA	NA	NA	NA	NA	NA	-1.40831608981846	NA	NA	NA	NA	1.31222292803241	NA	NA	NA	1.47038033743284	NA	NA	NA	NA	NA	NA	NA	NA	NA	NA	NA	NA	NA	NA	NA
48	DNA Damage Response WP707	NA	NA	-1.65613594034668	NA	NA	NA	NA	NA	NA	NA	NA	NA	NA	-1.75602479576478	NA	NA	NA	1.61022649287813	NA	NA	NA	NA	NA	NA	NA	NA	NA	NA	NA	NA	NA
49	DNA IR-damage and cellular response via ATR WP4016	1.53588873554983	NA	NA	-1.86419859525615	NA	-1.44444774615218	NA	NA	NA	NA	NA	NA	NA	-1.61830380157844	NA	NA	NA	1.63978106923535	NA	NA	NA	NA	NA	NA	NA	NA	NA	NA	NA	NA	NA
50	DNA IR-Double Strand Breaks (DSBs) and cellular response via ATM WP3959	NA	NA	NA	-1.55193111208205	NA	NA	NA	NA	NA	NA	NA	NA	NA	NA	NA	NA	NA	NA	NA	NA	NA	NA	NA	NA	NA	NA	NA	NA	NA	NA	NA
51	DNA Replication WP466	NA	NA	-1.89223215856497	-1.54884400462334	-1.70498752537335	-1.6249218514773	NA	NA	NA	NA	NA	1.43451802797902	NA	-1.88212700447219	-1.50569427565193	NA	NA	1.85085520084434	NA	1.65880058213513	NA	NA	NA	NA	-1.8545801913374	NA	-1.70495150651848	NA	-1.84625233060898	NA	NA
52	Dopaminergic Neurogenesis WP2855	NA	NA	NA	1.63345911644358	NA	NA	NA	NA	NA	NA	NA	NA	NA	NA	NA	NA	NA	NA	NA	NA	NA	NA	NA	NA	NA	NA	NA	NA	NA	NA	NA
53	Ebola Virus Pathway on Host WP4217	NA	NA	NA	NA	1.83001051488439	1.48675489133362	-1.99419758104144	NA	1.60724813775388	NA	NA	2.1120297369896	NA	-1.63716077185175	1.88375101058841	2.36142013131342	-1.49984952825348	NA	NA	1.45614836597395	NA	NA	NA	NA	NA	NA	NA	NA	NA	NA	NA
54	EBV LMP1 signaling WP262	NA	NA	NA	NA	NA	1.81783926778083	-1.72744510128865	NA	NA	NA	NA	NA	NA	NA	1.68893145720392	1.65349875884252	NA	NA	NA	NA	NA	NA	NA	NA	1.62027787333904	NA	NA	NA	1.6270175228959	NA	NA
55	Ectoderm Differentiation WP2858	NA	NA	NA	NA	NA	NA	-1.35068943113742	NA	NA	NA	NA	1.59108773061648	NA	NA	NA	NA	NA	NA	NA	NA	NA	NA	NA	NA	NA	NA	NA	-1.58951813355787	NA	NA	NA
56	EGF/EGFR Signaling Pathway WP437	NA	NA	-1.39942949825492	NA	NA	1.53926815530644	-1.40719745769037	1.54007862482163	NA	1.40989858263995	NA	1.72279637846929	NA	-1.66894974273833	NA	1.92081249041605	NA	NA	NA	1.59790775038468	NA	NA	1.4546037055552	NA	NA	NA	NA	-1.72187844352024	NA	NA	NA
57	Eicosanoid Synthesis WP167	NA	NA	-1.91599814163089	NA	NA	NA	NA	NA	1.57936619921325	NA	NA	NA	NA	-1.72925061276112	NA	1.62474205205196	NA	1.62852827892437	NA	NA	NA	NA	NA	NA	NA	NA	NA	NA	NA	NA	NA
58	Electron Transport Chain (OXPHOS system in mitochondria) WP111	NA	NA	-1.81356899933789	-1.31086127737959	NA	NA	NA	NA	NA	NA	-1.91089357906919	NA	NA	NA	-1.33348781355304	-1.40914645000029	NA	NA	NA	NA	NA	-1.65777997704226	NA	NA	NA	NA	NA	NA	-1.75127702927811	NA	NA
59	Endochondral Ossification WP474	NA	NA	NA	1.73114886143195	NA	NA	-1.83436866922204	1.69371030567541	1.6186339139644	1.81091614336819	NA	1.79880145487981	NA	-1.67730538463727	NA	1.83662472625644	NA	1.64872309448114	NA	1.60341974521956	NA	1.82398831575718	NA	1.80156682316369	NA	NA	NA	-1.97242294878498	NA	NA	NA
60	Endoderm Differentiation WP2853	NA	NA	NA	NA	NA	NA	NA	NA	NA	NA	NA	1.48027015927919	NA	NA	NA	NA	NA	NA	NA	NA	NA	NA	NA	NA	NA	NA	NA	NA	NA	NA	NA
61	Endometrial cancer WP4155	NA	NA	NA	NA	NA	NA	NA	NA	NA	NA	NA	1.37350117982923	NA	NA	NA	NA	NA	NA	NA	NA	NA	NA	NA	NA	NA	NA	NA	-1.70003725889518	NA	NA	NA
62	Epithelial to mesenchymal transition in colorectal cancer WP4239	NA	NA	-1.40960061520002	1.47117955720728	NA	NA	NA	1.50023479820706	NA	1.74144612374972	NA	1.59135407168693	NA	-1.68038888439698	NA	1.84695827701042	NA	1.60928364581919	NA	NA	NA	1.38992022402824	NA	1.54722195329478	NA	-1.7680198887743	NA	-1.88507009668904	NA	NA	-1.53855034199298
63	EPO Receptor Signaling WP581	NA	NA	NA	NA	NA	1.69503297963176	-1.62208932039951	NA	1.60043857569647	NA	NA	1.49221613395212	NA	NA	1.60740004816976	NA	NA	NA	NA	NA	NA	NA	NA	NA	NA	NA	NA	NA	NA	NA	NA
64	ErbB Signaling Pathway WP673	NA	NA	NA	NA	NA	NA	NA	NA	NA	1.45104398378873	NA	NA	NA	NA	NA	1.32418325611573	NA	NA	NA	NA	NA	NA	NA	NA	NA	NA	NA	-1.50280020597409	NA	NA	NA
65	ESC Pluripotency Pathways WP3931	NA	NA	NA	1.50161254745222	NA	NA	NA	NA	NA	1.43327804280196	NA	1.28569404902411	NA	NA	NA	1.3553262882886	NA	NA	NA	NA	NA	NA	NA	1.74756983358905	NA	NA	NA	-1.6402855703803	NA	NA	NA
66	Estrogen metabolism WP697	1.80558693028862	NA	1.52668261858408	NA	NA	NA	NA	NA	-1.83181726114198	NA	NA	NA	NA	NA	-1.7009519735734	NA	NA	NA	NA	NA	NA	NA	NA	NA	NA	NA	NA	NA	NA	NA	NA
67	Estrogen signaling pathway WP712	NA	NA	NA	NA	NA	NA	NA	NA	NA	NA	NA	NA	NA	NA	NA	1.55261467682579	NA	NA	NA	NA	NA	NA	NA	NA	NA	NA	NA	NA	NA	NA	NA
68	Extracellular vesicles in the crosstalk of cardiac cells WP4300	NA	NA	NA	NA	NA	NA	-1.61273074724249	NA	1.73563124658524	NA	NA	1.5505664654995	NA	NA	1.63855106699994	1.93914303799096	NA	NA	-1.58200012980259	NA	NA	NA	NA	NA	1.64460025598877	NA	NA	NA	NA	NA	NA
69	Fas Ligand (FasL) pathway and Stress induction of Heat Shock Proteins (HSP) regulation WP314	NA	NA	-1.52037789730347	NA	NA	NA	-1.70955118477436	NA	NA	NA	NA	1.78240854959241	NA	-1.63545097761982	1.57760803617298	1.84749158060104	NA	NA	NA	1.51494594535405	1.8830793338055	NA	NA	NA	NA	NA	NA	NA	NA	NA	NA
70	Fatty Acid Omega Oxidation WP206	NA	NA	NA	NA	NA	NA	NA	NA	-1.71993700652677	NA	NA	-1.50231932101851	NA	NA	-1.70646111999858	NA	NA	NA	NA	NA	NA	NA	NA	NA	NA	NA	NA	NA	NA	NA	NA
71	Ferroptosis WP4313	NA	NA	NA	NA	NA	NA	NA	NA	NA	NA	NA	NA	NA	NA	NA	1.56238308107508	NA	NA	NA	NA	NA	NA	NA	NA	NA	NA	NA	NA	NA	NA	NA
72	Fibrin Complement Receptor 3 Signaling Pathway WP4136	NA	-1.91797897269151	-1.53201696239276	1.52739528907672	NA	2.11990117585622	-2.12414632221042	1.70898590798289	1.87337167193275	NA	NA	1.91831483663952	NA	-1.85383855703996	1.98898114141017	1.90418657658545	-1.95886119537035	NA	NA	1.9330719543811	NA	NA	1.65750755436911	NA	1.86867607166887	NA	NA	NA	1.59025190599741	-1.63213972546155	NA
73	Focal Adhesion WP306	NA	NA	-1.47041436110888	1.44553160358997	NA	NA	-1.42355771960211	1.44635481086504	NA	1.77304465374677	NA	1.73465028373007	NA	-1.64354899028582	1.3524839713579	1.88408382226027	NA	NA	-1.38571709372591	1.27835923897867	NA	NA	NA	1.60924975021191	NA	-1.51070701573772	NA	-1.89345168880877	NA	NA	-1.44791335322524
74	Focal Adhesion-PI3K-Akt-mTOR-signaling pathway WP3932	NA	NA	-1.5647800191249	1.57834443407488	NA	1.36846923340035	-1.4147007507184	1.66387991562522	1.44438421164406	1.64108706297716	NA	1.86188672904419	NA	-1.71262439586178	1.4732178622605	1.87515480848226	NA	1.5326928435051	-1.51257617075235	1.44223449267683	NA	1.39639372071381	1.45044618279343	1.83302619974552	NA	-1.5126799810871	NA	-1.85774408344031	NA	NA	-1.56586286390653
75	Folate Metabolism WP176	NA	NA	-1.61736398915377	1.477013621419	NA	1.77489468822125	-1.96285827881118	NA	1.95857477268398	NA	1.63058615414714	NA	NA	-1.75725331426172	1.6290910239079	1.52411806579859	-1.69888809105366	NA	NA	NA	NA	NA	1.62207207764354	NA	1.70252449246579	NA	NA	NA	NA	NA	NA
76	G1 to S cell cycle control WP45	NA	NA	-1.78056746053338	NA	NA	NA	NA	NA	NA	NA	NA	1.61460493056286	NA	-1.94779807797411	NA	NA	NA	1.64651650359095	NA	1.49597805299251	NA	NA	NA	NA	-1.54096118304645	NA	NA	NA	NA	NA	NA
77	G13 Signaling Pathway WP524	NA	NA	NA	NA	NA	NA	-1.49369915137922	NA	NA	NA	NA	NA	NA	NA	1.45310708713433	1.61255603224501	NA	NA	NA	NA	NA	NA	NA	NA	NA	NA	NA	NA	NA	NA	NA
78	Gastric Cancer Network 1 WP2361	NA	NA	-1.60326113626684	-1.79427004139408	NA	NA	NA	NA	1.53610010689178	NA	NA	NA	NA	-1.75590103274663	NA	NA	NA	NA	NA	NA	-1.67431835446067	NA	NA	NA	-1.78319694167205	NA	NA	NA	NA	NA	NA
79	Gastric Cancer Network 2 WP2363	NA	NA	-1.7451341957438	NA	NA	NA	NA	NA	NA	NA	NA	NA	NA	-1.50013790669	NA	NA	NA	NA	NA	NA	NA	NA	NA	NA	NA	NA	-1.56625012372713	NA	NA	NA	NA
80	Genes related to primary cilium development (based on CRISPR) WP4536	1.61394921692269	NA	2.04426722491993	-2.80529352645358	-2.20134987441658	NA	1.46384960039457	-2.12612074032327	-1.88268647093268	-1.90667819413467	1.81306996164353	-2.24005436167499	1.95803876569444	2.40849093440186	-1.66043434551757	-2.0857854798335	NA	-2.07515487840733	NA	-2.09708523277884	NA	-2.01041903566261	NA	-1.84310739899488	NA	NA	-1.62236911586638	2.30961848918911	NA	NA	1.76767057381936
81	Genotoxicity pathway WP4286	NA	NA	NA	NA	NA	NA	NA	NA	NA	NA	NA	1.37717666261371	NA	-1.51174044369096	NA	NA	NA	NA	NA	NA	NA	NA	NA	NA	NA	NA	NA	NA	NA	NA	NA
82	Glucuronidation WP698	NA	NA	NA	NA	NA	NA	NA	NA	NA	NA	NA	NA	NA	NA	-1.96270538844427	-1.43494068630752	NA	NA	NA	NA	NA	NA	NA	NA	NA	NA	NA	NA	NA	NA	NA
83	Glycogen Synthesis and Degradation WP500	NA	NA	NA	NA	NA	NA	NA	NA	NA	1.57565952586503	NA	NA	NA	NA	NA	1.67444789272728	NA	NA	NA	NA	NA	NA	NA	NA	NA	NA	NA	NA	NA	NA	NA
84	GPCRs, Class A Rhodopsin-like WP455	NA	NA	-1.51988417423115	1.84379946713083	1.71869477317459	1.94364420473682	-1.82859497116445	1.45213477754855	1.67802783866647	NA	1.65842872382275	1.79758224247398	-1.37565489255305	-2.06179175734175	1.68880510484415	NA	-1.36484761420415	NA	-1.87140317352335	1.36177938394803	NA	1.38227842492819	1.83456075819762	NA	1.87229011516128	-1.53233240841854	-1.55813657285731	NA	1.78195999153054	-1.74522887930974	NA
85	GPCRs, Class B Secretin-like WP334	NA	NA	NA	1.55475964655601	NA	NA	NA	NA	NA	NA	NA	NA	NA	NA	NA	NA	NA	NA	NA	NA	NA	NA	NA	NA	NA	NA	NA	NA	NA	NA	NA
86	GPCRs, Other WP117	NA	NA	NA	1.63126760988222	NA	1.6652688920675	-1.45559334510201	NA	1.41868837482665	NA	NA	1.66802061102027	NA	-1.76363302634144	1.57086038386898	NA	NA	NA	-1.70005680935604	NA	NA	NA	NA	NA	NA	-1.6416523029835	NA	NA	NA	NA	NA
87	Hair Follicle Development: Cytodifferentiation (Part 3 of 3) WP2840	NA	1.6680668044938	-2.20364715636266	1.97462056168042	NA	NA	-1.50403468465313	1.79195398284401	1.50091775096789	1.86490803340159	NA	1.90489699379774	NA	-2.16730870533154	NA	2.09044681725217	1.64050461039015	1.78880300002058	NA	2.07664111952231	NA	NA	NA	1.50140910658039	NA	-1.86437161167814	NA	-2.06403210195989	NA	NA	-1.86038409137677
88	Heart Development WP1591	NA	NA	NA	1.52924689375795	NA	NA	NA	NA	NA	NA	NA	1.49569524272134	NA	NA	NA	NA	NA	NA	1.57278577723672	NA	NA	NA	NA	NA	NA	NA	NA	-1.91214676922688	NA	NA	-1.71023831600367
89	Hematopoietic Stem Cell Differentiation WP2849	NA	NA	-1.80832904375448	1.57635704777873	NA	1.95641433865447	-1.89917860117307	NA	1.72651151234394	NA	1.59686080798241	NA	NA	-1.91812608601302	1.69772407634564	1.78694324074482	-1.72230023195463	NA	-1.74415093012408	NA	NA	NA	1.858556412745	NA	1.81434352375496	NA	NA	NA	1.56580020720374	NA	NA
90	Hepatitis C and Hepatocellular Carcinoma WP3646	NA	NA	-1.75426953868152	NA	NA	1.71790133424622	-1.68305410848688	1.69169112895589	1.48880654033484	NA	NA	1.51239190907563	NA	-1.70711563111848	NA	1.89794302635182	NA	NA	-1.45825690166946	1.76286630974337	NA	NA	NA	1.61042759721944	NA	NA	-1.62815099330036	NA	NA	NA	NA
91	Hippo-Merlin Signaling Dysregulation WP4541	NA	NA	-1.51163941537023	1.46405349290501	NA	NA	-1.59765049811843	1.52710691407942	NA	1.41683684393222	NA	1.78766359413705	NA	-1.78816838744961	1.37385840935156	1.65305160843424	NA	NA	NA	NA	NA	NA	NA	NA	NA	-1.6287699837827	NA	-1.59058463914657	NA	NA	-1.52728643164138
92	Hippo-Yap signaling pathway WP4537	NA	NA	NA	NA	NA	NA	NA	NA	NA	NA	NA	1.67074233768963	NA	NA	NA	1.95303633312999	NA	NA	NA	NA	NA	NA	NA	NA	NA	NA	NA	NA	NA	NA	NA
93	Human Complement System WP2806	NA	NA	-1.86667900801901	1.49985241446674	NA	1.99655512568857	-2.16607154521029	1.46668263052509	1.90306548342861	NA	1.57607727700858	1.93535211611629	NA	-2.00567666563274	1.91899162376122	1.96668211956363	-1.9413454505181	NA	-1.6471008458779	1.52502771275152	NA	1.72183241019307	1.82440582814848	NA	1.84067360441164	-1.8030671487198	-1.67311028740765	NA	1.7804139062217	-1.54292900958033	NA
94	Human Thyroid Stimulating Hormone (TSH) signaling pathway WP2032	NA	NA	NA	NA	NA	NA	NA	NA	NA	NA	NA	1.41274387145302	NA	NA	NA	NA	NA	NA	NA	NA	NA	NA	NA	NA	NA	NA	NA	NA	NA	NA	NA
95	Hypertrophy Model WP516	NA	NA	-1.71577225435581	NA	NA	1.77208596054724	-1.87952599639159	NA	1.53914910974767	NA	NA	1.62780787147528	NA	-1.54229383491847	1.55574024841653	1.72044884712423	-1.71378237689489	NA	NA	NA	NA	NA	NA	NA	1.6382641108065	NA	NA	NA	NA	NA	NA
96	Hypothesized Pathways in Pathogenesis of Cardiovascular Disease WP3668	NA	NA	NA	NA	NA	NA	NA	NA	NA	NA	NA	NA	NA	NA	NA	NA	NA	NA	-1.51383875351199	NA	NA	NA	NA	NA	NA	NA	NA	NA	NA	NA	NA
97	ID signaling pathway WP53	NA	NA	NA	NA	NA	NA	NA	NA	NA	NA	NA	1.55842746693855	NA	-1.6441693484666	NA	NA	NA	NA	NA	NA	NA	NA	NA	NA	NA	NA	NA	NA	NA	NA	NA
98	IL-1 signaling pathway WP195	NA	NA	NA	NA	NA	1.83731858711337	-1.65015888424982	1.79763421886753	1.71313922108179	NA	NA	1.6102606861567	NA	-1.68475422321517	1.55682344304491	1.94288583887183	-1.59767464757828	NA	NA	1.64014234345353	NA	NA	NA	NA	1.52675281575071	NA	NA	NA	NA	NA	NA
99	IL-2 Signaling Pathway WP49	NA	NA	-1.64073999505549	NA	1.94082573109875	1.70425087905828	-1.88881538126939	NA	1.61014547818203	NA	NA	1.70211667977996	NA	-1.69581340223874	1.75939604918791	1.64150210485583	NA	NA	NA	NA	NA	NA	NA	NA	NA	NA	NA	NA	NA	NA	NA
100	IL-3 Signaling Pathway WP286	NA	NA	NA	NA	NA	1.90724490860374	-1.70528242932392	NA	NA	NA	NA	NA	NA	-1.50673352653557	1.54426867659749	1.54215016291177	-1.71540718078674	NA	-1.59617085510577	NA	1.55739467584361	NA	1.64993391060466	NA	1.7401722763049	NA	NA	NA	1.53753536759629	-1.6992483955473	NA
101	IL-4 Signaling Pathway WP395	NA	NA	-1.71185863491785	NA	NA	1.76680591117701	-1.87396048328064	1.66457639644748	1.57669079204018	NA	NA	1.89772111819755	NA	-1.91933310142148	1.70413004471448	2.02778477009916	-1.61394904734076	NA	NA	1.67237292340894	NA	NA	1.63185806871812	NA	NA	NA	NA	NA	NA	NA	NA
102	IL-5 Signaling Pathway WP127	NA	NA	NA	NA	NA	1.47009205015844	-1.64653845606174	NA	NA	NA	NA	NA	NA	NA	NA	NA	NA	NA	NA	NA	NA	NA	NA	NA	NA	NA	NA	NA	NA	NA	NA
103	IL-6 signaling pathway WP364	NA	NA	NA	NA	1.75304371076908	1.76255488728795	-1.74198463088502	NA	1.45384100557707	NA	NA	1.62079693542024	NA	-1.59468050476433	1.66133498697573	1.93989376906472	-1.67656266661866	NA	NA	NA	NA	NA	NA	NA	1.50375372176166	NA	NA	NA	NA	NA	NA
104	IL-7 Signaling Pathway WP205	NA	NA	NA	NA	NA	1.55141910575762	-1.78768502874203	NA	1.52889074249261	NA	NA	1.75219658827327	NA	NA	1.69684754577346	1.76006126862386	NA	NA	NA	NA	NA	NA	NA	NA	NA	NA	NA	NA	NA	NA	NA
105	IL-9 Signaling Pathway WP22	NA	NA	NA	NA	NA	NA	NA	NA	NA	NA	NA	NA	NA	NA	NA	1.57621915814726	NA	NA	NA	NA	NA	NA	NA	NA	NA	NA	NA	NA	NA	NA	NA
106	IL1 and megakaryocytes in obesity WP2865	-1.74000973605547	-1.79528273940454	-1.77450398148281	1.76287330437727	NA	1.99507474033046	-1.90712041195224	NA	1.88208611284939	NA	1.74757664679751	1.82902820108906	NA	-1.74816969604061	1.81292325606894	1.80081067110171	-1.73743348437309	NA	-1.55674219168119	1.83667748010551	1.9782269190392	NA	1.85224635660539	NA	1.9080108605313	NA	NA	NA	1.74601012118961	-1.77230465551115	NA
107	IL17 signaling pathway WP2112	-1.76666656011217	NA	NA	NA	NA	1.49728619193699	NA	NA	1.47846957948284	NA	NA	NA	NA	NA	NA	NA	NA	NA	NA	NA	NA	NA	NA	NA	NA	NA	NA	NA	NA	NA	NA
108	Imatinib and Chronic Myeloid Leukemia WP3640	NA	NA	NA	NA	NA	NA	NA	NA	NA	NA	NA	NA	NA	-1.52696174274612	NA	NA	NA	NA	NA	NA	NA	NA	NA	NA	NA	NA	NA	NA	NA	NA	NA
109	Inflammatory Response Pathway WP453	NA	NA	NA	NA	NA	1.69754469615931	-1.81786090600766	NA	1.97067130907512	NA	NA	2.02909375078977	NA	-1.75935641335738	1.66811795041132	1.8173929213091	NA	NA	NA	NA	NA	NA	NA	NA	NA	NA	-1.65419042210215	NA	NA	NA	NA
110	Inhibition of exosome biogenesis and secretion by Manumycin A in CRPC cells WP4301	NA	NA	NA	NA	NA	NA	NA	NA	NA	NA	NA	NA	NA	NA	NA	1.66249125295784	NA	NA	NA	NA	NA	NA	NA	NA	NA	NA	NA	NA	NA	NA	NA
111	Initiation of transcription and translation elongation at the HIV-1 LTR WP3414	NA	NA	NA	NA	NA	NA	NA	NA	NA	NA	NA	NA	NA	NA	NA	1.59120001594018	NA	NA	NA	NA	NA	NA	NA	NA	NA	NA	NA	NA	NA	NA	NA
112	Insulin Signaling WP481	NA	NA	NA	NA	1.52916787717947	1.61577783951818	NA	1.47300210628912	NA	NA	NA	1.21185369996448	NA	-1.36609615425745	NA	1.47780195008958	NA	NA	NA	NA	NA	NA	NA	NA	NA	NA	NA	NA	NA	NA	NA
113	Integrated Breast Cancer Pathway WP1984	NA	NA	-1.42243460841623	NA	NA	NA	-1.33631078608631	NA	NA	NA	NA	1.56405675352286	NA	-1.5200865519859	NA	1.32167318040631	NA	NA	NA	NA	NA	NA	NA	NA	NA	NA	NA	NA	NA	NA	NA
114	Integrated Cancer Pathway WP1971	NA	NA	-1.46008865480675	NA	NA	NA	NA	NA	NA	NA	NA	NA	NA	-1.67329159631315	NA	NA	NA	NA	NA	NA	NA	NA	NA	NA	NA	NA	NA	NA	NA	NA	NA
115	Integrin-mediated Cell Adhesion WP185	NA	NA	NA	NA	NA	NA	NA	NA	NA	NA	NA	1.33795854030951	NA	-1.55521760064743	1.40844295289898	1.57395410924439	NA	NA	NA	NA	NA	NA	NA	NA	NA	NA	NA	-1.48288319003127	NA	NA	NA
116	Interferon type I signaling pathways WP585	NA	NA	NA	NA	1.75678412277345	1.54244893968496	-1.72600289378609	NA	1.67023757608259	NA	NA	1.7509526272408	NA	-1.74854422346516	1.66187251662435	1.92724536188282	NA	NA	NA	NA	NA	NA	NA	NA	NA	NA	NA	NA	NA	NA	NA
117	Interleukin-11 Signaling Pathway WP2332	NA	NA	NA	NA	NA	NA	-1.47990302624694	NA	NA	NA	NA	1.70707671494688	NA	-1.55907646000612	1.48074766898025	1.85107846125938	NA	NA	NA	NA	NA	NA	NA	NA	NA	NA	NA	NA	NA	NA	NA
118	Intraflagellar transport proteins binding to dynein WP4532	NA	NA	NA	-1.99701389479253	-1.69043308676141	NA	NA	-1.63740879453911	NA	NA	NA	-1.95754302291412	NA	1.95092810320346	NA	-1.79554408471521	NA	NA	NA	-1.76724804963474	NA	NA	NA	NA	NA	NA	NA	1.90582605971195	NA	NA	1.73968509892994
119	Kit receptor signaling pathway WP304	NA	NA	NA	NA	1.62755937193546	1.54776561732199	-1.54785405941174	NA	1.55939627248677	NA	NA	1.71951910932088	NA	-1.60362271743243	1.42224101723735	1.95583089389787	-1.51152625649355	NA	NA	1.59491624157154	NA	NA	NA	NA	NA	NA	NA	-1.59206315515436	NA	NA	NA
120	Leptin Insulin Overlap WP3935	NA	NA	NA	NA	NA	1.75667541165402	-1.5479160101868	NA	NA	NA	NA	NA	NA	NA	1.55609271741414	1.54860228847697	-1.73969148816914	NA	NA	NA	NA	NA	NA	NA	NA	NA	NA	NA	NA	NA	NA
121	Leptin signaling pathway WP2034	NA	NA	NA	NA	NA	1.69263268745345	-1.59689872073814	1.7739021509482	NA	NA	NA	1.70993384067435	NA	-1.63982424738397	NA	1.92712839581957	NA	NA	NA	1.72884863727253	NA	NA	NA	NA	NA	NA	NA	-1.47062020684261	NA	NA	NA
122	LncRNA involvement in canonical Wnt signaling and colorectal cancer WP4258	NA	NA	NA	NA	NA	NA	NA	NA	NA	1.45464553628357	NA	1.37840454689738	NA	-1.61544396936345	NA	1.49276672891389	NA	1.62777081110529	NA	NA	NA	NA	NA	NA	NA	NA	NA	-1.87962129094838	NA	NA	NA
123	Lung fibrosis WP3624	NA	-1.67747345615001	-1.91088811742031	1.54933422773127	NA	2.05928370786394	-2.20864299046844	NA	1.97503407947937	NA	1.76267496984087	2.11575368649112	NA	-2.0355618211844	1.95424834714433	2.24188129204955	NA	NA	-1.86623995375688	2.02804100704516	NA	NA	1.8220223005839	1.75763328396505	2.02168631516211	NA	-1.67067294030835	-1.63201467968535	1.72477913990287	-1.65810659050341	-1.60727228743921
124	Mammary gland development pathway - Embryonic development (Stage 1 of 4) WP2813	NA	NA	NA	NA	NA	NA	-1.54153423878451	NA	1.53767141238397	NA	NA	NA	NA	-1.60187672356687	NA	NA	NA	NA	NA	NA	NA	NA	NA	NA	NA	NA	NA	NA	NA	NA	NA
125	Mammary gland development pathway - Pregnancy and lactation (Stage 3 of 4) WP2817	NA	NA	NA	NA	NA	NA	NA	NA	NA	NA	NA	1.46731349085101	NA	NA	NA	NA	NA	1.67672993507117	NA	NA	NA	NA	NA	NA	NA	NA	NA	NA	NA	NA	NA
126	MAPK Cascade WP422	NA	NA	NA	NA	NA	NA	NA	NA	NA	NA	NA	NA	NA	NA	NA	1.7074120404622	NA	NA	NA	NA	NA	NA	NA	NA	NA	NA	NA	NA	NA	NA	NA
127	MAPK Signaling Pathway WP382	NA	NA	-1.56016796468312	1.51577139619867	NA	1.43932078601556	-1.50286582867375	1.48197405711791	NA	NA	NA	1.44669575814438	NA	-1.54208523399079	1.3167669805428	1.54422712322523	NA	NA	NA	NA	NA	NA	1.4353277453619	1.41725862005742	1.32021428014194	NA	NA	-1.5106187167805	NA	NA	-1.4090807730384
128	Matrix Metalloproteinases WP129	NA	NA	NA	NA	NA	NA	-1.5408844273986	NA	NA	1.70614949135397	NA	1.56121950419033	NA	NA	NA	1.76568109777582	NA	NA	NA	NA	NA	1.68854274621268	NA	NA	1.67830730322424	NA	NA	NA	NA	NA	NA
129	Mechanoregulation and pathology of YAP/TAZ via Hippo and non-Hippo mechanisms WP4534	NA	NA	NA	NA	NA	NA	NA	NA	NA	NA	NA	NA	NA	NA	NA	1.63449003320759	NA	NA	NA	NA	NA	NA	NA	NA	NA	NA	NA	NA	NA	NA	NA
130	MECP2 and Associated Rett Syndrome WP3584	NA	NA	NA	NA	NA	NA	NA	NA	NA	1.64981634536495	NA	NA	NA	NA	NA	NA	NA	NA	NA	NA	NA	NA	NA	NA	NA	NA	NA	NA	NA	NA	NA
131	Mesodermal Commitment Pathway WP2857	NA	NA	NA	NA	NA	NA	NA	NA	NA	NA	NA	1.61496706623715	NA	NA	NA	NA	NA	NA	NA	NA	NA	NA	NA	1.73430048254399	NA	NA	NA	-1.54819667628249	NA	NA	NA
132	MET in type 1 papillary renal cell carcinoma WP4205	NA	NA	NA	NA	NA	NA	NA	NA	NA	NA	NA	1.55693724450096	NA	NA	NA	1.57548320837448	NA	NA	NA	1.43376740998824	NA	NA	NA	NA	NA	NA	NA	NA	NA	NA	NA
133	Metabolic reprogramming in colon cancer WP4290	NA	NA	-1.56114968690538	NA	NA	NA	NA	NA	NA	NA	NA	NA	NA	-1.54425650946028	NA	NA	NA	NA	NA	NA	NA	NA	NA	NA	NA	NA	NA	NA	NA	NA	NA
134	Metapathway biotransformation Phase I and II WP702	NA	NA	NA	NA	NA	-1.46608347362737	1.45274012668271	NA	-1.25593414949468	NA	NA	NA	NA	NA	-1.7122257726377	NA	NA	NA	NA	NA	NA	NA	NA	NA	NA	NA	NA	NA	NA	NA	NA
135	Microglia Pathogen Phagocytosis Pathway WP3937	NA	-1.81586785708695	-1.73173191838923	1.55949713951626	2.04424067531792	1.64967749453494	-1.71687441247317	NA	1.8967050645343	NA	NA	1.96627092355068	-1.77311259811851	-1.97313527320684	1.81785961420614	2.19924969200237	NA	NA	-1.59832463182159	1.85982150493858	1.86896676734606	NA	1.7963999145402	NA	1.70402313445133	NA	NA	-1.57352222554996	1.84486190803488	-1.68641774131597	NA
136	miR-509-3p alteration of YAP1/ECM axis WP3967	NA	NA	-1.64799241947744	1.70170574513585	NA	NA	NA	1.76262642839818	NA	1.85101901326179	NA	1.79665844217186	NA	-1.81094142394744	NA	2.09612105183792	NA	1.79071298922482	NA	1.68381440422558	-1.66679526935254	NA	NA	1.81771130012854	-1.90412704142933	-1.83920957628534	NA	-1.88900500664597	NA	NA	NA
137	miRNA Regulation of DNA Damage Response WP1530	NA	NA	-1.44337085501304	NA	NA	NA	NA	NA	NA	NA	NA	NA	NA	-1.75114268458081	NA	NA	NA	NA	NA	NA	NA	NA	NA	NA	NA	NA	NA	NA	NA	NA	NA
138	miRNA regulation of prostate cancer signaling pathways WP3981	NA	NA	NA	NA	NA	NA	NA	NA	NA	NA	NA	1.49379734351166	NA	NA	NA	NA	NA	NA	NA	NA	NA	NA	NA	NA	NA	NA	NA	NA	NA	NA	NA
139	miRNA targets in ECM and membrane receptors WP2911	NA	NA	-1.68812368576982	1.71090451799015	NA	NA	NA	1.82188700702674	NA	1.95254629336168	NA	1.90865759508029	1.92117266598763	-1.94885654499884	NA	2.15618074083582	NA	NA	NA	NA	NA	NA	NA	1.90321632107707	NA	-1.8089971954388	-1.58220200266125	-1.96686314637848	NA	NA	NA
140	miRNAs involvement in the immune response in sepsis WP4329	NA	-1.98447507912668	-1.85579939155377	1.56161627098451	NA	2.35163768078206	-2.28300459732655	1.86454338709127	2.13733149877471	NA	NA	1.98421477802326	-1.90372420722354	-1.96720577510459	2.05311716763698	2.24474337788577	-2.02034496721175	NA	-1.82907521134886	1.89102971534435	1.96322028137016	NA	1.7978050737701	NA	1.96688299508033	NA	NA	NA	1.8304466727189	-1.84069779000302	NA
141	miRs in Muscle Cell Differentiation WP2012	NA	NA	NA	NA	NA	NA	NA	NA	NA	NA	NA	1.52742717549513	NA	NA	NA	NA	NA	NA	NA	NA	NA	NA	NA	NA	NA	NA	NA	NA	NA	NA	NA
142	Mitochondrial complex I assembly model OXPHOS system WP4324	NA	NA	-1.60278371514267	-1.55003054607363	NA	NA	NA	NA	NA	NA	-1.63577734128329	NA	NA	NA	NA	NA	NA	NA	NA	NA	NA	NA	NA	NA	NA	NA	NA	NA	-1.65642264018036	NA	NA
143	Monoamine Transport WP727	NA	NA	-1.53747525752233	1.56351568283641	NA	NA	-1.73221787244569	NA	1.61526543864244	NA	NA	NA	NA	-1.58249340578246	1.74556691913902	NA	NA	NA	-1.6575376370148	NA	NA	NA	NA	NA	1.51109920588749	NA	NA	NA	1.54364664547982	NA	NA
144	mRNA Processing WP411	NA	NA	-1.87386020898857	-1.71580292490553	NA	NA	-1.38606868126866	NA	1.39661382265318	NA	NA	1.40225536680977	NA	-1.4742069286044	1.47136456067453	NA	NA	NA	NA	NA	NA	NA	NA	NA	NA	NA	NA	NA	NA	NA	NA
145	MTHFR deficiency WP4288	NA	NA	NA	NA	NA	NA	NA	NA	NA	NA	NA	NA	NA	NA	NA	NA	NA	NA	1.550306284166	NA	NA	NA	NA	NA	NA	NA	NA	NA	NA	NA	NA
146	Myometrial Relaxation and Contraction Pathways WP289	NA	NA	-1.458205635468	1.50130920780777	NA	1.36866373482713	-1.5257953594896	NA	1.36345341731067	1.43339902561473	NA	1.22791871207494	NA	-1.57556445442669	NA	1.28392920898573	NA	NA	-1.62183393991048	NA	NA	NA	NA	NA	1.42568761697322	-1.4484236311998	NA	NA	NA	NA	NA
147	Nanomaterial induced apoptosis WP2507	NA	NA	NA	NA	NA	NA	-1.57278442909678	NA	NA	NA	NA	NA	NA	NA	NA	1.49120137027121	NA	NA	NA	NA	NA	NA	NA	NA	NA	NA	NA	NA	NA	NA	NA
148	Nanoparticle-mediated activation of receptor signaling WP2643	NA	NA	NA	NA	NA	NA	NA	NA	NA	NA	NA	NA	NA	NA	NA	1.65291213537058	NA	NA	NA	NA	NA	NA	NA	NA	NA	NA	NA	NA	NA	NA	NA
149	ncRNAs involved in Wnt signaling in hepatocellular carcinoma WP4336	NA	NA	NA	NA	NA	NA	NA	NA	NA	1.55227227768275	NA	1.4755233170606	NA	-1.68821049230328	NA	1.60388552962903	NA	1.74148778149419	NA	NA	NA	NA	NA	NA	NA	NA	NA	-1.93684921141205	NA	NA	NA
150	Neovascularisation processes WP4331	NA	NA	NA	NA	NA	1.66718540137718	NA	NA	NA	NA	NA	1.62804138089076	NA	NA	NA	1.83412724737413	NA	NA	NA	NA	NA	NA	NA	NA	NA	NA	NA	NA	NA	NA	NA
151	Neural Crest Differentiation WP2064	NA	NA	NA	1.61118110723137	NA	NA	NA	NA	NA	1.5660240328884	NA	1.29549482648149	NA	-1.44854423809109	NA	NA	NA	NA	NA	NA	NA	NA	NA	1.7128137052167	NA	NA	NA	-1.89711535107793	NA	NA	NA
152	NO/cGMP/PKG mediated Neuroprotection WP4008	NA	NA	NA	1.56188184204368	NA	1.54515623256556	NA	NA	1.58393218061702	NA	NA	NA	NA	-1.42989084268916	NA	NA	NA	NA	NA	NA	NA	NA	NA	NA	1.54952741146142	NA	NA	NA	NA	NA	NA
153	Non-genomic actions of 1,25 dihydroxyvitamin D3 WP4341	NA	NA	NA	1.49189803177683	NA	2.0766918158014	-2.06540568507104	NA	1.84383705748971	NA	NA	1.90129375876728	NA	-1.73005351210792	1.98267414610514	2.0582019972119	NA	NA	NA	1.41777598279782	NA	NA	1.60248677948539	NA	1.7200078416196	NA	NA	NA	NA	NA	NA
154	Non-small cell lung cancer WP4255	NA	NA	NA	NA	NA	NA	NA	NA	NA	NA	NA	1.35974642358014	NA	NA	NA	NA	NA	NA	NA	NA	NA	NA	NA	NA	NA	NA	NA	NA	NA	NA	NA
155	Nonalcoholic fatty liver disease WP4396	NA	NA	-1.92047163208745	NA	NA	1.74238089901816	-1.69115563744118	1.82529037534441	NA	NA	NA	1.49938155467079	NA	-1.55616758647894	1.5109062487946	1.80543274607687	NA	NA	NA	1.60466811873916	NA	NA	NA	NA	1.58700065535987	NA	NA	NA	NA	NA	NA
156	Notch Signaling WP268	NA	NA	NA	NA	NA	NA	NA	NA	NA	NA	NA	NA	NA	NA	NA	NA	NA	NA	NA	NA	NA	NA	NA	NA	NA	NA	NA	-1.56826795492239	NA	NA	NA
157	NOTCH1 regulation of human endothelial cell calcification WP3413	NA	NA	NA	NA	NA	NA	NA	NA	NA	NA	NA	NA	NA	-1.55705506152782	NA	NA	NA	NA	NA	NA	NA	NA	NA	NA	NA	NA	NA	NA	NA	NA	NA
158	NRF2 pathway WP2884	NA	NA	NA	NA	NA	NA	NA	NA	NA	NA	NA	NA	NA	-1.31134641163029	NA	NA	NA	NA	NA	NA	NA	NA	NA	NA	NA	NA	NA	NA	NA	NA	NA
159	Nuclear Receptors Meta-Pathway WP2882	NA	NA	-1.25613547595495	1.31864409459977	NA	1.46721579095645	-1.54581632518564	NA	NA	1.29466502210711	NA	NA	NA	-1.52357465469275	NA	1.18865920888324	NA	NA	NA	NA	NA	1.40407008932164	NA	NA	1.50601159332129	NA	NA	NA	NA	NA	NA
160	Nucleotide Metabolism WP404	NA	NA	-1.58285263576139	NA	NA	NA	NA	NA	NA	NA	NA	NA	NA	NA	NA	NA	NA	NA	NA	NA	NA	NA	NA	NA	NA	NA	NA	NA	NA	NA	NA
161	Nucleotide-binding Oligomerization Domain (NOD) pathway WP1433	NA	NA	-2.05877844541172	1.51447252906184	NA	1.84650708204172	-1.94050272137043	NA	1.98793900383496	NA	NA	1.70804702020285	NA	-1.91225805269007	1.8192841120588	1.96599578606695	-1.70213474917901	NA	-1.53733526999163	1.55064202201048	1.57006896253489	NA	1.97674149963622	NA	1.86921713366117	NA	NA	NA	1.80089381559061	NA	NA
162	Oligodendrocyte Specification and differentiation(including remyelination), leading to Myelin Components for CNS WP4304	NA	NA	NA	NA	NA	1.71502815215761	-1.78169226466666	NA	1.65590609045931	NA	NA	NA	NA	NA	NA	NA	-1.70902089577061	NA	-1.66742637085027	NA	NA	NA	NA	NA	NA	NA	NA	NA	NA	-1.60528318641489	NA
163	Oncostatin M Signaling Pathway WP2374	NA	NA	-1.62524343612327	NA	NA	1.75646036803481	-2.02900836463784	NA	NA	1.59205732042684	NA	1.84335572022448	NA	-1.88262541804925	1.59939620357601	2.12619700638553	-1.7549111151686	NA	-1.57704328068481	1.6583803672194	NA	1.64275584005705	NA	NA	1.58777587408843	NA	NA	-1.45257774056052	NA	-1.6717853133764	NA
164	One carbon metabolism and related pathways WP3940	NA	NA	NA	NA	NA	NA	NA	NA	-1.43309803215195	NA	NA	NA	NA	NA	NA	NA	NA	NA	NA	NA	NA	NA	NA	NA	NA	NA	NA	NA	NA	NA	NA
165	Osteoclast Signaling WP12	NA	NA	NA	NA	NA	NA	NA	NA	NA	NA	NA	1.69408477236612	NA	NA	1.59135028023743	1.77683510186034	NA	NA	NA	NA	NA	NA	NA	NA	NA	NA	NA	NA	NA	NA	NA
166	Overview of nanoparticle effects WP3287	NA	NA	-1.7166784935776	1.61130868297974	NA	1.86172245855566	-1.81733170957126	NA	1.76363416798103	NA	NA	1.69289689714806	NA	-1.85213478437016	1.69778530028935	2.17950012590865	-1.72920074175836	NA	-1.63406604493363	NA	NA	NA	NA	NA	NA	NA	NA	NA	NA	NA	NA
167	Oxidation by Cytochrome P450 WP43	NA	NA	1.4498298097544	NA	NA	NA	1.44107266710991	NA	-1.46272431539784	NA	NA	-1.3833385146854	NA	NA	-1.61299571855122	NA	NA	NA	NA	NA	NA	NA	NA	NA	NA	NA	NA	NA	NA	NA	NA
168	Oxidative Damage WP3941	NA	NA	NA	NA	NA	1.62091834679461	-1.84832735026173	NA	1.5949217497958	NA	NA	1.82858794738445	NA	NA	1.70430723223664	2.01578896574898	NA	NA	NA	NA	NA	NA	NA	NA	NA	NA	NA	NA	NA	NA	NA
169	Oxidative phosphorylation WP623	NA	NA	-1.8562830603166	-1.50329632476417	NA	NA	NA	NA	NA	NA	-1.9626731460671	NA	NA	NA	NA	NA	NA	NA	NA	NA	NA	NA	NA	NA	NA	NA	NA	NA	NA	NA	NA
170	Oxidative Stress WP408	NA	-1.65322644938178	NA	NA	NA	NA	NA	NA	NA	NA	NA	NA	NA	NA	NA	NA	NA	NA	NA	NA	NA	NA	NA	NA	NA	NA	NA	NA	NA	NA	NA
171	p38 MAPK Signaling Pathway WP400	NA	NA	NA	NA	NA	NA	NA	NA	NA	NA	NA	1.64070161287158	NA	NA	NA	1.605632161384	NA	NA	NA	1.56476905053639	NA	NA	NA	NA	NA	NA	NA	NA	NA	NA	NA
172	Pancreatic adenocarcinoma pathway WP4263	NA	NA	NA	NA	NA	NA	NA	NA	NA	NA	NA	1.56163888605673	NA	-1.45412846763597	NA	1.81747935031791	NA	NA	NA	1.47861093454616	NA	NA	NA	NA	NA	NA	NA	-1.55227691660386	NA	NA	NA
173	Parkin-Ubiquitin Proteasomal System pathway WP2359	NA	NA	-1.49200258421375	NA	NA	NA	NA	NA	NA	NA	NA	NA	NA	NA	NA	NA	NA	NA	NA	NA	NA	NA	NA	NA	NA	NA	NA	NA	NA	NA	NA
174	Pathogenic Escherichia coli infection WP2272	NA	NA	-1.65474118423549	NA	NA	NA	-1.59222206573723	NA	NA	NA	NA	NA	NA	NA	NA	NA	NA	NA	NA	NA	NA	NA	NA	NA	NA	NA	NA	NA	NA	NA	NA
175	Pathways in clear cell renal cell carcinoma WP4018	NA	NA	NA	NA	NA	NA	NA	NA	NA	NA	NA	NA	NA	NA	NA	1.52167171289181	NA	NA	NA	NA	NA	NA	NA	NA	NA	NA	NA	NA	NA	NA	NA
176	Pathways Regulating Hippo Signaling WP4540	NA	NA	NA	NA	NA	NA	NA	1.55835740969183	NA	NA	NA	1.55317736190831	NA	-1.46441424612245	NA	NA	NA	NA	NA	NA	NA	NA	NA	NA	NA	NA	NA	-1.61778964467653	NA	NA	NA
177	PDGF Pathway WP2526	NA	NA	NA	NA	NA	1.57279867511431	-1.62308883528092	NA	NA	NA	NA	1.68308524158475	NA	-1.56110151555648	NA	1.8457140655616	NA	NA	NA	1.7021290100044	NA	NA	NA	NA	NA	NA	NA	-1.58952022388423	NA	NA	NA
178	PDGFR-beta pathway WP3972	NA	NA	NA	NA	NA	1.60417413489813	-1.57108630077988	NA	NA	NA	NA	1.65103036369081	NA	NA	NA	1.72182039557303	NA	NA	NA	1.61088655115421	NA	NA	NA	NA	NA	NA	NA	NA	NA	NA	NA
179	Peptide GPCRs WP24	NA	NA	-1.78510642866888	1.92640906262586	1.58904356488254	2.15221879620838	-1.89064309742654	NA	1.7792179217495	NA	1.73262234500246	1.67283310988848	NA	-1.68548607039821	1.70656062323008	NA	NA	NA	-1.78738841810063	NA	NA	NA	1.76566010119385	NA	2.1065751082648	-1.83391606167635	-1.7212421703288	NA	1.68987058005039	-1.75231608042633	NA
180	Photodynamic therapy-induced AP-1 survival signaling. WP3611	NA	NA	-1.80329410040056	NA	NA	1.5893114644036	-1.8350627008602	NA	1.56678465533701	NA	NA	1.66199555032015	NA	-1.72709015782611	1.53479665718441	1.88048970326838	NA	NA	NA	1.49527399846297	NA	NA	NA	NA	NA	NA	NA	NA	NA	NA	NA
181	Photodynamic therapy-induced HIF-1 survival signaling WP3614	NA	NA	-1.85853340272069	NA	NA	1.7464462992931	-1.87368148468229	NA	1.47809985536492	NA	NA	1.55592546015505	NA	-1.84461258384318	1.64984470958678	1.78447826400354	NA	NA	NA	NA	NA	NA	NA	NA	1.55422219045438	NA	NA	NA	NA	NA	NA
182	Photodynamic therapy-induced NF-kB survival signaling WP3617	-1.56159021688322	-2.02847412918578	-2.03498309410875	1.61998633778548	NA	2.12740666380332	-2.1685692600227	2.05648505167535	1.97576609897859	NA	1.66374150311455	1.79404818680193	NA	-2.15722675271852	1.72731559923998	2.1312690369889	-1.76655839618389	NA	-1.69056087092007	2.05794250072414	1.90251222262476	1.82913955101736	1.70463358631993	1.7712893148632	2.0085110846605	NA	-1.67475036802504	NA	1.79497491188632	-1.82283673398525	NA
183	Photodynamic therapy-induced unfolded protein response WP3613	NA	NA	NA	NA	NA	NA	NA	NA	NA	NA	NA	NA	NA	NA	NA	NA	-1.66517757170851	NA	NA	NA	NA	NA	NA	NA	NA	NA	NA	NA	NA	NA	NA
184	PI3K-Akt Signaling Pathway WP4172	NA	NA	-1.53055398700187	1.58416046013217	NA	1.31896589026536	-1.52271344462629	1.60865915615205	1.34772808825788	1.55269441373152	NA	1.8461036753765	NA	-1.71473060682063	1.51725873902859	1.77211459898673	NA	NA	-1.44953408768673	1.41443649846398	NA	NA	1.45979132960238	1.72526745889429	NA	-1.46261039518391	-1.40057245681557	-1.69153445475557	NA	NA	-1.50940629989831
185	PI3K/AKT/mTOR - VitD3 Signalling WP4141	NA	NA	NA	NA	NA	1.89420852267004	-1.81543774158684	NA	1.66284728803905	NA	NA	1.66689832495477	NA	-1.60419884268413	1.67681185642708	1.91772600084024	NA	NA	NA	NA	NA	NA	NA	NA	1.74377718984859	NA	NA	NA	NA	NA	NA
186	Platelet-mediated interactions with vascular and circulating cells WP4462	NA	NA	NA	NA	NA	1.77695446286964	-1.91664832565131	NA	1.71980941268655	NA	NA	1.70454206024694	NA	-1.88076909793195	1.68424549170855	1.68078593025534	NA	NA	NA	NA	NA	NA	NA	NA	1.5781136906639	NA	NA	NA	1.59635508149673	NA	NA
187	Pregnane X Receptor pathway WP2876	NA	NA	1.57527209361842	NA	NA	NA	NA	NA	NA	NA	NA	NA	NA	NA	NA	NA	NA	NA	NA	NA	NA	NA	NA	NA	NA	NA	NA	NA	NA	NA	NA
188	Preimplantation Embryo WP3527	NA	NA	-1.60404741045176	1.88588998756509	NA	1.50654559596192	-1.74399356202678	NA	1.58808598099444	NA	NA	NA	NA	-1.75403570765281	NA	1.63905198736266	NA	NA	NA	NA	NA	1.88007837075272	NA	NA	1.60729467679384	NA	NA	-1.84541469224126	NA	NA	-1.66978585842437
189	Primary Focal Segmental Glomerulosclerosis FSGS WP2572	NA	NA	NA	1.49125325328765	NA	1.43876424406544	-1.53052881089483	NA	NA	NA	NA	1.53040859354247	NA	-1.63353200846384	1.64659796156867	1.55792432287676	NA	NA	NA	1.47996370841652	NA	NA	NA	NA	NA	NA	NA	-1.67725133675176	NA	NA	NA
190	Prion disease pathway WP3995	NA	NA	NA	NA	NA	1.5490149706719	-1.82105852443101	NA	1.53245576813248	NA	NA	1.90218094913444	NA	-1.57382628547712	1.79223203815539	1.69131211613577	-1.64069617590989	NA	NA	NA	NA	NA	NA	NA	NA	NA	NA	NA	NA	NA	NA
191	Prolactin Signaling Pathway WP2037	NA	NA	-1.54422794526412	NA	1.63378070905756	1.89317671385456	-1.88752395978081	NA	1.63045132179254	NA	NA	1.93973304948292	NA	-1.77625785571569	1.78624748760289	2.12006363517045	-1.62932984573766	NA	NA	1.51515213448183	NA	NA	NA	NA	NA	NA	NA	NA	NA	NA	NA
192	Prostaglandin Synthesis and Regulation WP98	NA	NA	NA	NA	NA	NA	-1.4692400467799	NA	NA	NA	NA	NA	NA	NA	NA	1.45704576342156	NA	NA	NA	NA	NA	NA	NA	NA	NA	NA	NA	NA	NA	NA	NA
193	Proteasome Degradation WP183	NA	NA	NA	NA	NA	1.6419396004655	-1.8792601492093	NA	NA	NA	NA	1.81386125036649	-1.76447818193742	-1.53283365504162	1.7489353911265	1.77812240439756	NA	NA	NA	1.4519741491466	NA	NA	NA	NA	NA	NA	NA	NA	NA	NA	NA
194	Pyrimidine metabolism WP4022	NA	NA	NA	NA	NA	NA	NA	NA	NA	NA	NA	NA	NA	-1.3919652191974	NA	NA	NA	NA	NA	NA	NA	NA	NA	NA	NA	NA	NA	NA	NA	NA	NA
195	RAC1/PAK1/p38/MMP2 Pathway WP3303	NA	NA	-1.65833632543695	NA	NA	NA	NA	1.5511624191248	NA	NA	NA	1.81700989565603	NA	-1.72041465876007	NA	1.61580008038226	NA	NA	NA	1.88667797451991	NA	NA	NA	NA	NA	NA	NA	-1.80024701411514	NA	NA	NA
196	RANKL/RANK (Receptor activator of NFKB (ligand)) Signaling Pathway WP2018	NA	NA	NA	NA	1.85463417947214	1.50415530975207	-1.66352086329894	NA	1.54557857833163	NA	NA	1.66507673869365	NA	-1.60970658437842	1.5120351135036	2.02387055732238	NA	NA	NA	1.58023644978082	NA	NA	NA	NA	NA	NA	NA	NA	NA	NA	NA
197	Ras Signaling WP4223	NA	NA	-1.46987868391575	1.51321768706395	NA	NA	NA	1.48035362279826	NA	1.31946696367617	NA	1.49565473188279	NA	-1.46374894891023	1.32678399530251	1.72112303032994	NA	NA	NA	NA	NA	NA	NA	NA	NA	-1.54666228931247	NA	-1.43339633987011	1.4045841779004	NA	-1.4719643509065
198	Regulation of Actin Cytoskeleton WP51	NA	NA	NA	NA	NA	NA	NA	NA	NA	NA	NA	1.25464266929581	NA	NA	NA	1.28046797860543	NA	NA	NA	NA	NA	NA	NA	1.43827075569487	NA	NA	NA	-1.54704223238903	NA	NA	NA
199	Regulation of Apoptosis by Parathyroid Hormone-related Protein WP3872	NA	NA	-1.54323272866985	NA	NA	NA	-1.67992463514702	NA	NA	NA	NA	1.67117996678323	NA	-1.59550728102879	NA	1.54536624710258	NA	NA	NA	NA	NA	NA	NA	NA	NA	NA	NA	NA	NA	NA	NA
200	Regulation of Microtubule Cytoskeleton WP2038	NA	NA	NA	NA	NA	NA	NA	NA	NA	1.61103565950372	NA	NA	NA	-1.43389358846797	NA	NA	NA	NA	NA	NA	NA	NA	NA	NA	NA	NA	NA	NA	NA	NA	NA
201	Regulation of sister chromatid separation at the metaphase-anaphase transition WP4240	NA	NA	-1.8515504979403	NA	NA	NA	NA	NA	NA	NA	NA	NA	NA	-1.84233918289587	NA	NA	NA	1.80393747966832	NA	NA	NA	NA	NA	NA	-1.8034972724173	NA	NA	NA	NA	NA	NA
202	Regulation of toll-like receptor signaling pathway WP1449	NA	-1.78040318264735	-1.48919598785755	1.43125771984391	1.81302860152958	2.18398509120065	-2.29911815964646	NA	2.03868112949256	NA	NA	2.01753928760898	NA	-1.6903536481896	2.13363462680748	2.13345125510782	-1.95921940138946	NA	-1.47866468382574	1.70727824958218	NA	NA	1.77200750226703	NA	1.85913509440087	NA	NA	NA	1.79715473030938	-1.71140718353156	NA
203	Resistin as a regulator of inflammation WP4481	NA	NA	NA	NA	NA	1.77026356243609	-1.53491797708198	NA	NA	NA	NA	NA	NA	NA	NA	NA	NA	NA	NA	NA	NA	NA	NA	NA	1.62053815482717	NA	NA	NA	NA	NA	NA
204	Retinoblastoma Gene in Cancer WP2446	1.73352965745526	NA	-2.06495924289561	-2.03532127284009	-1.67644066039492	NA	NA	NA	1.57849719530647	1.71114602586381	NA	1.62523015340628	NA	-2.09538409971778	-1.58051252374277	NA	NA	2.17482489265011	NA	1.86365420087008	-1.63716628544598	NA	NA	NA	-1.77876128140285	NA	-1.88080003724723	-1.72593140757216	NA	NA	-1.80023748431186
205	Rett syndrome causing genes WP4312	NA	NA	NA	1.66460505301929	NA	NA	NA	NA	NA	NA	NA	NA	NA	NA	NA	NA	NA	NA	NA	NA	NA	NA	NA	NA	NA	NA	NA	NA	NA	NA	NA
206	RIG-I-like Receptor Signaling WP3865	NA	NA	NA	NA	NA	NA	-1.93952228226354	NA	1.59126145996901	NA	NA	1.73155813179586	NA	NA	1.78618999947403	1.64752108992665	-1.53457024696955	NA	NA	NA	NA	NA	NA	NA	NA	NA	NA	NA	NA	NA	NA
207	Selective expression of chemokine receptors during T-cell polarization WP4494	-1.79841604887823	NA	NA	NA	1.96584032886375	2.18047643095423	-2.03819042570071	NA	1.67289148102244	NA	NA	2.0760547253866	NA	-1.83380251246112	2.0052478636277	2.0050310208685	NA	NA	-1.64229171501511	NA	NA	NA	NA	NA	1.71465963112521	NA	-1.76502686726084	NA	1.84284900805487	-1.6897595785977	NA
208	Selenium Micronutrient Network WP15	NA	-1.59018985718717	-1.80095520451864	NA	NA	1.78315408549529	-1.98716015148229	1.70198046501455	1.88651480458499	NA	1.54067625118866	NA	NA	-1.99121058855613	1.56890193029555	1.90457944030942	-1.74937259376777	NA	NA	NA	NA	NA	1.69851346353398	NA	1.64927068923808	NA	NA	NA	NA	NA	NA
209	Senescence and Autophagy in Cancer WP615	NA	NA	-1.79212678870351	NA	NA	1.82666740745479	-2.02349621775446	1.84269702465851	1.72208826332927	1.50920905069697	1.63908810192582	1.82042004047869	NA	-1.85229225847037	1.62373765773061	2.37146578149029	-1.70394316353001	NA	NA	1.69943512573004	NA	1.71486207477799	1.5510315707713	1.54443088606704	1.53979267390217	NA	NA	-1.59385586859347	NA	NA	-1.53191274701304
210	Serotonin and anxiety WP3947	NA	NA	-1.82230168410029	NA	NA	1.70223129338227	NA	NA	NA	NA	NA	NA	NA	-1.67918461024219	NA	NA	NA	NA	NA	NA	NA	NA	NA	NA	NA	NA	NA	NA	NA	NA	NA
211	Serotonin Receptor 4/6/7 and NR3C Signaling WP734	NA	NA	NA	NA	NA	1.60490965420641	NA	NA	NA	NA	NA	NA	NA	NA	NA	NA	NA	NA	NA	NA	NA	NA	NA	NA	NA	NA	NA	NA	NA	NA	NA
212	Signal Transduction of S1P Receptor WP26	NA	NA	NA	NA	NA	NA	NA	NA	NA	NA	NA	1.60319265350834	NA	-1.60981056036589	NA	1.53358631989924	NA	NA	NA	NA	NA	NA	NA	NA	NA	NA	NA	NA	NA	NA	NA
213	Signal transduction through IL1R WP4496	NA	NA	-1.81834126128762	1.57812242463181	NA	1.9859854766953	-1.82094535832601	1.76292102878364	1.50939398808255	NA	NA	1.71496916554074	NA	-1.69981703849576	1.64733064027504	1.84858084782509	-1.64252121830639	NA	NA	1.76664712166796	1.80917274961624	NA	NA	NA	1.80466992835522	NA	NA	NA	NA	NA	NA
214	Signaling of Hepatocyte Growth Factor Receptor WP313	NA	NA	NA	NA	NA	NA	NA	NA	NA	NA	NA	1.43075453965685	NA	NA	NA	1.67184620093722	NA	NA	NA	NA	NA	NA	NA	NA	NA	NA	NA	NA	NA	NA	NA
215	Signaling Pathways in Glioblastoma WP2261	NA	NA	-1.50444957339462	NA	NA	NA	NA	NA	NA	1.38131197582626	NA	1.47166082083488	NA	-1.61419375424852	NA	1.80761271220289	NA	NA	NA	NA	NA	NA	NA	NA	NA	NA	NA	-1.55599265827461	NA	NA	NA
216	Simplified Depiction of MYD88 Distinct Input-Output Pathway WP3877	NA	NA	-1.67711978879527	NA	NA	1.60182914934126	-1.7165593446365	NA	1.74285341579636	NA	NA	NA	NA	-1.67280724029079	1.74209824014308	1.78020718348657	-1.79805182138261	NA	NA	1.71194098335752	NA	NA	1.76762455482005	NA	1.63809116991356	NA	NA	NA	NA	NA	NA
217	Sleep regulation WP3591	NA	NA	NA	1.55418870704732	NA	1.55645539208654	NA	NA	NA	NA	NA	NA	NA	NA	NA	NA	NA	NA	NA	NA	NA	NA	NA	NA	NA	NA	NA	NA	NA	NA	NA
218	Small Ligand GPCRs WP247	NA	NA	NA	NA	NA	1.75262600430661	-1.52298020609302	NA	NA	NA	NA	NA	NA	NA	NA	NA	NA	NA	NA	NA	NA	NA	NA	NA	NA	NA	NA	NA	NA	NA	NA
219	Spinal Cord Injury WP2431	NA	NA	-1.99767366556163	1.61062090425156	NA	1.99648594170682	-2.28971183347099	1.53312172231016	2.12403073686792	1.67065517312351	1.9122936871584	1.79850496888919	NA	-2.04737582317929	1.94313996373439	1.99625892194329	-1.84949671282747	NA	-1.85824045202767	NA	NA	1.52441585592679	1.94565964901018	1.70442483275094	1.99460586456237	-1.54911360692054	-1.66930171098777	NA	1.45978628141405	-1.9379188520089	-1.79172928383799
220	Structural Pathway of Interleukin 1 (IL-1) WP2637	NA	NA	-1.75589145551578	NA	NA	1.7171573788234	-1.65786496397628	1.74433724276524	NA	NA	NA	1.52424776192343	NA	-1.58541986640258	NA	1.91625369602504	NA	NA	NA	1.67430214533441	NA	NA	NA	NA	NA	NA	NA	NA	NA	NA	NA
221	Sudden Infant Death Syndrome (SIDS) Susceptibility Pathways WP706	NA	NA	NA	NA	NA	1.57950079660976	-1.7006931747811	NA	1.46601776433041	1.46062421615995	NA	1.39592322529375	NA	-1.37310411566748	1.31739256901957	NA	NA	NA	NA	NA	NA	NA	NA	NA	NA	NA	NA	NA	NA	NA	NA
222	T-Cell antigen Receptor (TCR)  Signaling Pathway WP69	NA	-1.80615023879508	-1.52748964417604	NA	2.11419925539583	2.27719559902781	-2.26967219302054	NA	1.993840554344	NA	NA	2.1886780140577	NA	-1.87232227289611	2.12574204834182	2.30307096776504	-1.76941313605387	NA	-1.52309753430989	NA	NA	NA	NA	NA	1.79065380323176	NA	NA	NA	1.96744321434127	-2.06707043533363	NA
223	T-Cell antigen Receptor (TCR) pathway during Staphylococcus aureus infection WP3863	-1.62931266666737	-1.68809829740154	NA	NA	2.06821731786251	2.04723609572224	-2.14613129286109	NA	1.91576262328851	NA	NA	2.08170852517769	-1.79595796468031	-1.67844639245904	2.08683116085198	1.94887783001918	NA	NA	-1.54686876658103	NA	NA	NA	NA	NA	NA	NA	NA	NA	1.73256542561281	-1.89442404294487	NA
224	T-Cell Receptor and Co-stimulatory Signaling WP2583	NA	NA	NA	NA	1.91313198601918	1.57958747842992	-1.84850313387248	NA	1.69681685672753	NA	NA	1.95086371928649	NA	NA	1.89374133876536	1.46032724084215	NA	NA	NA	NA	NA	NA	NA	NA	NA	NA	NA	NA	1.57599028236206	NA	NA
225	Tamoxifen metabolism WP691	NA	NA	NA	NA	NA	NA	NA	NA	-1.54430382895898	NA	NA	NA	NA	NA	-1.84863138092974	NA	NA	NA	NA	NA	NA	NA	NA	NA	NA	NA	NA	NA	NA	NA	NA
226	TGF-B Signaling in Thyroid Cells for Epithelial-Mesenchymal Transition WP3859	NA	NA	NA	NA	NA	NA	-1.71985612817877	NA	NA	NA	NA	1.99608728303504	NA	-1.78837198238118	NA	1.95892931699675	NA	NA	NA	NA	NA	NA	1.69522732633913	1.67288005178218	NA	-1.83373347256118	NA	-1.91693744238353	NA	-1.64267580572222	NA
227	TGF-beta Receptor Signaling WP560	NA	NA	NA	NA	NA	1.90141490406916	-1.85256257902271	NA	NA	1.59235348644976	1.72709526197203	1.79659999341421	NA	NA	1.7048498936872	2.02340831068477	NA	NA	NA	NA	NA	NA	NA	1.64584256331864	1.88014064150535	NA	NA	-1.6041998605433	NA	-1.76692199437182	NA
228	TGF-beta Signaling Pathway WP366	NA	NA	-1.65431193436718	NA	NA	NA	-1.82423657473131	1.58300699311957	NA	1.83967322282283	NA	1.8122122689857	NA	-1.81745666318264	NA	2.00612054064268	-1.65020349657005	NA	NA	NA	NA	NA	NA	NA	NA	NA	NA	-1.81626642652975	NA	NA	-1.44764056176642
229	The human immune response to tuberculosis WP4197	NA	NA	NA	NA	NA	1.68690679346533	-2.03617834316329	NA	1.79216171005632	NA	NA	2.02797597354471	NA	NA	1.88685634164125	2.06418293864151	-1.64237295209942	NA	NA	NA	1.76666985546355	NA	NA	NA	NA	NA	NA	NA	NA	NA	NA
230	Thymic Stromal LymphoPoietin (TSLP) Signaling Pathway WP2203	NA	NA	-1.70173721165183	NA	NA	1.94072786057093	-1.94619959898315	1.6450820562815	1.73887784689908	NA	NA	2.03795068287896	NA	-1.77425445474866	1.79714736305938	2.15555749720386	-1.77199891006357	NA	-1.55306896981048	1.7458262272886	NA	NA	NA	NA	1.59676444836196	NA	NA	NA	1.59053534265392	NA	NA
231	TLR4 Signaling and Tolerance WP3851	NA	NA	-1.59346152655931	NA	NA	1.81179008819487	-1.8444350633227	NA	1.72728629112414	NA	NA	1.72683293103279	NA	-1.6803462024712	1.7352522968059	1.77583794932141	-1.6926968682325	NA	NA	1.60982825939065	1.79515686267378	NA	NA	NA	1.75333514877631	NA	NA	NA	NA	NA	NA
232	TNF alpha Signaling Pathway WP231	NA	-1.62894643608047	-1.60799483037649	NA	NA	1.81908225954489	-1.66022737723345	1.71506512001901	1.50222851506328	NA	NA	1.61030031955353	NA	-1.69480785328386	1.49960255048391	1.76593455953834	-1.46568161647525	NA	NA	NA	NA	NA	NA	NA	NA	NA	NA	NA	NA	NA	NA
233	TNF related weak inducer of apoptosis (TWEAK) Signaling Pathway WP2036	-1.70607161476962	NA	NA	NA	NA	1.96131820073858	-1.93812241143401	NA	1.52691153727617	NA	NA	1.91157928348732	NA	NA	1.79902668814459	1.88928222316042	-1.68878295844015	NA	NA	NA	NA	NA	NA	NA	1.56453240901149	NA	NA	NA	NA	NA	NA
234	Toll-like Receptor Signaling Pathway WP75	NA	-1.64812385372602	-1.54620557033259	NA	1.82335884757432	2.17331496239676	-2.27891652700191	NA	1.99100052617003	NA	NA	1.9799248905761	NA	-1.67307463605202	2.1254307042491	2.17109492075245	-1.97872043775823	NA	-1.51868291549351	1.6385723087853	NA	NA	1.79961075176297	NA	1.92977471567043	NA	NA	NA	1.8303335471001	-1.68418949268372	NA
235	Toll-like Receptor Signaling WP3858	NA	-1.72372393055422	NA	NA	NA	NA	-1.84624334499076	NA	1.66495741789094	NA	NA	1.64650127055183	NA	-1.73738593918686	1.79767033288703	1.87593976243475	-1.72705825207255	NA	NA	NA	1.71256844290345	NA	1.68385938986777	NA	NA	NA	NA	NA	NA	NA	NA
236	TP53 Network WP1742	NA	NA	NA	NA	NA	NA	-1.52768239788345	NA	NA	NA	NA	NA	NA	NA	NA	NA	NA	NA	NA	NA	NA	NA	NA	NA	NA	NA	NA	NA	NA	NA	NA
237	Trans-sulfuration and one carbon metabolism WP2525	NA	NA	NA	NA	NA	-1.63764923062013	NA	NA	NA	NA	NA	NA	NA	NA	NA	NA	NA	NA	NA	NA	NA	NA	NA	NA	NA	NA	NA	NA	NA	NA	NA
238	Transcription co-factors SKI and SKIL protein partners WP4533	NA	NA	NA	NA	NA	NA	NA	NA	NA	NA	NA	1.50682209887594	NA	NA	NA	1.5866854439665	NA	NA	NA	NA	NA	NA	NA	NA	NA	NA	NA	NA	NA	NA	NA
239	Transcription factor regulation in adipogenesis WP3599	NA	NA	NA	NA	NA	1.56938287535452	NA	NA	NA	NA	NA	NA	NA	NA	NA	1.82163136048908	-1.6288202814411	NA	NA	NA	NA	NA	NA	NA	NA	NA	NA	NA	NA	NA	NA
240	Tryptophan metabolism WP465	NA	NA	NA	NA	NA	NA	NA	NA	-1.55143537562753	NA	NA	NA	-1.89874875584563	NA	NA	NA	NA	NA	NA	NA	NA	NA	NA	NA	NA	NA	NA	NA	NA	NA	NA
241	Type II interferon signaling (IFNG) WP619	NA	-1.85184302172732	NA	NA	2.08407982351309	2.2338910193587	-2.27593109838349	NA	2.12820919352297	NA	NA	2.16322625182622	NA	-1.67010497129733	2.23927057439034	2.2670643235519	-2.05589220881835	NA	NA	1.63030860815877	1.8073014199641	NA	1.72441083489221	NA	1.72509995991825	NA	NA	NA	1.78577612570798	-1.79263426096675	NA
242	TYROBP Causal Network WP3945	-1.90536796653042	-1.97065289630399	-1.80442912753589	NA	2.17205836874726	1.91546225740121	-2.07910625418619	NA	1.96713559634715	NA	NA	2.25136839765475	NA	-1.99150206707144	1.92646481449149	2.3636402399558	-1.82526366774476	NA	-1.74924896811132	1.78290886493505	NA	NA	1.86350210892127	NA	1.84540458449936	-1.77738721308083	-1.5316106526212	NA	1.93954350080326	-1.994667394184	NA
243	VEGFA-VEGFR2 Signaling Pathway WP3888	NA	NA	-1.84416876067915	1.44238530556368	NA	1.6532401880028	-1.80367106371921	1.83537196983631	1.31727810073927	1.58971442243549	1.58810226435758	1.74272941314831	NA	-1.98206495103036	1.45404312840882	2.00207000139888	-1.50824982015249	NA	-1.44119295306491	1.55804952243681	NA	1.54758648105964	NA	NA	1.35382261408796	NA	NA	-1.74421588939872	NA	NA	-1.43410883681273
244	Viral Acute Myocarditis WP4298	-1.757288298525	NA	-1.45239059821716	NA	NA	1.51561832947498	-1.89855592686989	NA	1.81477975377023	NA	NA	1.84737019485966	NA	-1.63056782726422	1.96205419689051	1.82600153679619	-1.60232763413086	NA	-1.70832958951924	NA	NA	NA	1.57357646680938	NA	1.59302494361115	NA	-1.54563770867381	NA	1.51968423556503	NA	NA
245	Vitamin B12 Metabolism WP1533	NA	NA	NA	NA	NA	1.84570456261699	-2.05308067937468	NA	1.89009259271388	NA	1.68752183589165	NA	NA	-1.70484493655579	1.54365506533849	1.64773489375364	-1.81293563599988	NA	NA	NA	NA	NA	NA	NA	1.78005775310916	NA	NA	NA	NA	NA	NA
246	Vitamin D in inflammatory diseases WP4482	NA	NA	-1.66051853840472	NA	NA	1.64135398173857	-1.52762269368626	NA	1.56375097810279	NA	NA	NA	NA	-1.53189676320596	NA	1.73805516836449	NA	NA	NA	NA	NA	NA	NA	NA	1.74889497024835	NA	NA	NA	NA	NA	NA
247	Vitamin D Receptor Pathway WP2877	NA	NA	-1.83521709134148	1.82907125417356	NA	1.75075043596445	-1.91928201055119	1.53737545411285	1.60504555470519	1.63675268003838	1.50696833816395	1.84499461470165	-1.4577176693667	-2.21073250939629	1.60623263937638	1.99114144204718	NA	1.5047038985498	-1.45837713507113	1.81445485374126	NA	1.62012440693589	1.61673496435661	NA	1.74112565028776	-1.48644127203784	NA	-1.7117707242846	1.40389880983463	NA	-1.53930331024003
248	White fat cell differentiation WP4149	NA	NA	NA	1.719957241234	1.81519659482182	1.83551078638554	NA	NA	NA	NA	NA	1.69634336899035	NA	NA	NA	1.63045355398765	NA	NA	NA	NA	NA	NA	NA	NA	NA	NA	NA	NA	NA	NA	NA
249	Wnt Signaling in Kidney Disease WP4150	NA	NA	NA	NA	NA	NA	NA	NA	NA	NA	NA	NA	NA	NA	NA	NA	NA	NA	NA	NA	NA	NA	NA	NA	NA	NA	NA	-1.63444685930312	NA	NA	NA
250	Wnt Signaling Pathway and Pluripotency WP399	NA	NA	NA	NA	NA	NA	NA	NA	NA	NA	NA	1.69448041475291	NA	NA	NA	1.58989433029959	NA	NA	NA	NA	NA	NA	NA	NA	NA	NA	NA	-1.77780825603367	NA	NA	NA
251	Wnt Signaling Pathway WP363	NA	NA	NA	NA	NA	NA	NA	NA	NA	NA	NA	1.71243820413364	NA	NA	NA	1.47024274572276	NA	NA	NA	NA	NA	NA	NA	NA	NA	NA	NA	-1.79283300409656	NA	NA	NA
252	Wnt Signaling WP428	NA	NA	NA	NA	NA	NA	NA	NA	NA	1.48181551733243	NA	NA	NA	-1.49748471084399	NA	1.468577080685	NA	1.47248994359247	NA	NA	NA	NA	NA	NA	NA	NA	NA	-1.85144743330882	NA	NA	NA
253	Zinc homeostasis WP3529	NA	NA	NA	NA	NA	-1.6662018990933	-1.44341561771243	NA	NA	NA	NA	NA	NA	NA	NA	NA	NA	NA	NA	NA	NA	NA	NA	NA	NA	NA	NA	NA	NA	1.90160516232027	NA
