	pathway	X0100.015.007	X0285.015.009	X1005.015.008	X1009.015.013	X1011.015.015	X1015.015.019	X1016.015.020	X1017.015.021	X1018.015.022	X1019.015.023	X1051.016.036	X1058.016.043	X1084.016.071	X1089.016.076	X1092.016.079	X1106.016.093	X1150.016.137	X1155.016.142	X1158.016.145	X1161.016.148	X1163.016.150	X1184.016.171	X1190.016.177	X1195.016.182	X1204.016.191	X1228.018.014	X1230.018.016	X1232.018.018	X1238.018.024	X1242.018.028	X1244.018.030	X1248.018.034	X1252.018.038	X1254.018.040	X1258.018.044	X1260.018.046	X1264.018.050	X1272.018.058	X1276.018.062	X1278.018.064	X1280.018.066	X1282.018.068	X1286.018.072	X1288.018.074	X1290.018.076	X1294.018.080	X1300.018.086	X1302.018.088	X1304.018.090	X1310.018.096	X1314.018.100	X1316.018.102	X1318.018.104	X1320.018.106	X1322.018.108	X1324.018.110	X1334.018.120	X1338.018.124	X1340.018.126	X1348.018.134	X1480.019.118	X1484.019.122	X1486.019.124	X1503.019.141	X1504.019.142	X1526.019.164	X1535.019.173	X1537.019.175	X1541.019.179	X1542.019.180	X1543.019.181	X1544.019.182	X1545.019.183	X1547.019.185	X1553.019.191	X1554.019.192	X1555.019.193	X1556.019.194	X1557.019.195	X1558.019.196	X1559.019.197	X1563.019.201	X1564.019.202	X1565.019.203	X1566.019.204	X1567.019.205	X1568.019.206	X1569.019.207	X1571.019.209	X1575.019.213	X1576.019.214	X1581.019.219
1	Adipogenesis	1.42376240262111	NA	NA	NA	NA	NA	NA	NA	NA	NA	NA	-1.30213964078804	NA	NA	NA	NA	NA	NA	NA	NA	-1.305423017327	NA	1.36040628610368	NA	NA	NA	NA	NA	NA	NA	NA	NA	NA	-1.28429978490024	NA	NA	NA	NA	NA	NA	NA	NA	NA	NA	NA	1.27495275011139	NA	NA	NA	NA	1.29447123686439	NA	NA	NA	-1.5579693612772	NA	NA	NA	-1.52682425845694	NA	NA	NA	NA	NA	NA	NA	NA	NA	NA	NA	NA	NA	1.38719158356917	NA	NA	NA	NA	NA	NA	NA	NA	NA	NA	NA	NA	NA	-1.31029023145822	NA	NA	NA	NA	NA
2	Allograft Rejection	1.48452368914565	-1.96102778216704	1.66847130225114	-1.77616905195361	NA	NA	NA	NA	NA	NA	-1.57596715740705	-1.83157459284837	NA	NA	NA	NA	2.54736742774419	2.4983974597538	-2.64312534553885	NA	1.40196360746269	2.30932537436483	NA	1.41981962607903	NA	NA	-1.68523089334048	NA	-1.69133186677295	-1.68246602282378	NA	2.05257020012726	-2.02072999485722	NA	1.64222873530039	1.62005384710917	NA	NA	NA	-1.93288621333954	1.78674887799971	NA	-1.77127024308555	NA	-1.56555494762293	1.96977709441538	NA	1.61236613441599	NA	NA	1.32876513781315	-1.74539129195612	-1.5737532890138	NA	NA	-1.93437444750032	-1.83838254684105	NA	NA	1.45163725301669	2.6127420039794	NA	-2.1483670110469	2.51245282988118	1.8684332826531	1.5595806377236	NA	-1.53347127458346	2.52427047078204	NA	-2.05141511903984	-1.45135139594137	-1.62073651255829	NA	-1.89534688190138	1.60031067280969	1.56790053272707	1.65560813253999	NA	NA	1.87347767165755	1.34321665969019	1.90369788400957	-1.54073972339608	-1.8108852516024	NA	NA	2.06619992192537	-1.31447255400072	NA	-2.21358413279352	NA
3	Androgen Response	NA	NA	NA	NA	NA	NA	NA	NA	NA	NA	NA	NA	NA	NA	NA	NA	NA	NA	NA	NA	-1.54443120758054	NA	1.60818038508019	NA	NA	NA	NA	NA	NA	NA	NA	NA	NA	NA	NA	NA	NA	NA	NA	NA	NA	NA	NA	NA	NA	NA	NA	NA	NA	NA	NA	NA	NA	NA	NA	-1.29706834803543	NA	NA	NA	NA	NA	NA	NA	NA	NA	NA	NA	NA	1.29733782727959	NA	NA	NA	NA	NA	NA	NA	1.30582436981972	NA	NA	NA	NA	NA	NA	NA	NA	NA	NA	NA	NA	NA	NA	NA
4	Angiogenesis	1.80884420857184	NA	NA	NA	NA	NA	NA	NA	NA	NA	NA	-1.71820109916119	NA	1.67827184120874	NA	NA	-1.48785634863576	NA	-1.77566975455684	1.7025893235028	NA	1.63658928899602	1.8284792132952	NA	NA	NA	-1.69073107878678	-1.43422132089181	NA	-1.70244956802955	NA	NA	NA	-1.41279927292013	1.46173219723501	NA	-1.5503556548002	-1.68010145698985	NA	-1.62951576119415	NA	NA	-2.1378742259111	NA	NA	NA	NA	NA	1.52698971357629	NA	1.58959604369664	-1.66277534964253	NA	1.72674571079315	NA	-1.8541202735297	-2.07280173778948	NA	-1.45133785884177	1.75542834995558	1.97970146008377	NA	-1.96301677619316	NA	NA	NA	1.73602153738977	NA	2.0641034333872	NA	-1.5298697176704	NA	NA	NA	-1.78243755280168	1.84802090965576	NA	NA	NA	1.47660825808972	1.50157659678018	1.70382867436304	NA	-1.85387489428208	-1.79157658177497	NA	-1.67865684003141	NA	NA	NA	-1.65534747591718	-1.66641718633574
5	Apical Junction	NA	NA	NA	NA	NA	NA	NA	NA	NA	NA	NA	-1.43396797793203	1.31832360889828	1.54331810024707	NA	NA	NA	NA	NA	1.50697696252355	NA	NA	1.57061147753598	NA	NA	NA	-1.63739218973912	NA	NA	-1.45151937417494	NA	NA	1.31600713791729	NA	NA	1.4134778035333	-1.42739168426609	NA	NA	-1.61549634755183	NA	-1.27802851973371	NA	NA	NA	NA	-1.41337704430649	NA	NA	NA	1.7376366424496	-1.56793673641254	NA	1.64013383273216	NA	NA	-1.78479294618309	NA	NA	NA	1.70684888004206	NA	-1.76168642707992	NA	NA	NA	NA	NA	1.7674456681199	NA	NA	NA	1.40298039624639	NA	-1.36318880690109	NA	NA	NA	NA	NA	1.34294680821843	1.55019515711173	NA	-1.79405119559686	-1.29957294184479	NA	-1.86790209974886	NA	NA	NA	NA	-1.36746331515378
6	Apical Surface	NA	NA	NA	NA	NA	NA	NA	NA	NA	NA	NA	-1.37839243689577	NA	NA	NA	NA	NA	NA	NA	NA	NA	NA	NA	NA	NA	NA	NA	-1.51269212284769	NA	NA	NA	NA	NA	NA	NA	NA	NA	NA	NA	-1.40969451780113	NA	-1.4750268581195	NA	NA	NA	1.3704663753313	NA	NA	NA	NA	1.53225015282458	-1.34413061379978	NA	NA	NA	NA	-1.44905568052828	NA	NA	NA	NA	NA	NA	NA	NA	NA	NA	NA	1.40520064392709	NA	NA	NA	1.68529562281858	NA	NA	NA	NA	NA	NA	NA	NA	NA	NA	-1.43322896752609	NA	NA	NA	NA	NA	NA	NA	NA
7	Apoptosis	1.54249032110763	NA	NA	NA	NA	NA	NA	NA	NA	NA	1.33887434920139	-2.02582168079544	1.41597613535896	1.34418076221284	NA	NA	NA	1.63425691151325	-2.02158420138323	1.87585231043727	NA	1.54367004192591	1.42666293405619	1.44320982553108	NA	NA	-1.67277061162689	NA	NA	-1.55220053801018	NA	NA	NA	-1.4398091042848	NA	NA	NA	-1.44874018692918	NA	-1.74594660897256	1.30319552682185	-1.43304381966755	NA	NA	NA	1.96111736493385	-1.41151841599613	NA	1.37340823459226	NA	1.634935143515	-1.57286197069201	NA	1.42823749614894	-1.35997896009434	-1.60841652471009	-1.92194935230642	NA	-1.57195419351014	1.61520369664061	1.86137900008001	NA	-1.90905237702071	1.32261217545242	NA	NA	NA	NA	2.1565619229387	NA	NA	NA	1.36269781899872	NA	-1.37728991169252	1.64608549658977	1.28154098112444	NA	NA	1.36330145942805	1.32328217898996	1.62946477525108	1.42901575056431	-1.35750002013299	-1.41792384284953	NA	-1.50617361863385	NA	NA	NA	-1.4440511549896	-1.49871724686428
8	Bile Acid Metabolism	NA	NA	NA	NA	NA	NA	NA	NA	NA	NA	NA	NA	NA	NA	NA	NA	NA	NA	NA	NA	NA	NA	NA	NA	NA	NA	NA	NA	NA	NA	NA	NA	NA	NA	NA	NA	NA	NA	NA	NA	NA	NA	NA	NA	NA	NA	NA	NA	NA	NA	NA	NA	NA	NA	NA	1.3269646797664	NA	NA	NA	NA	-1.4291647685101	1.33736678353174	NA	-1.44077110537335	NA	NA	NA	NA	NA	NA	NA	NA	NA	NA	NA	NA	NA	NA	NA	NA	NA	NA	NA	NA	NA	NA	NA	NA	NA	NA	NA	NA
9	Cholesterol Homeostasis	1.43117999919253	NA	NA	NA	NA	NA	NA	NA	NA	NA	NA	-1.41816900196445	NA	NA	NA	NA	NA	NA	-1.40741401553317	NA	NA	NA	NA	NA	NA	NA	NA	NA	NA	NA	NA	NA	NA	NA	NA	NA	NA	NA	NA	NA	NA	NA	NA	NA	NA	NA	NA	NA	NA	NA	NA	NA	NA	NA	NA	NA	-1.49870605503946	NA	NA	NA	NA	NA	NA	NA	NA	NA	NA	NA	NA	NA	NA	NA	1.3619638473479	NA	NA	NA	1.49711514140797	NA	NA	NA	NA	NA	NA	NA	NA	NA	NA	NA	NA	NA	NA	NA
10	Coagulation	1.40524320581436	NA	NA	NA	1.51035803719906	NA	NA	NA	NA	NA	NA	-1.43903611381333	NA	1.54289474446842	NA	NA	NA	NA	-1.52301171774729	NA	NA	1.35179948860193	1.42964892910309	NA	NA	NA	-1.38174938494422	NA	NA	NA	NA	NA	1.43053874787977	NA	NA	NA	-1.45987842352114	NA	NA	-1.91862599626058	NA	NA	NA	NA	NA	1.68288917732504	-1.59111945106885	NA	1.44767697223222	NA	NA	-1.53224309370338	NA	1.64830033124094	NA	-1.33669937013941	NA	NA	NA	1.36533965854371	1.61582474479721	NA	-1.55442365430705	NA	NA	NA	NA	NA	1.9576228435327	NA	NA	NA	1.36425382849956	NA	NA	1.33058724611368	NA	NA	NA	1.59154540650813	NA	1.62201795777186	NA	-1.79315169391253	NA	NA	-1.79467426727613	1.44502018424811	NA	NA	NA	NA
11	Complement	1.21580259828659	NA	1.37224373622602	-1.3344782141088	NA	NA	NA	NA	NA	NA	NA	-1.62892267663968	NA	NA	NA	NA	1.49789269785632	1.88753133262011	-2.26988959421515	NA	NA	1.85474777691832	NA	1.40225445984142	NA	NA	-1.67949524662987	NA	NA	-1.26993067389794	NA	1.57622840077047	NA	NA	NA	NA	NA	NA	NA	-2.03824472901828	1.72666773343571	NA	NA	NA	-1.33977546374094	2.11623692607159	NA	NA	NA	NA	NA	-1.57598955612872	-1.3961331113382	NA	NA	-1.75990912318636	NA	NA	NA	1.48458299267945	2.14519627507553	-1.30285768849408	-1.99415746361129	2.07669296869267	NA	NA	NA	NA	2.12892978379628	NA	-1.86662520897061	NA	NA	NA	-1.41577902819945	1.58155299917026	1.50059201857916	NA	-1.32849139268259	1.25025698110566	1.64464223175612	1.27038119009338	1.48613984172441	-1.59445664422814	-1.41230309006005	NA	NA	1.63153929213176	-1.52129108799626	NA	-1.58592650266607	NA
12	DNA Repair	NA	NA	NA	NA	NA	NA	NA	NA	1.46366724529323	NA	NA	-1.43626822200494	1.57654500166365	NA	NA	NA	NA	NA	NA	NA	NA	NA	NA	NA	NA	NA	NA	NA	NA	NA	NA	NA	NA	NA	NA	NA	NA	NA	NA	NA	NA	NA	NA	NA	NA	NA	NA	NA	NA	1.47816455576649	NA	NA	NA	NA	NA	NA	-1.3133013909399	NA	NA	NA	NA	NA	NA	NA	NA	NA	NA	NA	NA	NA	NA	NA	NA	NA	NA	NA	NA	NA	NA	NA	NA	NA	NA	NA	NA	NA	NA	NA	NA	NA	NA	NA
13	E2F Targets	NA	1.85555144017701	-1.85300161371286	NA	1.3233419370231	NA	-1.73877328705801	NA	1.85266721032684	NA	1.83479594943436	-2.38644405906457	2.39925667987898	-2.43907290704665	NA	-1.90066012324603	-1.78170724635467	-1.64985344006658	NA	NA	NA	1.73832903216038	1.61887378811289	-1.32366151267223	NA	1.56256332129631	-1.9404414101389	-1.80463875732026	NA	-1.6490256184539	-1.64133812179379	1.79128259048602	NA	-2.00776053198588	NA	1.52498554831276	-1.3219112227893	-1.44116592029667	NA	-1.33682514274405	NA	-1.23771340179522	NA	2.08880632633534	1.45107702581743	1.44279040226209	-2.35762798672595	-1.78005388863312	1.27459416405418	2.20559388073878	2.13780648176847	-1.66557519550878	NA	1.90823866597807	-2.34254318883296	NA	-2.35112638124749	1.48914027567633	NA	2.29112381941656	1.64331057615529	-1.302627841633	-2.31233845335668	-1.45656875832455	1.42914201440276	NA	1.6812454015333	1.60507897828372	NA	1.70583669777007	NA	NA	2.2966133801539	-2.08329156736298	NA	2.02027612736889	-1.65990156186061	NA	1.87154304299067	NA	NA	NA	-1.97649359769559	NA	-2.01264672188469	2.16987213109354	-1.56227317946965	NA	-1.88420171256003	NA	NA	-1.7703397876454
14	Epithelial Mesenchymal Transition	1.83006894273676	NA	NA	NA	NA	NA	NA	NA	NA	NA	NA	-1.92504429522056	1.43214588879518	1.58725723191107	NA	NA	-1.60520008818729	1.34695991167422	-1.84681091885987	1.81402258320941	NA	1.47004236845161	2.36194646842593	1.5261461295508	-1.37431907366421	NA	-1.58928752363599	-1.7413300520532	NA	-1.6879331852124	NA	NA	2.34186441291493	NA	1.62754819821487	1.72937110742218	-1.85208204075778	-2.15252615436699	NA	-1.85836796807644	NA	-1.51434823593228	-1.80067761044234	NA	NA	1.30209922231645	-2.23900352040107	NA	1.73328606345608	-1.54727702710381	1.90816990846379	-1.93911855260351	NA	1.99891542983106	-1.84725725614767	-1.97469640668446	-2.09413897737385	NA	-1.75487784662319	1.56950794369774	2.06522010277387	1.71014512300776	-2.11141724635286	1.31887409909804	1.85125653760472	1.37219515720814	NA	NA	2.51736805649167	NA	-1.32510778177039	NA	1.72581179040331	NA	-1.55787789336216	1.56992541551995	NA	-1.59276090326323	1.55828606657359	1.75428238909921	1.59642679108735	2.20242460645858	NA	-1.94621487015846	-2.10569205193403	NA	-2.30044731400112	NA	NA	-1.40797912102083	NA	-1.6614290843543
15	Estrogen Response Early	1.27789976251399	NA	NA	NA	NA	NA	NA	NA	NA	NA	1.34994229551989	NA	NA	NA	NA	NA	NA	NA	NA	NA	NA	NA	1.50167440630034	NA	NA	NA	NA	NA	NA	NA	NA	NA	NA	NA	NA	NA	NA	NA	NA	-1.63016962840469	NA	-1.58850903329192	NA	NA	NA	1.67041062462325	NA	NA	NA	NA	1.51415062130423	NA	NA	1.26629706113628	NA	NA	NA	NA	-1.50874682743548	NA	NA	NA	-1.29723002044352	NA	NA	NA	NA	NA	1.50625286684224	NA	NA	NA	1.50391217290771	NA	NA	NA	NA	NA	NA	NA	NA	NA	NA	-1.32217134712366	NA	NA	-1.65755977146552	NA	NA	NA	NA	-1.31234657913417
16	Estrogen Response Late	1.22712340868086	NA	NA	NA	NA	NA	NA	NA	NA	NA	1.43701154151238	-1.5213601772101	1.51515384435562	NA	NA	NA	NA	NA	NA	NA	NA	NA	1.55661779247544	NA	NA	NA	-1.24125965627747	-1.27230289976972	NA	-1.30297896655334	NA	NA	NA	-1.23773502259751	NA	NA	-1.37041727390101	NA	NA	-1.78313713594872	1.26839694477772	-1.63638630814563	-1.32185764261923	NA	NA	1.92426111229069	-1.26866525033347	NA	NA	NA	1.56167716602941	-1.24347988542608	NA	1.47686177347513	-1.30940233798785	-1.290948288894	-1.23123689365891	NA	-1.45126853436108	1.40663228639789	1.44412391495159	NA	-1.70786348714692	NA	NA	NA	1.48421242040805	NA	1.60869330863243	NA	NA	NA	1.70178052709576	NA	NA	1.41959351390516	NA	NA	NA	NA	NA	NA	NA	-1.39252032603258	NA	1.35397818122921	-1.85578743868052	NA	NA	NA	NA	-1.54591446907109
17	Fatty Acid Metabolism	NA	NA	NA	NA	NA	NA	NA	NA	NA	NA	NA	NA	NA	NA	NA	NA	NA	NA	NA	NA	NA	NA	NA	NA	NA	NA	NA	NA	NA	NA	NA	NA	NA	NA	NA	NA	NA	NA	NA	NA	NA	NA	NA	NA	NA	NA	NA	NA	NA	NA	NA	NA	NA	NA	NA	NA	NA	NA	NA	NA	NA	-1.31456535445313	NA	NA	NA	NA	NA	NA	NA	NA	NA	NA	NA	NA	NA	NA	NA	NA	NA	NA	NA	NA	NA	NA	NA	NA	NA	NA	NA	NA	NA	NA
18	G2-M Checkpoint	NA	1.63178012260707	-1.68838191924495	NA	1.38425697721599	NA	-1.62406594522512	NA	1.48967004195902	NA	1.83053862799639	-2.32939545216268	2.40277412609688	-2.16651306630435	NA	-1.82388723283432	-1.38317645161728	-1.36726072609773	-1.42313882868888	1.31630169527449	-1.30181116446338	1.82044179848953	1.70361270976455	NA	NA	1.46734484685992	-2.07844511992199	-1.94123205382467	NA	-1.73521646717394	NA	1.63357983545695	NA	-1.98994095924167	NA	1.60191242466726	NA	-1.60949957612174	1.55462442121332	-1.59801639046945	NA	-1.67814774065433	NA	2.04862765610723	1.42930958898251	1.72701240739421	-2.35690090677067	-2.00995961113585	1.40372159715471	2.24274141691727	2.16262684314781	-1.59403305056131	NA	1.8816610052705	-2.37044553873622	NA	-2.34654530044984	1.51706346431786	-1.28665670452822	2.32408914093282	1.85457097174445	NA	-2.36512215405095	NA	1.41014288998633	NA	1.46353964202922	1.38358124560217	NA	1.80844940575946	NA	NA	2.2266940975952	-2.12637996364262	NA	2.23029369518313	-1.6010447186546	NA	1.56190360952831	NA	NA	1.28855795587802	-1.88634084974522	NA	-1.94782914061607	2.12715892067895	-1.84302929486241	NA	-1.84909649276404	NA	NA	-1.86897713650903
19	Glycolysis	NA	NA	NA	NA	NA	NA	NA	NA	NA	NA	NA	-1.24463727382235	NA	NA	NA	NA	NA	NA	NA	NA	NA	NA	1.24956228558597	NA	NA	NA	NA	NA	NA	NA	NA	NA	NA	NA	NA	NA	NA	NA	NA	NA	NA	NA	NA	NA	NA	1.2960062456786	-1.49864407683822	NA	NA	NA	NA	NA	NA	NA	NA	NA	NA	NA	NA	NA	NA	NA	-1.29811773207397	NA	NA	NA	NA	NA	NA	NA	NA	NA	1.38758811450763	NA	NA	NA	NA	NA	NA	NA	NA	NA	NA	NA	NA	NA	NA	NA	NA	NA	1.26475782054884	NA
20	Hedgehog Signaling	NA	NA	NA	NA	NA	NA	NA	NA	NA	NA	NA	NA	NA	NA	NA	NA	NA	NA	NA	NA	NA	NA	NA	NA	NA	NA	NA	NA	NA	NA	NA	NA	NA	NA	NA	NA	NA	NA	NA	NA	NA	NA	NA	NA	NA	NA	NA	NA	NA	NA	NA	-1.41070014503806	NA	NA	NA	NA	NA	NA	NA	NA	NA	NA	NA	NA	NA	NA	NA	NA	NA	NA	NA	NA	NA	NA	NA	NA	NA	NA	NA	NA	NA	NA	NA	NA	NA	NA	-1.41771389654139	NA	NA	NA	NA	NA
21	heme Metabolism	NA	NA	NA	NA	NA	NA	NA	NA	NA	NA	NA	NA	NA	NA	NA	NA	NA	NA	NA	1.33533984329196	NA	NA	NA	NA	NA	NA	NA	NA	NA	NA	NA	NA	NA	NA	NA	NA	NA	NA	NA	NA	NA	NA	NA	NA	NA	NA	NA	NA	NA	NA	NA	NA	NA	NA	NA	NA	-1.27980383309758	NA	NA	NA	NA	NA	-1.27704106477589	NA	NA	NA	NA	NA	NA	NA	NA	NA	NA	NA	NA	NA	NA	NA	NA	NA	NA	NA	NA	NA	NA	NA	NA	NA	NA	NA	NA	NA
22	Hypoxia	1.27412524026593	NA	NA	NA	NA	NA	NA	1.38594592037639	NA	NA	NA	-1.82901366209621	1.43373502563562	1.32635345393799	NA	NA	NA	1.39816572628848	-1.64789936378719	1.76054702054182	NA	NA	1.73222487800134	NA	NA	NA	-1.59850157082728	-1.36779401180497	NA	-1.47060942914962	NA	NA	NA	-1.27014244190176	NA	NA	-1.35902014176686	NA	NA	-1.67437298031617	1.30374248330413	-1.5978071009345	-1.3178468925048	NA	NA	1.9482150340716	NA	NA	NA	NA	1.54234068224895	-1.39437358411865	NA	1.4892631945707	NA	-1.64792859529743	-1.50439383996137	NA	-1.41811223713823	1.31662758779939	1.62832466921538	NA	-1.72194136482638	1.42594149316369	NA	NA	NA	NA	1.83089394586064	NA	NA	NA	1.61765513443982	NA	-1.67718440805137	1.32823580579691	NA	NA	NA	1.37092377420998	NA	1.28866738145461	NA	NA	NA	1.28090464401035	-1.55740661869599	NA	NA	NA	NA	-1.31124860264215
23	IL-2/STAT5 Signaling	1.33886378720737	NA	1.44463532356825	-1.45299148313465	NA	NA	NA	NA	NA	NA	NA	-1.78323012889315	1.23879071675462	1.35112687234637	NA	NA	1.57317763891902	2.19211038037652	-2.31164913146777	1.5349929050292	NA	2.03169384022134	NA	1.78927458738211	NA	NA	-1.69467520761776	NA	-1.51309940515519	-1.53984402829427	NA	1.38274128914673	-1.36998059168743	-1.33597405982276	NA	1.39071151012724	-1.41502556757167	NA	NA	-1.85985216302091	1.76448195606073	-1.42175534019915	-1.3585356063229	NA	NA	2.00914906145854	NA	NA	NA	1.29771624673861	1.44612715693812	-1.60913646306719	NA	NA	NA	-1.60625624155457	-1.72184774486345	NA	NA	1.56268653600834	2.22222865844781	-1.3364352260293	-2.09908219370798	2.10842573494034	NA	NA	NA	NA	2.30229889795645	NA	-1.89128654563191	NA	NA	NA	-1.88538711608095	1.60801185877321	NA	1.44689799576526	NA	NA	1.66275864638923	1.34135895905243	1.67703957968681	-1.37165885095488	-1.58573781566829	NA	NA	1.79059978364261	-1.55093146109149	NA	-1.66440332145438	NA
24	IL-6/JAK/STAT3 Signaling	NA	NA	1.92182572044284	-1.87708648456088	NA	NA	NA	NA	NA	NA	NA	-1.83477746145437	NA	NA	NA	NA	1.81537728094983	2.39141201808188	-2.49304717669236	1.44251962186549	NA	2.26945316031465	NA	1.43191385059779	NA	NA	-1.55917438553031	NA	NA	-1.57791152352034	NA	1.61331206982037	NA	-1.54353387649874	1.50854296154537	NA	NA	NA	NA	-2.02033383124653	1.93022854904248	NA	-1.5867937516217	NA	-1.66883393340114	1.96144436275682	NA	NA	1.37014146233909	1.44053615507971	1.51528359068339	-1.77408028277036	-1.72431133598706	NA	NA	-1.89396686861164	-1.78945694490484	NA	NA	1.80809433242391	2.15913566139109	-1.71949295830274	-2.06055751176993	2.28623194925708	NA	NA	NA	NA	2.46155153476847	NA	-2.0881940846202	NA	-1.35403471834894	NA	-1.72535110406459	1.66870212286848	1.76397738024092	1.46922648946788	-1.44101952447329	1.53113987572241	1.9143413811164	1.69557252953881	1.96042638570533	-1.37220253848599	-1.73622164297569	NA	NA	1.92247186564971	-1.56809757885219	NA	-1.62960667318926	NA
25	Inflammatory Response	1.57002375213129	NA	1.99994273949786	-1.96444185318876	NA	NA	NA	NA	NA	NA	NA	-2.05664743567925	1.43482878601639	1.46888436475128	NA	NA	1.53661007989136	2.65327934712191	-2.66347622604452	1.81754787751392	NA	2.49753113595964	NA	2.03706186846505	1.82546504682703	NA	-1.99973314920787	-1.32797212063573	NA	-1.7070975929465	1.33203219892925	1.54156198675562	-1.33717150949187	-1.54881869975539	1.54611913766013	1.39668209361724	NA	NA	1.46915189440988	-2.32188204752635	1.91783778914984	-1.23618633887527	-1.78133555608518	NA	-1.54752859149271	2.37174792984066	NA	NA	1.53156635574641	1.55963416468559	1.65265908017026	-1.87183180560776	-1.63111209763824	1.36724921747556	NA	-2.21551985525881	-2.0350496530788	NA	-1.21365025308771	2.16173139585178	2.33839067683119	-1.76047642390481	-2.43846179351129	2.44457676894966	NA	1.43572546957309	NA	-1.47899095885812	2.72565752578272	NA	-2.37568424081947	NA	NA	NA	-1.90519859675191	2.06461320155163	2.15948338438234	1.44799063863173	-1.79163758288395	1.75699925915568	2.08818669483494	1.79072599762936	2.39841718957439	-1.67138783756094	-1.74569352006928	NA	NA	2.07641740700152	-1.9777752036873	NA	-2.21813068462975	-1.54061059872787
26	Interferon Alpha Response	NA	NA	1.91507247516509	-2.07745225498359	1.52568095043013	1.52320028590433	NA	NA	NA	NA	NA	NA	NA	NA	NA	NA	2.00711529386081	2.17130249576135	-2.6189474802564	NA	1.66089319562477	2.35302486632757	-1.79809171024315	NA	NA	NA	-1.43126338609311	NA	NA	NA	NA	2.08128943664008	-1.96647547412993	NA	1.73199440579307	1.63671181073141	NA	NA	NA	-1.77095503815209	1.83360875755145	NA	NA	NA	-1.54994059459094	NA	1.52589940059076	NA	1.66540966740354	NA	NA	-1.3267683693302	-1.56575119133518	NA	1.39925053925667	NA	NA	NA	NA	1.67643524756204	2.55337968666825	-1.62845664021025	-1.3929120383864	2.40646722615273	1.85825612392372	NA	NA	NA	2.69902082970666	NA	-1.81843710543536	NA	NA	NA	NA	1.7557442825756	2.13047314804558	NA	NA	NA	1.65895327433297	1.81317356960463	1.55853629072058	NA	NA	NA	1.32408639999028	1.61591506162273	-1.67458282578328	NA	-1.49849797260112	NA
27	Interferon Gamma Response	1.20868763934517	NA	1.89941475707498	-2.0545668209973	1.40565347066948	1.32946417908228	NA	NA	NA	NA	NA	NA	NA	NA	NA	NA	2.18848532046968	2.41553639269221	-2.75411459522882	NA	1.57506367712344	2.50121623231571	-1.56463618354551	NA	NA	NA	-1.63136048334668	NA	NA	NA	NA	2.18857629106244	-2.18236561086503	-1.40250164640134	1.80418024382413	1.56729199140556	NA	NA	NA	-2.00675640458632	2.03670483523058	NA	-1.68933440117814	NA	-1.56079756628653	1.79539201637577	1.61015051540303	NA	1.66210598556771	NA	NA	-1.43553613600858	-1.6506385384456	NA	NA	-1.70026005615814	NA	NA	NA	1.82183019376545	2.72085630660014	-1.5579846061567	-1.83426579661192	2.59183240145472	1.54031169309916	NA	NA	-1.36295816936824	2.84514288337387	NA	-2.16298010141973	NA	-1.28186234481476	NA	NA	1.89408731250614	2.21363563270777	1.451664235464	NA	NA	1.82404273509238	1.73933450554603	1.84836881466738	NA	NA	NA	NA	1.93807128389444	-1.6664465783937	NA	-1.97203198061593	NA
28	KRAS Signaling Dn	NA	NA	NA	NA	NA	NA	NA	NA	1.5280110061073	NA	1.33915137256876	NA	NA	1.7146071056313	-1.47856721671679	NA	NA	NA	1.2766368361199	NA	NA	NA	1.43653278572191	NA	-1.43801616311467	NA	NA	NA	NA	NA	NA	-1.40791295162811	NA	NA	NA	NA	NA	NA	NA	-1.45438992408717	NA	-1.335553639922	NA	NA	NA	1.30474176502041	NA	NA	NA	NA	1.52676882547725	NA	NA	1.42064768065111	NA	1.26457413897476	-1.27159377059263	NA	-1.29145578985055	NA	NA	1.43124163058573	NA	-1.31870623115044	NA	NA	1.49524295471529	NA	NA	NA	1.65623535691619	NA	1.48294363129038	NA	-1.35718151327709	1.21575231612713	NA	NA	NA	NA	NA	1.49296416250509	NA	-1.43805766940076	1.1791864943077	NA	-1.62658841531939	NA	NA	NA	NA	-1.56482312495936
29	KRAS Signaling Up	1.77614675008459	-1.39329949445609	NA	-1.34207342658169	NA	NA	NA	NA	NA	-1.40146956782375	1.34600077222961	-1.88993970820411	1.30332125926961	1.53864110298303	NA	NA	1.47381200720652	2.00931046450362	-2.21252219507378	1.67701988865666	NA	1.87083638668858	1.43423332148781	1.65944988827634	NA	NA	-1.92263899019372	-1.48642532817635	NA	-1.61157431465603	NA	NA	NA	-1.32920121971552	NA	1.31243608108061	-1.35673756440986	NA	NA	-2.19874707202402	1.60610869103597	-1.48732248862489	-1.44352179026892	NA	NA	2.24429647644082	NA	NA	1.62539026111069	NA	1.67580572961257	-1.77195432012112	NA	1.55610937707185	NA	-2.09542943473092	-1.85172605504372	NA	-1.34000620336286	1.79960675981959	2.30687050183016	-1.49824797236281	-2.19467568785318	1.82005711386741	NA	NA	NA	NA	2.50294318465677	NA	-1.72637924083275	NA	1.379461546557	NA	-1.70573197825003	1.9493896903491	1.7217203381556	NA	-1.36364628634742	1.78400950367883	1.86906308098221	1.8399556377865	1.81684176127221	-1.63104997398174	-1.69654913975118	NA	-1.67583210405204	1.64901403714791	-1.71289840456696	NA	-1.79828348865452	-1.32092398187566
30	Mitotic Spindle	NA	NA	NA	NA	NA	NA	NA	NA	NA	NA	NA	-1.6595971690595	1.52933075464243	NA	NA	-1.4560870252257	NA	NA	NA	NA	-1.28451410393578	NA	1.60229010241928	NA	NA	NA	-1.66096632097524	-1.35703076986183	NA	-1.33008518111864	NA	NA	NA	-1.29789294721919	NA	NA	NA	NA	NA	-1.35175662065396	NA	-1.28692977900208	NA	1.45513310486014	NA	1.3207415819396	-1.68540813298764	NA	NA	1.53971327232122	1.54545160841973	-1.27887734439793	NA	1.31248100314126	-1.76852882493785	-1.23815656606932	-1.6254882264641	NA	NA	1.83890590481427	1.49599991496753	NA	-1.91101646116346	NA	NA	NA	NA	NA	NA	1.41845964097291	NA	NA	1.75280585376037	-1.74350042527029	NA	1.5350466017581	NA	NA	NA	NA	NA	NA	NA	NA	-1.3116416335961	1.81537363331633	-1.54017042500319	NA	-1.47002931954182	NA	NA	-1.44928964872916
31	mTORC1 Signaling	NA	NA	NA	NA	NA	NA	NA	NA	NA	NA	1.26831153674947	-2.03653556645018	1.56799045831697	NA	NA	NA	NA	NA	-1.69713583604416	1.26633762164579	NA	NA	1.41823866804482	NA	NA	NA	NA	-1.6677720213504	NA	-1.55784966440578	NA	NA	NA	-1.7050087997804	NA	1.31367870448419	-1.38010607386959	NA	NA	-1.47183529603693	NA	-1.36434482851745	NA	NA	NA	1.85043254713675	NA	NA	NA	1.39950171054155	1.45799084147158	-1.27942433438166	NA	NA	-1.5790639166149	-1.6023073275839	-1.93633556241491	NA	NA	1.41967440638149	NA	-1.26464846315973	-1.83964632474759	NA	NA	NA	NA	NA	1.25028589082094	NA	-1.52315973969464	NA	1.39259388127765	NA	-1.53474249770891	1.66029578707864	1.40596525444337	NA	NA	NA	1.50759044669317	NA	NA	NA	-1.39550574964738	NA	NA	NA	-1.51950100484824	NA	NA	NA
32	Myc Targets V1	NA	1.42300533825532	-1.76641606716655	NA	NA	-1.39612745219437	-1.90489777487276	NA	1.73302343124765	-1.48709718037371	2.04961161885294	-2.46713506368202	2.41703003124285	-1.88404617329662	NA	-1.51276052258866	-1.40211431377622	-1.62139843618301	-1.81027830096269	1.69040520699549	NA	1.33457685758401	NA	NA	NA	NA	NA	-1.83048555739501	NA	-1.57334685967784	-1.4126807035438	NA	NA	-1.94917277016157	NA	1.46877519335685	NA	-1.45386123788462	NA	NA	NA	-1.59660576976712	NA	1.35867722249878	NA	1.87258383039516	-1.99870961613278	NA	NA	1.71304913740134	1.88694913164747	-1.38031764456217	NA	1.30582068243703	-2.37257816962349	-1.91084238247101	-2.33512504797247	NA	-1.58233060084726	1.94662569113455	1.42686757031096	-1.98900274559548	-2.12187903806069	NA	NA	NA	NA	1.30932785785263	NA	NA	NA	NA	1.56377637404923	NA	NA	1.68046713287387	NA	NA	1.42703442670757	NA	NA	NA	NA	NA	-1.81012462785624	1.9562279790644	-1.60261845201909	-1.47931763443756	-1.5899700542311	NA	NA	NA
33	Myc Targets V2	NA	NA	-1.58856480575238	NA	NA	NA	NA	NA	NA	-1.49134636617542	NA	-1.853069887637	1.82594285407826	-1.72606740987286	NA	NA	NA	NA	NA	NA	NA	NA	NA	NA	NA	NA	NA	-1.53081554687948	NA	-1.40553264187474	NA	NA	NA	-1.395462469618	NA	NA	NA	NA	NA	NA	NA	NA	NA	NA	NA	1.5398123733322	NA	NA	NA	NA	NA	-1.44621046807928	1.65396131903719	NA	-1.85895013346874	NA	-1.85779897589689	NA	NA	1.43023799168204	NA	NA	-1.6244598030771	NA	NA	NA	NA	NA	NA	NA	NA	NA	NA	NA	NA	NA	NA	NA	NA	NA	NA	NA	NA	NA	NA	NA	NA	NA	NA	NA	NA	NA
34	Myogenesis	NA	NA	NA	1.41872480031789	NA	NA	NA	NA	NA	NA	NA	-1.36507244313295	NA	1.5737731994179	NA	NA	NA	NA	NA	NA	NA	NA	1.49122282736517	NA	NA	NA	-1.44937189987319	NA	NA	-1.30882092259765	NA	-1.42575355965952	1.34046036707313	NA	1.30083650020402	NA	-1.45040765222207	-1.50631734126143	NA	-1.30721294058224	NA	-1.31867996146727	NA	NA	NA	NA	-1.39381392665846	NA	NA	NA	1.67334322663825	-1.49332793178825	NA	NA	NA	NA	-1.53452295021132	NA	-1.34116830977045	NA	NA	NA	-1.44524537500775	NA	NA	NA	NA	NA	1.28379896974637	NA	NA	NA	1.32924921993242	NA	NA	NA	NA	NA	NA	1.33959651835143	NA	1.33426527017163	NA	-1.58843940318744	NA	NA	-1.58835202031273	NA	NA	NA	NA	NA
35	Notch Signaling	NA	NA	NA	NA	NA	NA	NA	NA	NA	NA	NA	NA	NA	NA	NA	NA	NA	NA	NA	NA	NA	NA	NA	NA	NA	NA	NA	NA	NA	NA	NA	NA	NA	NA	NA	NA	NA	NA	NA	NA	NA	NA	NA	NA	NA	NA	NA	NA	NA	NA	NA	NA	NA	NA	NA	NA	NA	NA	NA	NA	NA	NA	NA	NA	NA	NA	NA	NA	NA	NA	NA	NA	NA	NA	NA	NA	NA	NA	NA	NA	NA	NA	NA	NA	NA	NA	-1.39654669257407	NA	NA	NA	NA	NA
36	Oxidative Phosphorylation	NA	NA	-1.6314331668441	NA	NA	NA	-1.89029768888976	NA	1.62236662252346	-1.49361810228633	1.52072280992168	-1.79977112770297	1.88370620689028	NA	NA	NA	NA	NA	NA	1.51015617907449	NA	NA	NA	-1.53114519601032	NA	NA	NA	-1.28267684964509	NA	NA	NA	NA	NA	-1.62584532102598	NA	1.30955097962073	NA	-1.38491758036104	NA	NA	NA	NA	NA	1.38381215283278	NA	1.33011845989376	-1.84459444929327	NA	1.44397440775396	1.55960317380577	NA	NA	NA	NA	-2.03306306139486	NA	-1.40613239345846	NA	-1.77284954072089	NA	NA	-1.38779491295226	NA	-1.51411475697558	NA	NA	1.70296134556656	NA	NA	NA	NA	NA	NA	NA	NA	1.45444399811328	NA	-1.32279102411375	NA	-1.35575977470127	NA	NA	NA	NA	NA	1.29536280574205	-1.31755901015945	-2.0398941508159	NA	-1.70849241600657	NA	NA
37	p53 Pathway	1.34813408402185	NA	NA	NA	NA	NA	NA	NA	NA	NA	1.57069110282314	-1.76842137216786	1.74923639887887	NA	NA	NA	NA	1.55798455966689	-1.62401055830605	1.84445994311283	NA	NA	1.38774390716672	NA	NA	NA	-1.6222279898213	NA	NA	-1.30269935027117	NA	-1.37340975455854	NA	-1.32559755545309	NA	NA	NA	NA	NA	-1.7812626596132	1.44285642844173	-1.530176890092	NA	NA	NA	1.9752899637449	NA	NA	1.51405022087332	NA	1.58706901664483	NA	NA	1.59894597052292	NA	-1.4033973654922	-1.57178817878309	NA	-1.63430465634185	1.44836515626511	1.64918823939585	NA	-1.70393256674975	NA	NA	NA	NA	NA	2.02856301155209	NA	NA	1.33992130363122	1.56814475553836	NA	NA	1.46589071872603	NA	NA	NA	1.59199213952499	NA	1.4279597857853	NA	NA	NA	1.44282989312515	-1.8793491796508	NA	NA	NA	NA	-1.30689931450804
38	Pancreas Beta Cells	NA	NA	NA	NA	NA	NA	NA	NA	NA	NA	NA	NA	NA	1.84030412219893	NA	NA	1.61680610155469	NA	NA	NA	NA	NA	NA	NA	NA	NA	NA	NA	NA	NA	NA	NA	NA	NA	NA	NA	NA	NA	NA	NA	NA	NA	NA	NA	NA	NA	-1.69641027224512	NA	NA	NA	NA	NA	NA	1.56566532143494	NA	NA	NA	NA	-1.4936441112957	NA	NA	NA	NA	NA	NA	NA	NA	NA	NA	NA	NA	NA	NA	NA	NA	NA	NA	NA	NA	NA	NA	NA	NA	-1.67372814485019	NA	NA	-1.54982797749368	NA	NA	NA	NA	NA
39	PI3K/AKT/mTOR  Signaling	NA	NA	NA	NA	NA	NA	NA	NA	NA	NA	NA	NA	NA	NA	NA	NA	NA	1.40352250414415	NA	NA	NA	NA	NA	NA	NA	NA	NA	NA	NA	NA	NA	NA	NA	NA	NA	NA	NA	NA	NA	NA	NA	NA	NA	NA	NA	1.53161432652817	NA	NA	NA	NA	NA	NA	NA	NA	NA	-1.25039636032033	NA	NA	NA	NA	1.52090696564097	NA	-1.42035420504953	NA	NA	NA	NA	NA	1.4490228150869	NA	NA	NA	NA	NA	NA	NA	NA	NA	NA	NA	1.39562023353833	NA	NA	NA	NA	NA	NA	NA	NA	NA	NA	NA
40	Protein Secretion	NA	NA	NA	NA	NA	NA	NA	NA	NA	NA	NA	NA	NA	NA	NA	NA	NA	NA	NA	NA	NA	NA	1.47408908296708	NA	NA	NA	NA	NA	NA	NA	NA	NA	NA	NA	-1.59803983352238	NA	NA	NA	NA	NA	NA	NA	NA	NA	NA	NA	NA	NA	NA	NA	NA	1.38214249276272	NA	NA	-1.31735954392018	NA	NA	NA	NA	NA	NA	-1.50194755871984	NA	NA	NA	NA	NA	NA	NA	NA	NA	NA	NA	NA	NA	NA	NA	NA	1.49179133455512	NA	NA	NA	NA	NA	NA	NA	NA	-1.40920899031372	NA	NA	NA	NA
41	Reactive Oxygen Species Pathway	NA	NA	NA	NA	NA	NA	NA	NA	NA	NA	NA	NA	NA	NA	NA	NA	NA	NA	NA	NA	NA	NA	NA	NA	NA	NA	NA	NA	NA	NA	NA	NA	NA	NA	NA	NA	NA	NA	NA	NA	1.51189549722767	NA	NA	NA	NA	1.62390594122112	NA	NA	NA	NA	NA	NA	NA	NA	NA	NA	NA	NA	NA	NA	NA	NA	NA	NA	NA	NA	NA	NA	NA	NA	NA	NA	NA	NA	NA	NA	NA	NA	NA	NA	NA	NA	NA	NA	NA	NA	NA	NA	NA	NA	NA	NA
42	Spermatogenesis	NA	NA	-1.40713541064191	NA	NA	NA	NA	NA	NA	NA	-1.52666117270757	NA	-1.38947569717542	-1.51121684767567	NA	NA	NA	NA	NA	-1.46889378332706	1.53007380784796	NA	NA	NA	NA	NA	1.29069244792239	-1.40655026675446	NA	-1.45884534978592	-1.61600527844034	1.48423048447184	NA	NA	NA	NA	NA	NA	NA	1.33632614754007	NA	1.37592286574986	NA	NA	1.39433398479249	NA	-1.51505942232668	NA	-1.37258639318046	1.43912395369702	NA	-1.50628908002702	NA	-1.40298960307663	NA	NA	NA	NA	1.45288701040329	NA	NA	NA	NA	NA	1.39744416298681	NA	NA	-1.42383034880064	-1.65748250851955	NA	NA	NA	NA	NA	NA	-1.38531098282554	NA	NA	NA	-1.58128132227422	NA	NA	NA	NA	-1.70257200809779	NA	1.54242437354777	NA	NA	NA	NA	NA
43	TGF-beta Signaling	NA	NA	NA	NA	NA	NA	NA	NA	NA	NA	NA	-1.3653020542096	1.5121904848306	NA	NA	NA	NA	1.77637240008843	-1.66031138071878	2.02697035882637	NA	NA	1.82692612669736	NA	NA	NA	-1.44781886922052	NA	NA	NA	NA	NA	NA	NA	NA	NA	NA	NA	1.5903090025006	-1.52651883092433	NA	-1.78630732986665	-1.66618197716559	NA	NA	1.42912413088422	-1.43650289503573	NA	1.76728367878862	NA	1.4160318553557	NA	NA	1.67557592923824	NA	-1.90223203929722	-1.58672508890885	NA	-1.87124226838244	NA	1.88499291147689	NA	-1.7528050877508	NA	NA	NA	NA	-1.68738276569026	2.12434503680939	NA	NA	NA	NA	NA	NA	NA	NA	NA	NA	NA	NA	1.55450347199748	1.43370548985786	NA	NA	NA	-1.91524349557548	NA	NA	NA	-1.46107022375861	NA
44	TNF-alpha Signaling via NF-kB	2.01867489297635	NA	2.06358909590129	-2.16710973434073	NA	NA	NA	1.51474412029714	NA	NA	1.43642074786813	-2.59054915461918	2.05122391069824	1.8241100337979	NA	NA	1.67146085767251	2.76816044836888	-2.66151031119621	2.6472706367634	NA	2.2542862030307	1.65039777013559	2.27013750812142	1.52688924180685	NA	-2.17956171078061	NA	NA	-1.83663484699758	1.51485201465522	NA	NA	-2.00609149717789	NA	NA	-1.45315754538397	NA	NA	-2.49648369878954	2.22007076494292	-1.88728457612918	-1.52296045484923	NA	-1.78098777942986	2.70013686199307	1.31921139878344	NA	1.77711179664338	1.31387375493013	1.93806795945928	-1.72527914625977	-1.78971852906937	1.8149123571384	NA	-2.4561256460479	-2.28404555384657	NA	-1.95750022706374	1.92737597093583	2.29080838763943	-1.60680695046029	-2.50094769236372	2.20549242494472	NA	1.82252872373572	NA	-1.42960414998054	2.80094027078829	-1.42094955416638	-2.49651907436617	1.96651466344978	NA	NA	-2.08869881425789	2.27551843145299	2.54991326480534	1.39620558851101	-2.14367867141552	2.01827155686395	1.99308819595358	1.87955586821187	2.39361405117946	NA	-1.40886700566402	NA	-1.21707926035621	1.82159015526365	-1.75574542993681	NA	-2.26391139356485	-1.93558178335609
45	Unfolded Protein Response	NA	NA	NA	NA	NA	NA	NA	NA	NA	NA	1.30861735757629	-1.71238952708671	1.51191634786068	NA	NA	NA	NA	NA	-1.72697656085718	NA	NA	NA	NA	NA	NA	NA	NA	NA	NA	-1.30599771560996	NA	NA	NA	-1.48752582483243	NA	NA	NA	NA	NA	-1.33576899456928	NA	-1.37196145629308	NA	NA	NA	1.50912581820377	NA	NA	NA	NA	1.33247693752988	NA	NA	NA	-1.54102228150207	-1.80524820060786	-1.68524634863772	NA	NA	1.49378988478808	1.40776314199472	NA	-1.35159300920923	1.37209067613685	NA	NA	NA	NA	NA	NA	NA	NA	NA	NA	NA	NA	1.73659952704697	NA	NA	NA	1.35245163144836	NA	NA	NA	NA	1.49426269310057	NA	NA	-1.45581557104986	NA	NA	NA
46	UV Response Dn	1.20995015510764	NA	NA	NA	NA	NA	NA	NA	NA	NA	NA	NA	NA	NA	NA	NA	NA	NA	NA	NA	NA	NA	1.64243207111418	NA	NA	NA	NA	NA	NA	-1.37911137723835	NA	NA	1.4718168655869	NA	NA	NA	NA	-1.66067074148684	NA	NA	NA	NA	NA	NA	NA	NA	-1.53780392054203	NA	NA	NA	NA	-1.41139899098851	NA	NA	NA	NA	NA	NA	NA	NA	1.27151902720153	NA	NA	NA	NA	NA	NA	NA	1.48888996581987	NA	NA	NA	NA	NA	NA	NA	NA	NA	NA	NA	NA	NA	NA	-1.33643809535279	NA	NA	-1.40291358725037	NA	NA	NA	NA	NA
47	UV Response Up	NA	NA	NA	NA	NA	NA	NA	NA	NA	NA	NA	-1.65904228335633	1.41273560628037	NA	NA	NA	NA	1.57764110423309	-1.41174205047565	1.84829805214327	NA	NA	1.34455789470234	NA	NA	NA	-1.32988922295993	NA	NA	NA	NA	NA	NA	-1.48532898889413	NA	NA	NA	NA	NA	-1.60384306790581	1.36625767442456	-1.68909048345857	NA	NA	NA	1.80525994815712	NA	NA	NA	NA	1.28568210098894	-1.31877723860003	NA	NA	-1.22573037869015	-1.59476424825419	-1.56742543959737	NA	NA	NA	1.38767001984026	-1.32043202890749	-1.74288978553156	NA	NA	NA	1.44982202735233	NA	1.78736842411598	NA	NA	NA	NA	NA	NA	1.33549062439489	NA	NA	NA	NA	NA	NA	NA	NA	NA	NA	-1.3634471860267	NA	NA	NA	NA	-1.39081491415971
48	Wnt-beta Catenin Signaling	NA	NA	-1.49745835264854	NA	NA	NA	NA	NA	NA	NA	NA	NA	NA	NA	NA	NA	NA	NA	NA	NA	NA	NA	NA	NA	NA	NA	-1.58158408957133	NA	NA	NA	NA	NA	NA	NA	NA	NA	NA	NA	NA	NA	NA	NA	-1.61151789697517	NA	NA	NA	NA	NA	NA	NA	1.70395892978391	NA	NA	NA	NA	NA	-1.43417522286915	NA	NA	NA	NA	NA	NA	NA	NA	NA	NA	NA	NA	NA	NA	NA	NA	NA	NA	NA	NA	NA	NA	NA	NA	NA	-1.62654152875709	-1.42184638976259	NA	NA	-1.62804768410379	NA	NA	NA	NA	NA
49	Xenobiotic Metabolism	NA	NA	NA	NA	1.45537195400588	NA	NA	NA	NA	NA	NA	NA	NA	NA	NA	NA	NA	NA	NA	NA	NA	NA	NA	NA	NA	NA	NA	NA	NA	NA	NA	NA	NA	NA	NA	NA	NA	NA	1.33814134523077	-1.45229372522685	NA	NA	NA	NA	NA	1.464499272707	NA	NA	NA	NA	NA	NA	NA	NA	NA	NA	NA	NA	NA	NA	NA	NA	NA	NA	NA	NA	NA	NA	NA	NA	NA	NA	NA	NA	NA	NA	NA	NA	-1.37189054118028	1.2829980559027	NA	NA	NA	NA	NA	NA	NA	NA	NA	NA	NA	NA
