	X0100.015.007	X0285.015.009	X1000.015.002	X1005.015.008	X1009.015.013	X1011.015.015	X1013.015.017	X1015.015.019	X1016.015.020	X1017.015.021	X1018.015.022	X1019.015.023	X1051.016.036	X1058.016.043	X1084.016.071	X1089.016.076	X1092.016.079	X1106.016.093	X1150.016.137	X1155.016.142	X1158.016.145	X1161.016.148	X1163.016.150	X1184.016.171	X1190.016.177	X1195.016.182	X1204.016.191	X1435.019.073	X1480.019.118	X1484.019.122	X1486.019.124	X1500.019.138	X1503.019.141	X1504.019.142	X1526.019.164	X1535.019.173	X1537.019.175	X1541.019.179	X1542.019.180	X1543.019.181	X1544.019.182	X1545.019.183	X1547.019.185	X1551.019.189	X1553.019.191	X1554.019.192	X1555.019.193	X1556.019.194	X1557.019.195	X1558.019.196	X1559.019.197	X1563.019.201	X1564.019.202	X1565.019.203	X1566.019.204	X1567.019.205	X1568.019.206	X1569.019.207	X1571.019.209	X1573.019.211	X1575.019.213	X1576.019.214	X1581.019.219
TNF-alpha Signaling via NF-kB	0.0355366027007818	0.0840336134453782	1	0.0153186274509804	0.0330687830687831	0.26542800265428	1	1	0.131497524752475	0.0531914893617021	1	0.189873417721519	0.0440917107583774	0.00708014726706316	0.0588235294117647	0.00766871165644172	0.431406384814495	1	0.0262605042016807	0.00683807439824945	0.0048661800486618	0.0233426704014939	0.924075924075924	0.00604448742746615	0.0078125	0.0139664804469274	0.043630017452007	0.420168067226891	0.00817527795945062	0.0124843945068664	0.00377928949357521	0.227272727272727	0.00809847748623259	1	0.0314070351758794	1	0.0479616306954437	0.0146627565982405	0.0846501128668172	0.00967117988394584	0.0809061488673139	0.831109416698437	0.065359477124183	1	0.00725058004640371	0.0192307692307692	0.0674763832658569	0.0532821824381927	0.0236518448438978	0.0224014336917563	0.00562556255625563	0.00850340136054422	0.00894134477825465	1	0.012120232708468	1	0.0481927710843374	0.00720046082949309	0.00710227272727273	0.127877237851662	0.435967302452316	0.0119731800766284	0.00818196694485354
Hypoxia	0.204858062628036	1	1	1	1	1	1	1	1	0.0798722044728434	1	1	0.209030100334448	0.00708014726706316	0.0588235294117647	0.0331586975263612	1	1	1	0.00683807439824945	0.0048661800486618	0.0233426704014939	0.344827586206897	0.222186529607024	0.0078125	0.461165048543689	1	1	0.00817527795945062	0.915313162040306	0.00377928949357521	0.34965034965035	0.0222816399286988	0.958157524613221	1	0.327669902912621	0.719145637757299	0.0146627565982405	1	0.686728395061728	1	0.015001500150015	0.0614754098360656	1	0.00725058004640371	0.0192307692307692	0.394736842105263	1	0.163265306122449	0.0366568914956012	0.1070729319628	0.0596955526813253	0.564229687731242	0.205190771960958	1	0.156739811912226	0.0164473684210526	0.422999713220533	0.409090909090909	0.127877237851662	1	1	0.0742364253393665
Cholesterol Homeostasis	0.0638977635782748	1	1	1	1	1	1	0.309798270893372	1	1	0.336538461538462	1	1	0.0444207533759773	0.279329608938548	1	1	1	1	1	0.0809952698762392	0.864955357142857	1	0.824468085106383	0.205346475507766	1	1	1	1	0.537056928034372	0.825381679389313	1	1	1	1	1	0.229709035222052	0.682530898358237	1	1	1	0.085995085995086	0.917007520781106	1	0.144137125048695	0.525430853299706	0.0674763832658569	1	0.481992234569554	1	0.998799519807923	1	0.821409644939057	1	1	1	1	0.484848484848485	1	0.685131195335277	1	1	0.796052631578947
Mitotic Spindle	1	0.397474865559972	1	1	0.223214285714286	1	1	1	0.505050505050505	1	1	1	0.209030100334448	0.00708014726706316	0.0588235294117647	0.130434782608696	0.0869565217391304	0.0206953642384106	1	1	0.538200538200538	0.965007215007215	0.129310344827586	0.837586703311085	0.0078125	1	1	0.858552631578947	0.00817527795945062	1	0.00377928949357521	1	1	1	1	0.748210800260247	0.828986587183309	0.515201379094186	0.0846501128668172	1	1	0.015001500150015	0.0427350427350427	1	0.861783228372556	0.0192307692307692	0.413202317964223	1	0.248344370860927	1	0.998799519807923	1	0.0480769230769231	1	0.0558035714285714	0.156739811912226	0.0164473684210526	1	0.0182748538011696	0.127877237851662	1	0.654504225932797	0.0296296296296296
Wnt-beta Catenin Signaling	0.767123287671233	1	1	0.0919117647058823	1	1	1	1	1	1	1	1	1	1	0.168589174800355	1	1	1	1	0.965608465608466	1	1	1	0.824468085106383	1	1	0.493827160493827	1	0.241961942257218	0.501801338136902	0.66683352402746	1	0.887323024727605	0.975	1	0.797516714422159	0.899390243902439	0.174628210905813	1	1	1	0.498338870431894	1	1	0.992707351966224	0.989148326525636	1	1	1	1	0.998799519807923	1	0.0209643605870021	0.10035682426405	1	0.161637931034483	0.0164473684210526	1	0.102941176470588	1	1	1	0.905478029174005
TGF-beta Signaling	1	0.724573257467994	1	0.2755436401549	0.933075933075933	1	1	1	1	1	1	1	0.222701149425287	0.0861259004071406	0.0588235294117647	0.153562653562654	1	1	0.543041029766694	0.00683807439824945	0.0121644635471576	0.0233426704014939	1	0.11037527593819	0.0078125	0.120497209538305	0.620280474649407	1	0.00817527795945062	0.537056928034372	0.00377928949357521	0.327380952380952	0.0782472613458529	1	1	0.895460224906289	0.0479616306954437	0.0146627565982405	1	0.495787995787996	1	0.311025311025311	1	0.173946656358717	0.376020627417275	0.217899659863946	1	0.683568677792041	0.995337159253945	0.400641025641026	0.607409850483729	0.0338066260987153	0.0649350649350649	0.943701466781708	0.975468418002704	0.241228070175439	0.0164473684210526	1	1	0.541834677419355	0.696430792190026	0.0553447185325743	0.10645375914837
IL-6/JAK/STAT3 Signaling	0.204858062628036	0.52417006406523	1	0.0153186274509804	0.0330687830687831	1	0.692204301075269	1	0.0515463917525773	0.26281208935611	1	0.407771647877189	0.867369345630215	0.00708014726706316	0.339015885315769	0.186910512997469	1	1	0.0262605042016807	0.00683807439824945	0.0048661800486618	0.0475285171102662	0.594042838018742	0.00604448742746615	0.847006651884701	0.0811688311688312	0.46677039342076	1	0.00817527795945062	0.0124843945068664	0.00377928949357521	0.227272727272727	0.00809847748623259	0.154486036838978	0.112395632626847	0.701578551741418	0.899390243902439	0.0146627565982405	1	0.00967117988394584	1	0.0969899665551839	1	1	0.00730033581544751	0.0195963158926122	0.0674763832658569	0.112107623318386	0.0901442307692308	0.0309405940594059	0.00562556255625563	0.00850340136054422	0.00897343862167983	0.10035682426405	0.00566893424036281	1	1	0.00720046082949309	0.025179403248143	0.127877237851662	0.741469816272966	0.0119731800766284	0.178102737157855
DNA Repair	1	0.363636363636364	1	0.31700288184438	1	1	1	1	1	1	0.0169033130493577	0.347372991749891	1	0.0168539325842697	0.0588235294117647	0.433615527565558	0.104166666666667	1	1	1	1	1	0.64684439997141	1	0.980737608644585	1	1	1	1	0.810502283105023	0.41947716366321	1	1	0.943947061113274	1	0.892980755918593	0.982042648709315	1	1	1	1	0.44478527607362	1	1	1	1	1	1	1	1	0.998799519807923	1	1	0.834059233449477	0.975468418002704	1	1	1	1	1	1	1	1
G2-M Checkpoint	1	0.031055900621118	1	0.0153186274509804	1	0.0529100529100529	0.209205020920502	0.230891719745223	0.0515463917525773	1	0.0169033130493577	1	0.0440917107583774	0.00708014726706316	0.0588235294117647	0.0281214848143982	0.0869565217391304	0.0206953642384106	0.0419619544945916	0.0298477763406626	0.0160875160875161	0.0721500721500722	0.0992063492063492	0.00604448742746615	0.0078125	0.292803205424565	0.796722057819258	0.420168067226891	0.00817527795945062	0.0723830734966592	0.00377928949357521	1	0.187007874015748	0.0544662309368192	1	0.040453074433657	0.076844262295082	1	0.0447227191413238	1	1	0.015001500150015	0.0427350427350427	0.0980392156862745	1	0.0192307692307692	0.0264830508474576	1	0.0236518448438978	0.466269841269841	0.557843325033518	0.0596955526813253	0.0480769230769231	1	0.00566893424036281	0.156739811912226	0.0164473684210526	1	0.00710227272727273	0.127877237851662	1	1	0.00818196694485354
Apoptosis	0.0355366027007818	1	1	1	1	1	0.39859693877551	1	1	0.342130987292278	1	1	0.076413652572593	0.00708014726706316	0.0785545954438335	0.042533699777516	1	1	1	0.00683807439824945	0.0048661800486618	0.0233426704014939	1	0.0102880658436214	0.0115074798619102	0.0439521800281294	1	1	0.00817527795945062	1	0.00377928949357521	0.685975609756098	0.059138937076171	0.514161220043573	0.161082474226804	0.290486564996369	0.828986587183309	0.0146627565982405	1	0.21551724137931	1	0.0398724082934609	1	1	0.0318616294947656	0.0192307692307692	0.138888888888889	1	0.516820749871597	0.0366568914956012	0.1070729319628	0.00850340136054422	0.0353928607543735	0.0758589915216421	0.0190781440781441	1	0.0164473684210526	0.207612456747405	0.309106098579783	0.127877237851662	1	0.0260235947258848	0.0290360046457607
Notch Signaling	0.819925742574257	1	1	1	1	1	0.419664268585132	1	1	1	1	1	1	0.831381733021077	0.396286231884058	0.887714037717983	1	1	1	1	0.642594859241126	1	1	0.770124963673351	0.508852222088402	1	0.807291666666667	1	0.656294019720835	0.537056928034372	0.738617572483739	1	0.793978526916435	1	1	0.140845070422535	0.828986587183309	1	1	1	1	0.782672005824536	1	1	0.296242774566474	0.758487035551991	1	1	0.858358482164943	0.804614593283856	0.998799519807923	1	0.945019528582744	0.305993690851735	1	1	0.0889778667556445	0.537955768081291	0.896233848093287	1	1	1	0.526870389884089
Adipogenesis	0.0618811881188119	1	1	1	1	1	0.238379022646007	1	0.994108983799705	1	0.55056505360765	1	0.363416111447607	0.0287554635380722	0.204248366013072	0.457962341264049	1	1	1	1	1	1	0.0992063492063492	1	0.0115074798619102	1	1	1	1	1	0.213527239150508	1	0.918257802315773	1	1	0.140845070422535	1	0.410930758167249	1	1	1	0.0371609067261241	1	1	1	0.159151193633952	1	0.360230547550432	1	1	0.998799519807923	1	1	0.197124304267161	1	0.161637931034483	0.027382256297919	0.518518518518519	1	0.127877237851662	0.696430792190026	1	1
Estrogen Response Early	0.204858062628036	1	1	1	1	1	0.238379022646007	1	1	1	0.259184133423484	1	0.0656167979002625	0.0873447204968944	0.274509803921569	0.437405731523379	1	1	0.674019607843137	1	0.538200538200538	0.833333333333333	0.284090909090909	0.904357770554954	0.0078125	1	0.620280474649407	1	0.319744204636291	1	0.0573120641895119	1	0.333518621456365	1	1	0.195618153364632	0.719145637757299	0.0146627565982405	1	1	1	0.015001500150015	1	1	0.565765492102066	0.186104218362283	1	0.353535353535353	0.767023507339146	1	0.998799519807923	1	0.595533498759305	0.0728862973760933	1	0.161637931034483	0.0164473684210526	1	1	0.32051282051282	1	1	0.0742364253393665
Estrogen Response Late	0.204858062628036	1	1	1	1	0.975529100529101	1	1	1	1	0.18721198156682	1	0.0440917107583774	0.00708014726706316	0.0588235294117647	0.420760186825576	1	1	1	0.703620507399577	0.172050172050172	0.38961038961039	0.241379310344828	0.117785630153121	0.0078125	0.504350018913126	0.809677419354839	1	0.00817527795945062	1	0.00377928949357521	1	1	1	1	0.040453074433657	1	0.0146627565982405	1	1	1	0.015001500150015	1	1	0.292785327588112	0.0192307692307692	1	0.764370158988993	0.745714285714286	1	0.625445156695157	1	0.758928571428571	0.037202380952381	0.76343037214886	0.156739811912226	0.0164473684210526	1	0.409090909090909	0.127877237851662	1	0.775613275613276	0.00818196694485354
Androgen Response	0.55298353909465	1	1	1	1	1	0.209205020920502	1	1	1	0.748884639898024	1	1	0.865460267505901	1	1	1	1	1	0.572246065808298	0.172050172050172	1	0.0421940928270042	1	0.0078125	1	0.839854934147738	1	0.193222354340071	1	0.66683352402746	1	0.793978526916435	0.148305084745763	1	1	1	0.102040816326531	1	0.771893388715819	1	0.451967387451258	1	0.0980392156862745	0.292785327588112	0.222816399286988	0.138888888888889	1	1	1	0.998799519807923	1	1	0.305993690851735	1	1	0.432504873294347	1	1	0.127877237851662	1	1	0.796052631578947
Myogenesis	0.204858062628036	1	1	0.301572485100883	0.0539568345323741	0.896039099887995	1	1	0.505050505050505	0.635593220338983	1	1	0.551314673452078	0.0179726815240834	0.669856459330143	0.00766871165644172	0.104166666666667	1	1	0.853889943074004	0.642594859241126	0.195901145268234	1	0.891290726817043	0.0078125	1	0.108049702863317	1	0.261324041811847	0.404160869277148	0.00837988826815642	1	0.987217002926228	0.272687609075044	1	0.223214285714286	0.828986587183309	0.0393081761006289	1	0.426964034558971	1	0.0491803278688525	1	1	0.0896957520091849	0.367647058823529	0.307002007320817	0.608584240871236	1	0.0613747954173486	0.856854838709677	0.0245098039215686	0.792369333811745	0.0142633005277421	0.253204981979105	1	0.0164473684210526	0.382432765852455	0.896233848093287	0.490693739424704	1	0.773366028482505	0.125427594070696
Protein Secretion	0.632987701953219	1	1	1	0.0954927425515661	1	0.39859693877551	1	1	0.428921568627451	0.793413173652695	1	1	1	1	1	0.0869565217391304	1	1	1	0.687611806797853	1	0.482093663911846	1	0.0150270486876377	1	0.415647921760391	1	1	0.0185185185185185	1	1	0.793978526916435	0.338655055636188	1	1	1	1	1	0.426964034558971	1	1	1	0.387596899224806	0.253164556962025	0.511695906432749	0.252367896311067	1	0.0236518448438978	1	0.625445156695157	1	1	1	1	1	1	0.0372578241430701	0.466012178451597	0.127877237851662	0.887812752219532	1	1
Interferon Alpha Response	0.632987701953219	1	1	0.0153186274509804	0.0330687830687831	0.0529100529100529	0.39859693877551	0.116822429906542	1	1	1	1	1	0.987524028494968	0.97929170293673	0.722062603961893	1	1	0.0262605042016807	0.00683807439824945	0.0048661800486618	1	0.0217864923747277	0.00604448742746615	0.0078125	1	0.0626043405676127	0.791855203619909	0.00817527795945062	0.0124843945068664	0.0300447940565935	0.227272727272727	0.00809847748623259	0.0238777459407832	1	1	1	0.0146627565982405	1	0.00967117988394584	1	0.634178905206943	0.571095571095571	0.0980392156862745	1	0.0192307692307692	0.0674763832658569	0.360230547550432	1	0.534979423868313	0.00562556255625563	0.00850340136054422	0.0152068126520681	1	1	1	0.0985221674876847	0.0125407574617507	0.00710227272727273	0.184599156118143	1	0.0260235947258848	1
Interferon Gamma Response	0.209478921183556	0.397474865559972	1	0.0153186274509804	0.0330687830687831	0.0529100529100529	0.238379022646007	0.116822429906542	0.994108983799705	1	0.770344328404508	0.900681596884129	0.859183673469388	0.314995563442768	0.938447927199191	0.743374272786038	1	1	0.0262605042016807	0.00683807439824945	0.0048661800486618	1	0.0217864923747277	0.00604448742746615	0.0078125	1	1	0.588235294117647	0.00817527795945062	0.0124843945068664	0.00377928949357521	0.227272727272727	0.00809847748623259	0.0327225130890052	0.112395632626847	1	0.0658761528326746	0.0146627565982405	1	0.00967117988394584	1	0.0717360114777618	0.571095571095571	0.0980392156862745	0.0615148019992311	0.0192307692307692	0.0674763832658569	0.0320924261874198	0.995337159253945	0.449775112443778	0.00562556255625563	0.00850340136054422	0.00894134477825465	0.725446428571429	0.113556953179595	1	0.133572567783094	0.00720046082949309	0.00710227272727273	0.127877237851662	1	0.0119731800766284	1
Apical Junction	0.853838913540406	1	1	1	0.933075933075933	1	1	1	1	1	0.748884639898024	1	0.132275132275132	0.0135446295543817	0.0909090909090909	0.00766871165644172	0.0869565217391304	1	1	0.703620507399577	0.126018876018876	0.0233426704014939	1	0.286782403851078	0.0078125	0.292803205424565	0.415647921760391	1	0.00817527795945062	0.127404241328292	0.00377928949357521	1	0.203717850776674	0.154486036838978	1	0.223214285714286	1	0.0146627565982405	1	1	1	0.0353606789250354	1	1	0.0318616294947656	0.154320987654321	1	0.612855007473842	0.304984315092367	0.245098039215686	0.0889528973229414	0.00850340136054422	0.945019528582744	0.0115393491807062	0.064878892733564	0.156739811912226	0.0164473684210526	0.553803014370838	0.661375661375661	1	1	1	0.0410888546481767
Apical Surface	0.476190476190476	1	1	1	1	1	1	1	1	1	1	1	0.132275132275132	0.0769822940723634	0.422979797979798	0.189402480270575	0.391654741281916	1	1	0.539434523809524	0.763540921021236	0.96171802054155	1	0.178915496834572	0.0996492346938776	1	0.242718446601942	1	0.241961942257218	0.537056928034372	0.173232083531087	1	0.258883248730964	0.838984524430534	1	0.335249042145594	0.899390243902439	0.102880658436214	1	0.186721991701245	1	0.0325520833333333	1	1	0.444256399407658	0.186104218362283	0.974801061007957	1	0.178372352285396	0.479638009049774	0.682266009852217	1	0.422113289760349	0.10035682426405	0.65845773509556	0.170150704910063	0.0962000962000962	0.195530726256983	1	0.857229555454408	1	0.863636363636364	0.110140822909291
Hedgehog Signaling	0.836236933797909	1	1	1	1	0.851672261593933	1	1	1	0.868055555555556	0.748884639898024	1	1	0.765669515669516	0.938447927199191	0.259038179975222	0.431406384814495	1	1	1	0.752832438878951	1	1	0.824468085106383	0.378151260504202	0.688816855753647	0.620280474649407	1	0.307587149692413	0.642426133999168	0.271477362290919	1	0.72463768115942	0.943947061113274	1	0.748210800260247	0.982042648709315	0.504698920988514	1	0.782798256044392	1	0.782672005824536	1	1	0.296242774566474	0.758487035551991	1	1	1	0.479638009049774	0.998799519807923	1	0.762771750426071	0.180783137164397	0.673400673400673	1	0.0485319097306479	1	1	0.831024930747922	1	1	0.835648148148148
Complement	0.209478921183556	0.724573257467994	1	0.0153186274509804	0.0330687830687831	0.148809523809524	1	1	0.777649769585253	1	1	1	1	0.00708014726706316	0.441176470588235	0.189402480270575	1	1	0.0352396294804672	0.00683807439824945	0.0048661800486618	0.239977413890457	1	0.00604448742746615	0.218204488778055	0.0462320850670365	0.796722057819258	1	0.00817527795945062	0.0300978179082017	0.00377928949357521	0.227272727272727	0.00809847748623259	0.514161220043573	1	0.637135922330097	1	0.0146627565982405	1	0.00967117988394584	1	0.914765389582436	1	0.0980392156862745	0.0116009280742459	0.0192307692307692	0.0674763832658569	0.683568677792041	0.14792899408284	0.0896057347670251	0.00562556255625563	0.0803402646502836	0.0268240343347639	0.0142633005277421	0.012120232708468	1	0.193014705882353	0.00720046082949309	0.00710227272727273	0.127877237851662	1	0.0119731800766284	0.472316384180791
Unfolded Protein Response	0.311387900355872	1	1	1	1	0.556445868945869	0.39859693877551	0.634103465595178	0.994108983799705	1	1	0.407771647877189	0.0816993464052288	0.00708014726706316	0.0588235294117647	1	1	1	1	1	0.00829668962084128	0.21780303030303	1	0.507209926224011	0.651485266869882	1	1	0.420168067226891	0.0181818181818182	0.404160869277148	0.0500421407501054	1	0.0413907284768212	0.943947061113274	1	1	1	0.724963470832865	1	0.129251700680272	1	1	1	0.243055555555556	0.565765492102066	0.154440154440154	0.0674763832658569	1	1	1	0.1070729319628	1	1	0.943701466781708	0.65845773509556	0.156739811912226	1	1	0.0273882559158633	0.127877237851662	1	1	1
PI3K/AKT/mTOR  Signaling	1	1	1	1	1	1	1	1	1	1	1	1	1	0.178731009830206	0.339015885315769	1	1	1	0.068259385665529	0.0298477763406626	0.175467012201706	0.62519784742007	1	0.168147208121827	1	1	1	1	0.0125297581756672	0.810502283105023	0.0226577546165175	0.227272727272727	0.182904068682344	1	1	1	0.719145637757299	0.0188217579521927	1	1	1	0.892159416514717	1	0.903880070546737	0.444256399407658	0.128205128205128	1	1	1	1	0.0889528973229414	1	0.467229902713774	1	1	1	0.982532751091703	0.195530726256983	0.896233848093287	0.127877237851662	1	0.497462939011044	1
mTORC1 Signaling	0.819925742574257	1	1	1	1	0.529100529100529	1	0.134128166915052	1	1	0.622041920216362	0.34805890227577	0.0816993464052288	0.00708014726706316	0.0588235294117647	1	0.174520069808028	1	1	1	0.0048661800486618	0.085999312005504	1	0.478512098230408	0.0115074798619102	1	1	0.588235294117647	0.241961942257218	0.0392156862745098	0.00377928949357521	1	0.273618998451213	0.958157524613221	1	1	1	0.0509554140127389	1	0.00967117988394584	1	0.0353606789250354	1	1	0.00725058004640371	0.0192307692307692	0.0674763832658569	0.479539641943734	1	1	0.00562556255625563	0.950959488272921	0.91978879964051	0.146683673469388	0.0209643605870021	0.156739811912226	1	0.484848484848485	0.00710227272727273	0.127877237851662	1	1	1
E2F Targets	1	0.031055900621118	1	0.0153186274509804	0.218253968253968	0.148809523809524	0.318217979315831	0.246756909193457	0.0515463917525773	1	0.0169033130493577	1	0.0440917107583774	0.00708014726706316	0.0588235294117647	0.0281214848143982	0.0869565217391304	0.0206953642384106	0.0262605042016807	0.00683807439824945	0.752832438878951	0.96171802054155	1	0.00604448742746615	0.0078125	0.0699300699300699	0.242718446601942	0.420168067226891	0.00817527795945062	0.0185185185185185	0.00377928949357521	1	0.0178954903364352	0.0523560209424084	1	0.040453074433657	0.0479616306954437	0.779092702169625	0.0447227191413238	0.775729646697389	0.182038834951456	0.015001500150015	0.0427350427350427	0.0980392156862745	1	0.0192307692307692	0.0264830508474576	1	0.0236518448438978	0.252631578947368	0.998799519807923	0.386960600375235	0.0480769230769231	1	0.00566893424036281	0.156739811912226	0.0164473684210526	0.142857142857143	0.00710227272727273	0.127877237851662	0.419776119402985	1	0.00818196694485354
Myc Targets V1	1	0.031055900621118	1	0.0153186274509804	0.212585034013605	0.570871623503202	1	0.134128166915052	0.0515463917525773	1	0.0169033130493577	0.0801282051282051	0.0440917107583774	0.00708014726706316	0.0588235294117647	0.0281214848143982	0.0869565217391304	0.0206953642384106	0.0352396294804672	0.00683807439824945	0.0048661800486618	0.0233426704014939	1	0.0430359937402191	0.268939393939394	1	0.796722057819258	0.789241622574956	0.00817527795945062	0.0124843945068664	0.00377928949357521	1	1	0.698529411764706	1	0.198627663416396	0.114311842706904	1	1	0.785226567349472	1	0.015001500150015	1	0.607287449392713	0.932814302191465	0.0192307692307692	1	1	0.0236518448438978	0.804614593283856	0.926583586233615	1	0.252513966480447	0.424352433281005	0.00566893424036281	0.156739811912226	0.0164473684210526	0.0769230769230769	0.00710227272727273	0.127877237851662	0.186567164179104	0.863636363636364	1
Myc Targets V2	1	1	1	0.0239635753654445	1	0.26542800265428	1	0.134128166915052	0.777649769585253	1	1	0.189873417721519	0.326530612244898	0.00708014726706316	0.0588235294117647	0.0156201187129022	0.174520069808028	1	1	0.1173300886494	0.725413060582219	1	1	0.530685409689136	1	1	0.588837685611879	1	1	0.184310018903592	0.00649013499480789	1	0.366318257301944	1	1	1	1	0.515201379094186	1	1	1	1	1	1	0.875992335067068	1	1	1	1	0.415360501567398	0.998799519807923	0.278223144393096	0.0620501365103003	0.834059233449477	0.253204981979105	0.161637931034483	0.866613061735013	1	0.466012178451597	1	1	0.654504225932797	1
Epithelial Mesenchymal Transition	0.0355366027007818	0.119485294117647	1	0.329771797915842	0.212585034013605	0.556445868945869	1	1	0.736948694869487	0.26281208935611	0.26369168356998	1	0.186489846663904	0.00708014726706316	0.0588235294117647	0.00766871165644172	0.0869565217391304	1	0.0262605042016807	0.0246639536317672	0.0048661800486618	0.0233426704014939	1	0.0209590878604963	0.0078125	0.0139664804469274	0.0647249190938511	1	0.00817527795945062	0.0124843945068664	0.00377928949357521	1	0.0335570469798658	0.0238777459407832	0.0624219725343321	0.312989045383412	0.982042648709315	0.0146627565982405	1	0.0620732464307883	1	0.015001500150015	1	1	0.00725058004640371	0.0192307692307692	0.252367896311067	0.0454545454545455	0.0236518448438978	0.0224014336917563	0.00562556255625563	0.00850340136054422	0.31401362778097	0.0115393491807062	0.00566893424036281	1	0.0164473684210526	0.858972621306587	0.671269658611431	1	0.186567164179104	0.0909090909090909	0.00818196694485354
Inflammatory Response	0.0355366027007818	0.0495294700346706	1	0.0153186274509804	0.0330687830687831	0.366300366300366	0.238379022646007	1	0.106213489113117	0.26281208935611	0.222332015810277	0.293803418803419	1	0.00708014726706316	0.0588235294117647	0.00766871165644172	0.689563365282215	1	0.0352396294804672	0.00683807439824945	0.0048661800486618	0.0233426704014939	1	0.00604448742746615	0.103190300111789	0.0139664804469274	0.043630017452007	0.420168067226891	0.00817527795945062	0.0124843945068664	0.00377928949357521	0.227272727272727	0.00809847748623259	1	0.0624219725343321	0.701578551741418	0.03315649867374	0.0146627565982405	1	0.00967117988394584	1	0.399585614917863	1	0.0980392156862745	0.00725058004640371	0.0192307692307692	0.0674763832658569	0.0320924261874198	0.0236518448438978	0.0224014336917563	0.00562556255625563	0.00850340136054422	0.00894134477825465	0.0115393491807062	0.00566893424036281	1	0.500794912559618	0.00720046082949309	0.00710227272727273	0.127877237851662	0.696430792190026	0.0119731800766284	0.00818196694485354
Xenobiotic Metabolism	0.836236933797909	1	1	1	1	0.0529100529100529	1	1	1	1	1	1	1	1	0.938447927199191	0.887714037717983	1	1	0.297353553374963	1	0.642594859241126	0.848345203183913	1	0.11037527593819	0.467384677910994	1	0.699751008843479	1	0.982003451392884	0.0588720122453786	0.41947716366321	1	0.284339457567804	1	1	0.904088050314465	1	1	1	1	1	0.302289683560587	0.571095571095571	0.163398692810458	1	0.367647058823529	1	1	0.115107913669065	0.0896057347670251	0.998799519807923	1	0.568019943019943	1	1	1	0.392648287385129	1	0.608927704997574	1	1	1	1
Fatty Acid Metabolism	1	1	1	1	1	0.556445868945869	1	1	1	1	1	1	1	1	1	1	0.764895330112721	1	1	0.16173752310536	0.857439805993418	1	1	1	0.980737608644585	0.527871621621622	0.796722057819258	1	0.683928571428571	0.0349552572706935	1	1	0.258883248730964	1	1	0.895460224906289	0.828986587183309	1	1	1	1	0.822172619047619	0.571095571095571	1	1	1	1	1	1	1	0.998799519807923	1	0.945019528582744	0.435432793807178	1	1	1	1	0.896233848093287	0.378787878787879	0.607064017660044	1	1
Oxidative Phosphorylation	1	1	0.561797752808989	0.0153186274509804	0.0992063492063492	0.352733686067019	0.306748466257669	1	0.0515463917525773	1	0.0169033130493577	0.0801282051282051	0.0440917107583774	0.00708014726706316	0.0588235294117647	0.722062603961893	0.0869565217391304	1	1	0.135612722939098	1	0.0233426704014939	1	1	1	0.029655990510083	1	1	1	0.0124843945068664	0.367950481430536	1	0.0178954903364352	1	1	0.040453074433657	0.709331651954603	0.654776752307309	1	1	1	0.775926582378195	1	0.565610859728507	1	0.0192307692307692	0.767195767195767	0.112107623318386	1	0.0352733686067019	0.789293067947838	1	0.0480769230769231	0.442176870748299	1	0.156739811912226	0.0164473684210526	0.0769230769230769	1	0.127877237851662	0.18450184501845	1	1
Glycolysis	1	1	1	1	1	1	1	0.926514188903007	1	1	1	1	0.93503937007874	0.0474533375514078	0.583333333333333	1	1	1	1	1	0.790155440414508	1	1	1	0.0481974166184692	1	1	1	0.246279044865617	0.810502283105023	0.0625	1	1	1	1	0.748210800260247	1	0.311457174638487	1	1	1	0.0371609067261241	1	1	0.296242774566474	0.237889273356401	1	1	1	1	0.998799519807923	1	0.0480769230769231	0.582208689927584	0.980875394321767	0.161637931034483	0.654047399199754	1	0.520243678904523	0.589225589225589	1	0.142755174875089	0.664069046421988
Reactive Oxygen Species Pathway	1	1	1	1	0.63173541434411	0.148809523809524	1	1	1	1	1	1	1	0.359593560306149	0.505302557704304	1	1	1	0.297353553374963	0.105932203389831	0.325821341297855	0.833333333333333	1	1	1	1	1	1	0.800865800865801	1	0.170401493930906	0.513698630136986	0.918257802315773	1	1	1	1	0.443611987381703	1	1	1	0.914765389582436	1	1	1	0.875558867362146	1	0.857778941854374	0.14792899408284	1	0.386455649613544	1	0.766919671094244	1	1	1	0.195019501950195	1	1	0.743243243243243	1	0.310765815760266	1
p53 Pathway	0.09000900090009	1	1	1	1	0.191064079952969	0.209205020920502	1	1	1	1	1	0.0440917107583774	0.00708014726706316	0.0588235294117647	0.0863300785901405	1	1	1	0.00683807439824945	0.0048661800486618	0.0233426704014939	1	0.507209926224011	0.0115074798619102	0.498802873104549	1	1	0.00817527795945062	1	0.00377928949357521	1	0.899328859060403	1	1	0.117370892018779	1	0.0146627565982405	1	1	0.0809061488673139	0.015001500150015	1	1	0.299884659746251	0.0192307692307692	0.954433497536946	1	0.858358482164943	0.0224014336917563	0.625445156695157	0.0144320969836917	0.252513966480447	0.435432793807178	1	0.156739811912226	0.0164473684210526	1	1	0.694444444444444	1	0.47979797979798	0.0742364253393665
UV Response Up	0.836236933797909	1	1	1	1	0.851672261593933	1	1	0.777649769585253	0.316523605150215	1	1	0.209030100334448	0.00708014726706316	0.0588235294117647	0.281708595387841	1	1	0.438931297709924	0.00683807439824945	0.0253630080527551	0.0233426704014939	1	0.401329243353783	0.0345679012345679	0.292803205424565	1	1	0.0139353400222965	0.0300978179082017	0.00377928949357521	1	0.413839891451832	1	1	0.040453074433657	1	0.0146627565982405	1	0.7563566140972	1	0.174689440993789	1	1	0.444256399407658	0.0264270613107822	0.434782608695652	1	0.199095022624434	0.764663548038863	0.763965963743988	0.197255574614065	0.252513966480447	1	0.975468418002704	0.351731601731602	0.0256016385048643	1	0.466012178451597	0.554435483870968	1	0.277400362318841	0.043757292882147
UV Response Dn	0.21484375	0.52417006406523	1	1	1	1	0.39859693877551	1	1	1	1	1	1	1	0.97929170293673	1	0.764895330112721	1	1	1	0.642594859241126	1	1	1	0.0115074798619102	0.415707816791626	1	1	0.0464414257517706	0.273224043715847	0.495211858848222	1	0.72463768115942	1	1	0.895460224906289	0.719145637757299	0.0146627565982405	1	0.395319418089817	1	0.757948213700426	1	1	0.744865993734772	0.927457466918715	1	0.607287449392713	0.14792899408284	1	0.926583586233615	0.196132092683817	1	0.10035682426405	0.189393939393939	1	0.031661600810537	0.502622377622378	1	1	0.696430792190026	1	0.234077299945563
Angiogenesis	0.0355366027007818	0.52417006406523	1	0.46678910315274	1	1	1	1	1	0.260416666666667	1	1	0.209030100334448	0.00708014726706316	0.669856459330143	0.0146412884333821	1	1	0.0752407704654896	0.0845665961945032	0.00529661016949153	0.0233426704014939	0.737082066869301	0.011213276519399	0.0078125	0.292803205424565	1	0.842696629213483	0.00817527795945062	0.711104362789756	0.00378157616094388	0.847186700767264	0.258883248730964	1	0.112395632626847	0.0582298136645963	1	0.0146627565982405	1	0.0663129973474801	1	0.179948586118252	0.880698638247484	1	0.0132135306553911	0.0192307692307692	0.849586288416076	0.683568677792041	1	0.0482253086419753	0.1070729319628	0.00850340136054422	0.168350168350168	0.0115393491807062	0.00573921028466483	1	0.0164473684210526	0.349294628323386	0.409090909090909	0.490693739424704	1	0.021491510853213	0.0296296296296296
heme Metabolism	1	1	1	1	1	1	0.419664268585132	1	0.803799780781878	1	1	0.881901840490798	1	1	1	0.153562653562654	1	1	0.201612903225806	1	0.725413060582219	0.0565610859728507	1	1	0.740049751243781	1	1	1	1	0.355056179775281	0.0813228517213337	1	1	0.947775628626693	1	1	1	1	1	1	1	0.498338870431894	1	1	0.565765492102066	0.888888888888889	1	1	0.516820749871597	0.944960212201591	0.293690026170398	1	1	0.943701466781708	1	1	0.747126436781609	1	0.597299603473373	1	1	1	1
Coagulation	0.0633713561470216	0.146425495262705	1	1	1	0.0529100529100529	1	1	0.777649769585253	1	1	1	0.132275132275132	0.0168539325842697	0.338510553564317	0.00766871165644172	0.764895330112721	1	0.674019607843137	0.572246065808298	0.0115740740740741	0.24390243902439	0.737082066869301	0.0743116395494368	0.0151331719128329	0.287769784172662	1	1	0.00817527795945062	0.537056928034372	0.00635647088736334	1	0.553385416666667	0.154486036838978	0.9796762808811	0.223214285714286	1	0.0146627565982405	1	0.582444626743232	1	0.0371609067261241	1	0.183150183150183	0.596877869605142	0.03813882532418	1	0.683568677792041	0.909545227386307	0.0224014336917563	0.1070729319628	0.00850340136054422	0.125594570039015	0.0115393491807062	0.165185691501481	0.241228070175439	0.0164473684210526	0.0164293537787514	0.309106098579783	0.127877237851662	1	0.114771806643262	0.472316384180791
IL-2/STAT5 Signaling	0.101626016260163	0.223214285714286	1	0.0153186274509804	0.0330687830687831	1	1	0.21782537665638	1	1	1	1	1	0.00708014726706316	0.0909090909090909	0.0281214848143982	1	1	0.0352396294804672	0.00683807439824945	0.0048661800486618	0.0233426704014939	1	0.00604448742746615	0.467384677910994	0.0139664804469274	0.620280474649407	1	0.00817527795945062	0.0258131130614352	0.00377928949357521	0.227272727272727	0.00809847748623259	1	0.112395632626847	0.895460224906289	0.264550264550265	0.0146627565982405	1	0.00967117988394584	1	0.5585306668898	1	1	0.00725058004640371	0.0192307692307692	0.416666666666667	0.0320924261874198	0.817149527751247	0.249853027630805	0.00562556255625563	0.0199893390191898	0.00894134477825465	0.0392464678178964	0.00566893424036281	1	0.188643652141105	0.00720046082949309	0.00710227272727273	0.127877237851662	1	0.0119731800766284	0.260672831005312
Bile Acid Metabolism	0.298498462280649	1	1	1	1	1	0.786468433527257	1	0.994108983799705	0.946205253755045	1	1	0.93503937007874	0.60789629755147	0.396286231884058	0.887714037717983	0.373871331828442	1	1	0.430911680911681	0.538200538200538	0.833333333333333	0.649583692219351	0.891290726817043	1	1	1	0.858552631578947	0.0347544022242817	0.0789265982636148	0.140286377708978	0.9437894486126	0.0413907284768212	1	1	0.933967208205435	0.903880070546737	0.331210191082803	1	0.426964034558971	1	0.775926582378195	1	0.642935982339956	0.863870004974299	0.247688819117391	0.508474576271186	1	1	1	0.998799519807923	1	0.792369333811745	0.831434118342196	1	0.240994419076611	0.247352554688104	0.484848484848485	0.527821625887924	0.355745286374956	0.887812752219532	1	0.742481203007519
Pperoxisome	0.853838913540406	1	1	0.15922158337019	1	1	1	1	0.777649769585253	0.150829562594268	0.529709811146937	1	1	1	0.349961330239753	1	1	1	1	0.965608465608466	0.416666666666667	1	0.241379310344828	1	0.989925023430178	1	1	0.789241622574956	0.731707317073171	0.537056928034372	0.221738766630408	1	0.47246660149886	1	1	0.546531509526136	1	0.70201037613489	1	0.7563566140972	1	1	1	1	0.863870004974299	0.548327137546468	1	1	1	0.340909090909091	0.998799519807923	1	1	1	1	0.648626735583257	1	1	0.466012178451597	0.611030203254606	1	1	1
Allograft Rejection	0.0355366027007818	0.031055900621118	1	0.0153186274509804	0.0330687830687831	1	1	1	0.062111801242236	1	1	1	0.0440917107583774	0.00708014726706316	0.97929170293673	0.578899211711712	0.130793754598218	1	0.0262605042016807	0.00683807439824945	0.0048661800486618	0.833333333333333	0.0293427230046948	0.00604448742746615	0.0925925925925926	0.0396275014860313	1	1	0.00817527795945062	0.0561797752808989	0.00377928949357521	0.227272727272727	0.00809847748623259	0.0238777459407832	0.0314070351758794	1	0.03315649867374	0.0146627565982405	1	0.00967117988394584	0.0809061488673139	0.015001500150015	0.345423143350605	0.0980392156862745	0.00725058004640371	0.0192307692307692	0.0674763832658569	0.0320924261874198	0.184352517985612	0.804614593283856	0.00562556255625563	0.0289888682745826	0.00894134477825465	0.0291749328976543	0.00566893424036281	1	0.671993063297411	0.00720046082949309	0.0630761766132945	0.127877237851662	1	0.0119731800766284	1
Spermatogenesis	0.241356816699282	1	0.959302325581395	0.0476190476190476	0.641111707841031	1	0.637234192367272	0.15493581230633	1	0.26281208935611	0.292077400511135	1	0.0440917107583774	0.722029129427342	0.0648148148148148	0.0222816399286988	1	1	0.514258999532492	0.426229508196721	0.598519127930893	0.0337980566117448	0.0217864923747277	0.770124963673351	0.154639175257732	0.292803205424565	0.493827160493827	0.260145681581686	0.656294019720835	0.473081023454158	0.2809720516542	0.227272727272727	0.734349919743178	0.0906709651420512	1	0.327669902912621	0.0479616306954437	0.0146627565982405	1	1	1	0.311025311025311	0.349568865066418	0.0980392156862745	0.260957052128529	0.047979797979798	0.323796067349582	0.683568677792041	1	0.0240905805829921	0.311032863849765	1	1	0.435432793807178	0.00566893424036281	0.326377742108079	0.0164473684210526	0.553803014370838	0.409090909090909	0.230200633579725	1	1	0.10645375914837
KRAS Signaling Up	0.0355366027007818	0.031055900621118	1	0.0919117647058823	0.0330687830687831	1	1	1	1	0.551786152211232	1	0.153374233128834	0.0656167979002625	0.00708014726706316	0.0909090909090909	0.00766871165644172	1	1	0.0352396294804672	0.00683807439824945	0.0048661800486618	0.0233426704014939	0.358974358974359	0.00604448742746615	0.0115074798619102	0.0139664804469274	1	0.420168067226891	0.00817527795945062	0.0124843945068664	0.00377928949357521	0.227272727272727	0.00809847748623259	1	0.112395632626847	0.19388194743645	0.903880070546737	0.0146627565982405	1	0.00967117988394584	1	0.0371609067261241	1	0.0980392156862745	0.00725058004640371	0.0192307692307692	0.0674763832658569	1	0.115107913669065	0.0224014336917563	0.00562556255625563	0.00850340136054422	0.00894134477825465	0.0115393491807062	0.00566893424036281	1	0.0164473684210526	0.00720046082949309	0.00710227272727273	0.127877237851662	1	0.0119731800766284	0.0742163625251026
KRAS Signaling Dn	0.28809218950064	1	1	0.959355131698456	0.379506641366224	0.556445868945869	0.657894736842105	1	1	0.907044491525424	0.0169033130493577	1	0.0656167979002625	0.294117647058824	0.725210970464135	0.00766871165644172	0.053248136315229	1	0.872	0.528593727827444	0.0483558994197292	0.96171802054155	0.404761904761905	0.442857142857143	0.0078125	0.568421052631579	0.043630017452007	0.588235294117647	0.683928571428571	0.0178571428571429	0.146013204672423	0.60388945752303	0.032051282051282	0.698529411764706	1	0.040453074433657	1	0.458485564868544	1	0.00967117988394584	1	0.015001500150015	1	0.607287449392713	0.037073652990608	0.0757575757575758	1	0.764370158988993	0.481992234569554	0.134770889487871	0.763965963743988	0.00850340136054422	0.0674763832658569	0.0291749328976543	0.248015873015873	1	0.0164473684210526	0.274564785605795	0.677413822671926	0.983038256778507	1	1	0.00818196694485354
Pancreas Beta Cells	0.476190476190476	0.52417006406523	1	0.558095035611778	1	0.896039099887995	0.425230333097094	1	1	0.26281208935611	1	0.34805890227577	0.867369345630215	0.980028059750763	0.715451839047345	0.00823045267489712	0.0869565217391304	1	0.0262605042016807	1	0.260601753139067	0.154320987654321	1	0.824468085106383	0.378151260504202	0.517933901768727	1	1	0.174216027874564	1	0.387470429888245	1	0.258883248730964	1	1	0.472727272727273	0.2905441098785	0.538919729324527	1	0.362274346064104	1	0.764400764400764	1	0.133130467858501	0.875992335067068	0.578439319136394	0.486577181208054	1	0.468483816013629	1	0.370545569221066	1	0.0768156424581006	0.0115393491807062	0.523477157360406	1	0.031661600810537	0.382432765852455	0.661375661375661	0.879002463054187	0.696430792190026	0.730994152046784	0.835648148148148
