	X0100.015.007	X0285.015.009	X1000.015.002	X1005.015.008	X1009.015.013	X1011.015.015	X1013.015.017	X1015.015.019	X1016.015.020	X1017.015.021	X1018.015.022	X1019.015.023	X1051.016.036	X1058.016.043	X1084.016.071	X1089.016.076	X1092.016.079	X1106.016.093	X1150.016.137	X1155.016.142	X1158.016.145	X1161.016.148	X1163.016.150	X1184.016.171	X1190.016.177	X1195.016.182	X1204.016.191	X1435.019.073	X1480.019.118	X1484.019.122	X1486.019.124	X1500.019.138	X1503.019.141	X1504.019.142	X1526.019.164	X1535.019.173	X1537.019.175	X1541.019.179	X1542.019.180	X1543.019.181	X1544.019.182	X1545.019.183	X1547.019.185	X1551.019.189	X1553.019.191	X1554.019.192	X1555.019.193	X1556.019.194	X1557.019.195	X1558.019.196	X1559.019.197	X1563.019.201	X1564.019.202	X1565.019.203	X1566.019.204	X1567.019.205	X1568.019.206	X1569.019.207	X1571.019.209	X1573.019.211	X1575.019.213	X1576.019.214	X1581.019.219	X1290.018.076	X1254.018.040	X1286.018.072	X1260.018.046	X1258.018.044	X1242.018.028	X1238.018.024	X1230.018.016	X1264.018.050	X1252.018.038	X1244.018.030	X1232.018.018	X1228.018.014	X1248.018.034	X1348.018.134	X1340.018.126	X1338.018.124	X1328.018.114	X1334.018.120	X1324.018.110	X1310.018.096	X1318.018.104	X1320.018.106	X1326.018.112	X1322.018.108	X1316.018.102	X1314.018.100	X1302.018.088	X1304.018.090	X1308.018.094	X1300.018.086	X1306.018.092	X1294.018.080	X1298.018.084	X1292.018.078	X1288.018.074	X1282.018.068	X1276.018.062	X1272.018.058	X1278.018.064	X1280.018.066
TNF-alpha Signaling via NF-kB	0.0050761421319797	0.0207715133531157	0.134573304157549	0.00357142857142857	0.00649350649350649	0.0422885572139304	0.786650774731824	0.354838709677419	0.0381773399014778	0.00103950103950104	0.9979633401222	0.0149253731343284	0.00819672131147541	0.00293255131964809	0.0158730158730159	0.00114025085518814	0.236363636363636	0.861892583120205	0.00421940928270042	0.00209205020920502	0.00135869565217391	0.00617283950617284	0.411901983663944	0.00118906064209275	0.0026246719160105	0.00137551581843191	0.00268817204301075	0.0714285714285714	0.00326797385620915	0.00211864406779661	0.00136798905608755	0.0384615384615385	0.00131406044678055	0.979892761394102	0.00124688279301746	0.842105263157895	0.0053475935828877	0.00574712643678161	0.00476190476190476	0.00182815356489945	0.00497512437810945	0.708074534161491	0.0116472545757072	1	0.00114285714285714	0.00763358778625954	0.0169491525423729	0.0050251256281407	0.00142450142450142	0.00261096605744125	0.00112866817155756	0.0018348623853211	0.00110619469026549	0.994825355756792	0.00311850311850312	0.709677419354839	0.0397727272727273	0.00106951871657754	0.00148809523809524	0.0714285714285714	0.0545454545454545	0.00179856115107914	0.0011441647597254	0.00230414746543779	0.003584229390681	0.0114942528735632	0.195353748680042	0.61088295687885	0.00108108108108108	0.997971602434077	0.00319488817891374	0.00229885057471264	0.995926680244399	0.00411522633744856	0.616666666666667	0.0181818181818182	0.182481751824818	0.00180505415162455	0.0117647058823529	1	0.0344827586206897	0.00223214285714286	0.00819672131147541	0.0157894736842105	0.00102564102564103	0.0018796992481203	0.04	1	0.00100806451612903	0.00237529691211401	0.0280561122244489	0.0123456790123457	0.997183098591549	0.0101302460202605	0.989247311827957	0.00328947368421053	0.0344827586206897	0.375	0.740909090909091	0.00248138957816377	0.0257731958762887	0.896946564885496	0.00244498777506112	0.00187617260787992
Hypoxia	0.0100502512562814	0.991176470588235	1	0.772241992882562	1	0.706329113924051	0.975155279503106	0.961190168175938	0.978947368421053	0.00311203319502075	1	1	0.0909090909090909	0.00294985250737463	0.0151515151515152	0.0148571428571429	0.696428571428571	0.239690721649485	0.932773109243697	0.00835073068893528	0.00135869565217391	0.00617283950617284	0.0743243243243243	0.109916367980884	0.00261780104712042	0.190672153635117	0.872	0.923076923076923	0.00325732899022801	0.716101694915254	0.00136798905608755	0.0384615384615385	0.00917431192660551	0.5	0.42360248447205	0.117647058823529	0.208613728129206	0.00555555555555556	0.381733021077283	0.353591160220994	0.705583756345178	0.0031055900621118	0.00995024875621891	1	0.0011441647597254	0.0152671755725191	0.152542372881356	0.96105527638191	0.0243204577968526	0.005249343832021	0.044167610419026	0.0275735294117647	0.339601769911504	0.0993548387096774	0.718295218295218	0.0163934426229508	0.00555555555555556	0.195069667738478	0.157037037037037	0.0666666666666667	0.495810055865922	0.517857142857143	0.0206185567010309	0.0483870967741935	0.0316901408450704	0.0114942528735632	0.517423442449842	0.83264887063655	0.00107411385606874	0.918367346938776	0.00314465408805031	0.0126002290950745	0.316602316602317	0.0987654320987654	0.00835654596100279	0.0535714285714286	0.0421245421245421	0.0108892921960073	0.0120481927710843	0.935935935935936	0.137931034482759	0.00223214285714286	0.00819672131147541	0.959619952494062	0.760288065843621	0.0018796992481203	0.08	0.804347826086957	0.00100908173562059	0.00239234449760766	0.98582995951417	0.417721518987342	0.606896551724138	0.564784053156146	0.98936170212766	0.00325732899022801	1	1	0.0424242424242424	0.00247524752475248	0.90537084398977	0.0823754789272031	0.00245098039215686	0.0150659133709981
Cholesterol Homeostasis	0.0100671140939597	0.950680272108844	0.805800756620429	0.996932515337423	0.985313751668892	1	0.607692307692308	0.0665701881331404	1	0.692488262910798	0.108481262327416	0.345844504021448	0.682403433476395	0.027363184079602	0.140540540540541	0.828981723237598	0.975460122699387	0.993366500829187	0.952526799387443	0.99581589958159	0.0353302611367127	0.591603053435115	1	0.6	0.147651006711409	0.98036253776435	0.757352941176471	1	0.919571045576407	0.406311637080868	0.797507788161994	0.984304932735426	0.944277108433735	0.621848739495798	0.543633762517883	0.986062717770035	0.0282131661442006	0.496621621621622	1	0.664783427495292	0.967479674796748	0.0394736842105263	0.257894736842105	0.920096852300242	0.0406607369758577	0.435606060606061	0.0174418604651163	1	0.20655737704918	0.90521327014218	0.966537966537967	0.905529953917051	0.577889447236181	0.989705882352941	0.938967136150235	1	0.963503649635037	0.257142857142857	0.927852348993289	0.451219512195122	0.682051282051282	0.968141592920354	0.471467391304348	0.460698689956332	0.375335120643432	0.751231527093596	0.94272076372315	0.798876404494382	0.0548926014319809	0.0505050505050505	0.779264214046823	0.284974093264249	0.988118811881188	0.346260387811634	0.956937799043062	0.899179366940211	0.9581589958159	0.969230769230769	1	0.032258064516129	0.474916387959866	0.00845665961945032	0.221757322175732	0.605870020964361	0.84554678692221	0.960954446854664	0.84180790960452	0.986702127659574	0.806623931623932	0.223157894736842	0.0331384015594542	0.996235884567127	0.290858725761773	1	0.998756218905473	0.101092896174863	0.944318181818182	0.683870967741935	0.613526570048309	0.109302325581395	0.994708994708995	0.522267206477733	0.120267260579065	1
Mitotic Spindle	1	0.130434782608696	1	0.991678224687933	0.162337662337662	0.825316455696202	0.505350772889417	0.663648124191462	0.0894736842105263	1	0.799610894941634	1	0.0826446280991736	0.00294985250737463	0.0151515151515152	0.0551181102362205	0.0178571428571429	0.00651465798045603	1	0.996175908221797	0.33695652173913	0.623456790123457	0.0135135135135135	0.614097968936679	0.00261780104712042	0.994513031550069	1	0.307692307692308	0.00325732899022801	0.995762711864407	0.00136798905608755	1	1	0.934491978609626	1	0.379679144385027	0.335907335907336	0.422222222222222	0.00347826086956522	1	1	0.0031055900621118	0.0025062656641604	0.682539682539683	0.565217391304348	0.00763358778625954	0.178154825026511	1	0.0924092409240924	0.998389694041868	0.710079275198188	1	0.0408163265306122	1	0.0176715176715177	0.0163934426229508	0.00555555555555556	0.958199356913183	0.00148148148148148	0.0666666666666667	1	0.236607142857143	0.00343642611683849	0.117957746478873	0.028169014084507	0.206896551724138	0.321013727560718	0.178571428571429	0.00537056928034372	1	0.00314465408805031	0.533791523482245	1	0.990777338603426	0.00835654596100279	1	0.087719298245614	0.00181488203266788	1	0.309309309309309	0.0344827586206897	0.00223214285714286	0.0327868852459016	0.00172117039586919	0.1	0.0206766917293233	0.937563971340839	0.0072463768115942	0.0232088799192735	0.00239234449760766	0.00984251968503937	0.493670886075949	0.998595505617977	0.00332225913621262	1	0.00977198697068404	0.137931034482759	0.988565488565489	0.00292397660818713	0.0148514851485149	0.0460358056265985	0.850574712643678	0.0122549019607843	0.540489642184557
Wnt-beta Catenin Signaling	0.470779220779221	0.742924528301887	0.568181818181818	0.0208667736757624	0.994452149791956	0.991496598639456	0.983660130718954	0.62012012012012	0.968992248062015	0.856225930680359	0.917647058823529	0.745644599303136	0.893939393939394	0.997679814385151	0.128888888888889	0.92877094972067	0.690231362467866	0.996491228070175	0.985871271585557	0.688	0.971186440677966	0.938709677419355	0.789855072463768	0.54178674351585	0.991379310344828	0.813513513513514	0.127468581687612	0.98358733880422	0.130750605326877	0.276553106212425	0.651741293532338	1	0.664921465968586	0.498371335504886	1	0.445103857566766	0.458199356913183	0.0906148867313916	0.567193675889328	0.661122661122661	0.306784660766962	0.304761904761905	0.976744186046512	0.964190981432361	0.811347517730496	0.955882352941177	0.865183246073298	0.642228739002933	0.640371229698376	0.914035087719298	0.948439620081411	0.950664136622391	0.0123456790123457	0.0290791599353796	0.97625	0.047808764940239	0.00309597523219814	1	0.05	0.997578692493947	0.473949579831933	0.927272727272727	0.544247787610619	0.443159922928709	0.430693069306931	0.00809716599190283	0.268134715025907	0.994871794871795	0.232704402515723	0.974409448818898	0.00945626477541371	0.271186440677966	0.911111111111111	0.130932896890344	0.148397976391231	0.316883116883117	0.936660268714012	0.891682785299807	1	0.971184631803629	0.888888888888889	0.0399159663865546	0.36101083032491	0.997821350762527	0.0609137055837563	0.360721442885772	0.494444444444444	1	0.696261682242991	0.00413223140495868	0.997863247863248	0.255813953488372	0.386885245901639	0.987562189054726	0.99585635359116	0.961409395973154	0.941028858218319	0.994878361075544	0.987623762376238	0.305936073059361	1	0.120408163265306	0.834801762114537	0.785009861932939
TGF-beta Signaling	0.997109826589595	0.280210157618214	1	0.0788732394366197	0.423913043478261	0.998293515358362	1	0.843478260869565	1	0.864864864864865	0.816764132553606	0.990267639902676	0.0929368029739777	0.050251256281407	0.0239234449760766	0.0517711171662125	1	0.980629539951574	0.267806267806268	0.00194552529182879	0.00638977635782748	0.0034965034965035	1	0.0483870967741935	0.00221238938053097	0.0271132376395534	0.207058823529412	0.592592592592593	0.00253164556962025	0.359683794466403	0.0016025641025641	0.0625	0.0431432973805855	0.993680884676145	0.888070692194403	0.645367412140575	0.00467289719626168	0.00340136054421769	0.22037422037422	0.228571428571429	0.985401459854015	0.178484107579462	0.309440559440559	0.0563380281690141	0.182572614107884	0.167213114754098	0.698564593301435	0.220820189274448	0.618965517241379	0.195454545454545	0.256830601092896	0.00546448087431694	0.0247395833333333	0.67687595712098	0.587813620071685	0.11219512195122	0.00320512820512821	0.998726114649682	0.982800982800983	0.287878787878788	0.118932038834951	0.0240740740740741	0.0362116991643454	0.837259100642398	0.301745635910224	0.00418410041841004	0.946913580246914	0.779761904761905	0.503658536585366	0.995983935742972	0.0184757505773672	1	0.12753036437247	0.298630136986301	1	0.13265306122449	0.715094339622641	0.17434869739479	0.00429184549356223	0.989484752891693	0.0206896551724138	0.00428265524625268	0.00390625	0.0543933054393305	0.706235011990408	0.00387596899224806	0.0463576158940397	1	0.310190369540873	0.0434782608695652	0.973251028806584	0.004149377593361	1	0.0231362467866324	0.046218487394958	0.0282776349614396	0.867924528301887	0.17989417989418	0.153846153846154	0.00231481481481481	0.00669642857142857	0.41851106639839	0.0159453302961276	0.0345528455284553
IL-6/JAK/STAT3 Signaling	0.0714285714285714	0.144518272425249	0.274092615769712	0.00303030303030303	0.00423728813559322	0.996521739130435	0.273584905660377	0.347578347578348	0.0167130919220056	0.023094688221709	0.593939393939394	0.0759162303664921	0.497442455242967	0.00263157894736842	0.229885057471264	0.110828025477707	0.555168408826945	0.577608142493639	0.00303030303030303	0.00210084033613445	0.00151745068285281	0.0116279069767442	0.222222222222222	0.00130890052356021	0.702317290552585	0.0184049079754601	0.0792079207920792	0.391304347826087	0.00276243093922652	0.00202020202020202	0.00153609831029186	0.00943396226415094	0.00148148148148148	0.0317220543806647	0.0334261838440111	0.431654676258993	0.421875	0.0036231884057971	0.997876857749469	0.00189035916824197	0.991780821917808	0.0369181380417336	0.378571428571429	0.785202863961814	0.00126422250316056	0.00404858299595142	0.00641025641025641	0.0125874125874126	0.0147058823529412	0.00968523002421308	0.0012853470437018	0.00181488203266788	0.00123456790123457	0.0370898716119829	0.00114942528735632	0.988023952095808	0.983379501385042	0.00118483412322275	0.00165016501650165	0.0119047619047619	0.1776	0.00175131348511384	0.0870147255689424	0.00210526315789474	0.0077319587628866	0.00523560209424084	0.152680652680653	0.00223463687150838	0.00476190476190476	0.707910750507099	0.00256410256410256	0.458172458172458	0.0392927308447937	0.228813559322034	0.980830670926518	0.652275379229872	0.00215982721382289	0.00187617260787992	0.915254237288136	0.0952380952380952	0.93652561247216	0.0021505376344086	0.00458715596330275	0.0131332082551595	0.00110619469026549	0.0965391621129326	0.00952380952380952	0.73656618610747	0.00105708245243129	0.0107758620689655	0.323529411764706	0.00531914893617021	0.901234567901235	0.587947882736156	0.505208333333333	0.00275482093663912	0.980392156862745	1	0.875	0.601830663615561	0.552204176334107	0.612085769980507	0.00222222222222222	0.00200803212851406
DNA Repair	1	0.110192837465565	1	0.103120759837178	1	1	1	1	0.846473029045643	1	0.00772200772200772	0.0196629213483146	1	0.0167597765363128	0.0102040816326531	0.254237288135593	0.0235294117647059	1	0.964625850340136	1	1	1	0.231780167264038	0.824324324324324	0.894378194207836	0.996644295302013	0.6464	1	1	0.614624505928854	0.378066378066378	1	1	0.389901823281907	1	0.523404255319149	0.625407166123778	1	1	1	1	0.271084337349398	1	1	1	1	1	0.843881856540084	0.996960486322188	0.993558776167472	0.747086247086247	0.99812030075188	0.984375	0.527296937416778	0.587923728813559	0.782608695652174	1	0.978947368421053	1	0.878787878787879	1	0.996422182468694	1	1	0.520900321543408	0.977298524404086	0.231852654387866	1	0.454042081949059	1	1	1	0.57396449704142	1	0.220760233918129	0.955434782608696	0.982378854625551	0.352293577981651	1	1	0.894736842105263	0.0182232346241458	1	0.0072202166064982	1	1	1	0.263736263736264	0.54230377166157	0.970588235294118	0.991803278688525	1	0.62158273381295	0.0739644970414201	1	0.756676557863502	1	0.956521739130435	0.100294985250737	1	1	0.833655705996131	1	1
G2-M Checkpoint	0.998754669987547	0.0031055900621118	1	0.0013869625520111	0.720779220779221	0.00253164556962025	0.00475624256837099	0.0388098318240621	0.00526315789473684	1	0.00194552529182879	1	0.00826446280991736	0.00294985250737463	0.0151515151515152	0.0078740157480315	0.0178571428571429	0.00162866449511401	0.00785340314136126	0.017208413001912	0.00815217391304348	0.0123456790123457	0.0135135135135135	0.001194743130227	0.00261780104712042	0.117216117216117	0.3184	0.0769230769230769	0.00325732899022801	0.0508474576271186	0.00136798905608755	1	0.100418410041841	0.00668449197860963	1	0.0053475935828877	0.0115830115830116	1	0.00173913043478261	0.984749455337691	1	0.0031055900621118	0.0025062656641604	0.0158730158730159	1	0.00763358778625954	0.00106044538706257	0.804020100502513	0.0033003300330033	0.217391304347826	0.252548131370328	0.0275735294117647	0.0102040816326531	0.99741935483871	0.00103950103950104	0.0163934426229508	0.00555555555555556	1	0.00148148148148148	0.0666666666666667	0.874125874125874	1	0.0011454753722795	0.00528169014084507	0.00352112676056338	1	0.00105596620908131	0.0357142857142857	0.00107411385606874	0.994140625	0.00314465408805031	0.0389461626575029	1	0.0184453227931489	0.00139275766016713	0.00105708245243129	0.00219298245614035	0.00181488203266788	0.0120481927710843	0.001001001001001	0.0344827586206897	0.00223214285714286	0.122950819672131	0.00172117039586919	0.0333333333333333	0.0018796992481203	0.152507676560901	0.0072463768115942	0.00100908173562059	0.00239234449760766	0.00196850393700787	0.0126582278481013	0.48876404494382	0.00332225913621262	1	0.00325732899022801	0.0344827586206897	0.755717255717256	0.00292397660818713	0.00247524752475248	0.00255754475703325	0.00191570881226054	0.00245098039215686	1
Apoptosis	0.00966183574879227	0.4453125	0.891666666666667	1	0.982035928143713	0.737662337662338	0.102564102564103	1	1	0.0734042553191489	0.703777335984095	1	0.0072463768115942	0.0028328611898017	0.0113636363636364	0.0200471698113208	1	0.293354943273906	0.977011494252874	0.00214592274678112	0.00139470013947001	0.00581395348837209	1	0.00120772946859903	0.00490196078431373	0.00707213578500707	0.959216965742251	0.35	0.00318471337579618	0.957831325301205	0.00141843971631206	0.210526315789474	0.0293724966622163	0.173426573426573	0.0445609436435125	0.07981220657277	0.360912981455064	0.00518134715025907	1	0.0621468926553672	1	0.0147058823529412	0.696808510638298	0.941176470588235	0.0141843971631206	0.00680272108843537	0.0256410256410256	0.984415584415584	0.210134128166915	0.010752688172043	0.0253748558246828	0.00186915887850467	0.00340522133938706	0.0173564753004005	0.00741525423728814	0.853658536585366	0.00515463917525773	0.073993471164309	0.104134762633997	0.0344827586206897	1	0.0018018018018018	0.00238095238095238	1	0.00970873786407767	0.983193277310924	0.0322927879440258	0.359749739311783	0.00109769484083425	0.068	0.00317460317460317	0.110718492343934	0.99802371541502	0.503597122302158	0.554269175108538	1	0.0842490842490843	0.00179533213644524	0.00900900900900901	1	0.075	0.00231481481481481	0.00714285714285714	1	0.854014598540146	0.0094876660341556	0.425	0.0123456790123457	0.00101729399796541	0.00228310502283105	0.0321931589537223	0.0185185185185185	1	0.00602409638554217	1	0.00319488817891374	0.804878048780488	0.998938428874735	0.963855421686747	0.00454545454545455	0.348148148148148	0.00401606425702811	0.00235294117647059	0.0235756385068762
Notch Signaling	0.554858934169279	0.818791946308725	0.951724137931034	0.996649916247906	0.703651685393258	0.992932862190813	0.127218934911243	0.994459833795014	0.9584	0.445344129554656	0.481262327416174	1	0.988522238163558	0.670560747663551	0.200757575757576	0.71976401179941	0.985155195681511	0.984042553191489	0.979166666666667	0.996031746031746	0.489795918367347	0.872463768115942	0.790123456790123	0.465189873417722	0.399132321041215	0.674242424242424	0.408582089552239	0.989130434782609	0.493023255813954	0.356190476190476	0.706281833616299	0.995215311004785	0.582278481012658	0.993680884676145	0.972451790633609	0.0265486725663717	0.379139072847682	0.957957957957958	0.245508982035928	0.997867803837953	0.998435054773083	0.651331719128329	1	1	0.115501519756839	0.618075801749271	0.963838664812239	1	0.536630036630037	0.47032967032967	0.946778711484594	0.859047619047619	0.705882352941177	0.118421052631579	0.997389033942559	0.535971223021583	0.0465753424657534	0.26551724137931	0.647058823529412	0.995192307692308	0.875576036866359	0.943820224719101	0.274242424242424	0.899047619047619	0.553921568627451	0.667883211678832	1	0.964444444444444	0.445026178010471	0.990234375	0.286363636363636	0.28936170212766	0.0741482965931864	0.967851099830795	1	0.985372340425532	0.950191570881226	0.75152749490835	0.362962962962963	0.900221729490022	0.351351351351351	0.0946236559139785	0.790123456790123	1	0.867219917012448	0.634765625	0.727699530516432	1	0.76997578692494	0.0772357723577236	0.963740458015267	0.902777777777778	1	0.361111111111111	1	0.720982142857143	1	0.590488771466314	0.976635514018692	0.342403628117914	0.864516129032258	0.149797570850202	0.583700440528634	0.849397590361446
Adipogenesis	0.0101522842639594	0.813056379821958	0.829545454545455	0.592797783933518	1	0.805970149253731	0.0368098159509202	0.647577092511013	0.363157894736842	1	0.181996086105675	1	0.139344262295082	0.0263929618768328	0.0793650793650794	0.326111744583808	1	0.820971867007673	0.932489451476793	0.982824427480916	0.998641304347826	0.95679012345679	0.0137931034482759	1	0.0026246719160105	0.996363636363636	0.992063492063492	1	0.993464052287582	1	0.177838577291382	1	0.838174273858921	0.9140625	1	0.0216216216216216	1	0.241379310344828	1	0.986813186813187	1	0.0062111801242236	1	1	1	0.083969465648855	1	0.0533980582524272	0.796296296296296	0.992167101827676	0.733634311512415	1	1	0.0905562742561449	0.956340956340956	0.0645161290322581	0.0227272727272727	0.283582089552239	0.892857142857143	0.0714285714285714	0.191637630662021	1	0.996567505720824	1	0.032258064516129	1	0.299894403379092	0.985626283367556	0.363243243243243	1	0.904153354632588	0.310344827586207	1	1	0.679166666666667	1	1	0.0776173285198556	0.0117647058823529	1	1	0.113839285714286	0.459016393442623	0.989473684210526	1	0.0827067669172932	1	0.00735294117647059	0.907258064516129	0.0261282660332542	1	0.0493827160493827	0.0342465753424658	0.389067524115756	1	0.0296052631578947	0.275862068965517	1	1	0.0818858560794045	0.791237113402062	1	0.0709046454767726	0.9906191369606
Estrogen Response Early	0.0101522842639594	1	1	1	0.98938679245283	0.813432835820896	0.0552147239263804	0.806451612903226	1	0.702702702702703	0.0391389432485323	1	0.00819672131147541	0.0674486803519062	0.111111111111111	0.298745724059293	0.610348468848997	1	0.350210970464135	0.985355648535565	0.326086956521739	0.382716049382716	0.0620689655172414	0.720570749108205	0.0026246719160105	0.559834938101788	0.201587301587302	1	0.26797385620915	0.983018867924528	0.0355677154582763	0.998975409836066	0.228215767634855	0.66796875	0.937655860349127	0.0378378378378378	0.204545454545455	0.00574712643678161	1	0.998171846435101	1	0.0031055900621118	1	1	0.339428571428571	0.114503816793893	0.949152542372881	0.029126213592233	0.364672364672365	1	0.91647855530474	1	0.459183673469388	0.0206985769728331	0.993762993762994	0.0483870967741935	0.00568181818181818	1	0.991071428571429	0.0714285714285714	0.996515679442509	0.710762331838565	0.0205949656750572	1	0.240143369175627	0.103448275862069	0.986272439281943	0.997946611909651	0.197837837837838	0.519269776876268	0.0543130990415335	0.127586206896552	0.9979633401222	0.271604938271605	0.169444444444444	0.836363636363636	0.10036496350365	0.342960288808664	0.0117647058823529	0.996996996996997	0.996916752312436	0.160714285714286	0.204918032786885	1	0.994871794871795	0.0319548872180451	0.32	0.286764705882353	0.331653225806452	0.00475059382422803	0.973947895791583	0.901234567901235	0.616438356164384	0.427652733118971	0.548387096774194	0.00328947368421053	0.974306269270298	1	0.303030303030303	0.00496277915632754	0.920103092783505	0.723282442748092	0.00244498777506112	0.356472795497186
Estrogen Response Late	0.0301507537688442	0.984472049689441	1	1	1	0.417721518987342	0.633540372670807	0.807244501940492	0.852631578947368	0.91701244813278	0.0194552529182879	0.425531914893617	0.00826446280991736	0.00294985250737463	0.0151515151515152	0.28	1	0.997422680412371	0.979057591623037	0.432150313152401	0.0883152173913044	0.135802469135802	0.0540540540540541	0.044205495818399	0.00261780104712042	0.222222222222222	0.3728	1	0.00325732899022801	0.985169491525424	0.00136798905608755	0.998975409836066	0.97907949790795	1	0.718012422360248	0.0053475935828877	0.927321668909825	0.00555555555555556	1	0.953959484346225	0.969543147208122	0.0031055900621118	1	0.997870074547391	0.139588100686499	0.0152671755725191	1	0.203883495145631	0.354792560801145	0.908136482939633	0.296715741789354	0.972426470588235	0.612244897959184	0.00516129032258065	0.440748440748441	0.0163934426229508	0.00555555555555556	0.927536231884058	0.139259259259259	0.0666666666666667	0.459497206703911	0.3125	0.00229095074455899	0.994718309859155	0.0387323943661972	0.0114942528735632	0.29039070749736	1	0.0182599355531686	0.287755102040816	0.0314465408805031	0.0126002290950745	1	0.1440329218107	0.0250696378830084	0.982142857142857	0.208791208791209	0.00181488203266788	0.0120481927710843	0.904904904904905	0.551724137931034	0.0491071428571429	0.0245901639344262	0.0774526678141136	0.866666666666667	0.0018796992481203	0.16	0.0144927536231884	0.0403632694248234	0.00239234449760766	0.789473684210526	0.177215189873418	0.996551724137931	0.0332225913621262	0.659574468085106	0.00325732899022801	1	1	0.854545454545454	0.00247524752475248	0.237851662404092	0.339080459770115	0.00245098039215686	0.0207156308851224
Androgen Response	0.256603773584906	0.998366013071895	0.412121212121212	0.996894409937888	1	0.823671497584541	0.0125523012552301	0.867688022284123	0.708029197080292	0.947368421052632	0.258687258687259	0.825136612021858	0.995192307692308	0.669270833333333	1	1	0.945392491467577	0.928571428571429	1	0.306553911205074	0.0558069381598793	1	0.00471698113207547	0.951690821256039	0.00235294117647059	0.623880597014925	0.412213740458015	0.476190476190476	0.190201729106628	1	0.631111111111111	1	0.62280701754386	0.0375	0.754646840148699	0.992337164750958	0.908408408408408	0.032258064516129	0.457883369330454	0.457466918714556	0.117726657645467	0.275324675324675	1	0.0149253731343284	0.120481927710843	0.164319248826291	0.0277777777777778	0.91970802919708	1	0.878172588832487	0.997496871088861	1	0.99878197320341	0.148725212464589	0.986547085201794	1	0.290322580645161	1	0.82741116751269	0.0294117647058824	0.480874316939891	0.926940639269406	0.48062015503876	1	1	1	0.602463605823068	0.0465116279069767	0.235502958579882	0.150905432595573	1	0.993606138107417	0.981891348088531	0.0828402366863905	0.401225114854518	1	1	0.899621212121212	0.698795180722892	1	0.99783315276273	0.986940298507463	0.0421052631578947	0.995833333333333	0.826608505997819	0.797127468581688	0.043956043956044	0.405405405405405	0.985370950888192	1	1	0.998831775700935	1	0.383419689119171	0.970059880239521	0.0826210826210826	0.363636363636364	0.81981981981982	0.984101748807631	0.170995670995671	0.99822695035461	0.688845401174168	0.121681415929204	1
Myogenesis	0.0427807486631016	0.91566265060241	0.995599559955996	0.109722222222222	0.00821596244131455	0.427152317880795	0.781065088757396	0.961206896551724	0.100502512562814	0.181438998957247	1	0.946268656716418	0.193548387096774	0.0117994100294985	0.615384615384615	0.00114285714285714	0.0306553911205074	0.730077120822622	0.737812911725955	0.541825095057034	0.461224489795918	0.0683229813664596	0.453596287703016	0.687648456057007	0.00254452926208651	1	0.0144694533762058	0.590080971659919	0.228476821192053	0.193116634799235	0.00554785020804438	0.437948717948718	0.858267716535433	0.0745672436750999	0.486988847583643	0.0558375634517767	0.335907335907336	0.00529100529100529	0.283687943262411	0.187633262260128	0.942428035043805	0.015527950310559	0.990314769975787	0.791710945802338	0.0460829493087558	0.248175182481752	0.104872881355932	0.119047619047619	0.68299711815562	0.00783289817232376	0.498855835240275	0.0145719489981785	0.583795782463929	0.00129198966408269	0.12565445026178	0.560606060606061	0.00564971751412429	0.153763440860215	0.680119581464873	0.313387423935091	0.710344827586207	0.315909090909091	0.0481651376146789	0.550442477876106	0.933566433566434	0.141304347826087	0.102536997885835	0.0164778578784758	0.0172972972972973	0.911708253358925	0.00315457413249211	0.00231481481481481	0.00961538461538462	0.971428571428571	0.253182461103253	0.230277185501066	0.00725952813067151	0.97737556561086	0.0117647058823529	0.566566566566567	0.906570841889117	0.00225733634311512	0.193548387096774	0.0771028037383178	0.909558067831449	0.287593984962406	0.406952965235174	0.193103448275862	0.00101112234580384	0.00239808153477218	0.48870636550308	0.272727272727273	0.232323232323232	0.00325732899022801	0.767032967032967	0.137254901960784	0.435051546391753	0.660436137071651	0.198473282442748	0.00966183574879227	0.844051446945338	0.00191204588910134	0.0220048899755501	0.155009451795841
Protein Secretion	0.33695652173913	1	0.98547215496368	0.751835535976505	0.0283018867924528	0.611241217798595	0.113725490196078	0.998618784530387	1	0.0512820512820513	0.323076923076923	1	0.975490196078431	1	1	1	0.025	1	1	1	0.542296072507553	0.848911651728553	0.168949771689498	1	0.00691244239631336	1	0.0661577608142494	0.78125	1	0.00407331975560081	1	0.840909090909091	0.633781763826607	0.0898203592814371	1	1	1	1	0.58296943231441	0.189035916824197	1	1	0.986363636363636	0.130434782608696	0.0902439024390244	0.370535714285714	0.087248322147651	1	0.00549450549450549	0.99492385786802	0.325898389095415	1	1	1	0.971910112359551	1	1	0.0222222222222222	0.250409165302782	0.0142857142857143	0.292957746478873	1	1	0.635021097046414	1	1	1	0.0105263157894737	1	1	0.971473851030111	1	1	0.974063400576369	0.1140625	0.32520325203252	1	0.894736842105263	0.331210191082803	0.0714285714285714	1	0.585635359116022	0.0725388601036269	0.799625468164794	1	1	0.157894736842105	0.0272727272727273	0.0212765957446809	0.987202925045704	0.983903420523139	1	1	0.918158567774936	0.5	0.982954545454545	0.0348837209302326	0.062992125984252	1	0.334811529933481	1	0.840954274353877	1	1
Interferon Alpha Response	0.3003663003663	1	0.0769230769230769	0.00313479623824451	0.00478468899521531	0.00477326968973747	0.0784574468085106	0.00353356890459364	0.558988764044944	0.998872604284104	0.67287784679089	1	1	0.816855753646678	0.872941176470588	0.530586766541823	0.945017182130584	0.283112582781457	0.00318471337579618	0.00213219616204691	0.00150375939849624	0.962790697674419	0.00127713920817369	0.00127226463104326	0.00172711571675302	1	0.0166112956810631	0.192982456140351	0.0028328611898017	0.00208333333333333	0.0225563909774436	0.010989010989011	0.0014792899408284	0.00147710487444609	0.574555403556772	1	0.658208955223881	0.00409836065573771	0.690740740740741	0.00189393939393939	0.992424242424242	0.434359805510535	0.0786516853932584	0.00699300699300699	1	0.0045662100456621	0.00666666666666667	0.0814917127071823	0.97027027027027	0.338345864661654	0.00124069478908189	0.00182149362477231	0.00121506682867558	1	1	0.992700729927007	0.0450331125827815	0.00230414746543779	0.00165837479270315	0.0857142857142857	0.448757763975155	0.00529100529100529	0.983050847457627	0.00413223140495868	0.35195530726257	0.0591715976331361	0.00113378684807256	0.00110132158590308	1	0.52286282306163	0.00276243093922652	0.883928571428571	0.00196850393700787	1	0.896648044692737	0.00826446280991736	0.00213675213675214	0.00185528756957328	0.95679012345679	0.0625	0.995656894679696	0.212844036697248	0.145077720207254	0.998102466793169	0.00109529025191676	0.332110091743119	0.010989010989011	0.0101522842639594	0.023109243697479	0.918478260869565	1	0.00602409638554217	0.0812883435582822	0.00163132137030995	1	0.127118644067797	0.102272727272727	1	0.588328075709779	0.22140221402214	0.576659038901602	1	0.00224215246636771	0.00193798449612403
Interferon Gamma Response	0.0355329949238579	0.103857566765579	0.099562363238512	0.00357142857142857	0.00649350649350649	0.00248756218905473	0.0154946364719905	0.00440528634361234	0.416256157635468	0.708939708939709	0.285132382892057	0.226865671641791	0.448863636363636	0.214076246334311	0.78381256656017	0.540478905359179	0.567053854276663	0.198036006546645	0.00421940928270042	0.00209205020920502	0.00135869565217391	0.888888888888889	0.00116686114352392	0.00118906064209275	0.00322061191626409	0.669876203576341	0.682539682539683	0.0714285714285714	0.00326797385620915	0.00211864406779661	0.00136798905608755	0.0384615384615385	0.00131406044678055	0.00134048257372654	0.0236907730673317	1	0.0120320855614973	0.00574712643678161	0.852233676975945	0.00182815356489945	1	0.0308823529411765	0.13715710723192	0.0158730158730159	0.032	0.00763358778625954	0.0169491525423729	0.00125628140703518	0.615384615384615	0.211488250652742	0.00112866817155756	0.0018348623853211	0.00110619469026549	0.434670116429495	0.0405405405405405	1	0.0750605326876513	0.00106951871657754	0.00148809523809524	0.0714285714285714	1	0.00179856115107914	1	0.00230414746543779	0.010752688172043	0.0114942528735632	0.00105596620908131	0.00102669404517454	0.124324324324324	0.0689655172413793	0.00319488817891374	1	0.00203665987780041	0.995884773662551	1	0.0181818181818182	0.00220264317180617	0.00180505415162455	0.682352941176471	0.333333333333333	0.849948612538541	0.647321428571429	0.00819672131147541	0.394736842105263	0.00102564102564103	0.599624060150376	0.04	0.081986143187067	0.00100806451612903	0.950118764845606	0.11623246492986	0.0123456790123457	0.566197183098592	0.00144717800289436	1	0.00328947368421053	0.0344827586206897	1	0.983333333333333	0.843071786310517	0.0644329896907216	1	0.00244498777506112	0.00187617260787992
Apical Junction	0.527638190954774	0.554411764705882	0.799342105263158	0.642163661581137	0.390330188679245	0.784184514003295	0.981366459627329	0.588615782664942	1	0.461618257261411	0.25875486381323	0.912332838038633	0.0330578512396694	0.00884955752212389	0.0151515151515152	0.00114285714285714	0.0158562367864693	0.342783505154639	0.660994764397906	0.417536534446764	0.0516304347826087	0.00617283950617284	0.736533957845433	0.150537634408602	0.00261780104712042	0.0973936899862826	0.0736	0.976744186046512	0.00325732899022801	0.0471698113207547	0.00136798905608755	0.992827868852459	0.104849279161206	0.0374331550802139	0.680745341614907	0.0427807486631016	0.857335127860027	0.00555555555555556	0.688695652173913	0.849673202614379	0.99492385786802	0.0062111801242236	0.834586466165414	0.97444089456869	0.0148741418764302	0.083969465648855	0.683987274655355	0.131067961165049	0.099009900990099	0.083989501312336	0.0237825594563986	0.00183823529411765	0.836734693877551	0.00129032258064516	0.0228690228690229	0.0327868852459016	0.00555555555555556	0.294748124330118	0.397553516819572	0.983789260385005	0.905594405594406	0.824909747292419	0.00687285223367698	1	0.211267605633803	0.747126436781609	0.00211193241816262	0.271047227926078	0.00107411385606874	0.353061224489796	0.00314465408805031	0.00687285223367698	0.0115830115830116	0.604743083003953	0.115598885793872	0.413319238900634	0.122710622710623	0.221415607985481	0.180722891566265	0.647647647647648	0.931034482758621	0.00223214285714286	0.0983606557377049	0.817102137767221	0.133333333333333	0.0018796992481203	0.991811668372569	0.115942028985507	0.00100908173562059	0.00239234449760766	0.991902834008097	0.0506329113924051	0.610344827586207	0.00332225913621262	0.911894273127753	0.0814332247557003	0.660842754367934	0.503118503118503	0.0803030303030303	0.0173267326732673	0.739130434782609	0.103448275862069	0.00245098039215686	0.694267515923567
Apical Surface	0.264984227129338	0.992874109263658	0.673228346456693	0.690625	0.924263674614306	0.792452830188679	0.506535947712418	0.975720789074355	1	0.453846153846154	0.54043392504931	0.950471698113208	0.0476190476190476	0.0525059665871122	0.292035398230089	0.0944444444444444	0.152061855670103	0.866319444444444	0.691107644305772	0.305389221556886	0.72568578553616	0.601286173633441	0.841772151898734	0.0771428571428571	0.0751072961373391	0.898907103825137	0.0554561717352415	0.715277777777778	0.134751773049645	0.358267716535433	0.107615894039735	0.711111111111111	0.175531914893617	0.272141706924316	0.373913043478261	0.130177514792899	0.431818181818182	0.0314465408805031	0.586407766990291	0.0721649484536082	0.790977443609023	0.00475059382422803	0.686936936936937	0.531662269129288	0.185185185185185	0.141509433962264	0.552665799739922	0.860606060606061	0.0574912891986063	0.261682242990654	0.370068027210884	0.972103004291845	0.300395256916996	0.0261437908496732	0.331265508684864	0.0329218106995885	0.0681114551083591	0.0461741424802111	0.983606557377049	0.635220125786163	0.611111111111111	0.380630630630631	0.035036496350365	0.76937984496124	0.230024213075061	0.422131147540984	0.223363286264442	0.893251533742331	0.162128712871287	0.942574257425743	0.0688836104513064	0.401418439716312	0.680080482897384	0.514754098360656	0.011864406779661	0.966836734693878	0.128544423440454	0.850715746421268	0.0909090909090909	0.649946638207044	0.745762711864407	0.0294117647058824	0.987551867219917	0.931608133086876	0.957894736842105	0.198795180722892	0.731182795698925	0.89261744966443	0.0503512880562061	0.0103950103950104	0.518279569892473	0.281368821292776	0.973856209150327	0.269326683291771	0.901818181818182	0.0445544554455446	0.961201501877347	0.354879594423321	0.0480928689883914	0.0225225225225225	0.781181619256017	0.65424430641822	0.0395604395604396	0.647410358565737
Hedgehog Signaling	0.563953488372093	0.755102040816326	0.279614325068871	0.799342105263158	0.614509246088193	0.373029772329247	0.984917043740573	0.274418604651163	0.927914110429448	0.270341207349081	0.313609467455621	0.954792043399638	0.904696132596685	0.608996539792388	0.797333333333333	0.146802325581395	0.176084099868594	0.90299823633157	0.821656050955414	0.897435897435897	0.620629370629371	0.857988165680473	0.636764705882353	0.58625730994152	0.236051502145923	0.376432078559738	0.184842883548983	0.810262529832936	0.175903614457831	0.465384615384615	0.186046511627907	0.965389369592089	0.509243697478992	0.406148867313916	0.830015313935682	0.364457831325301	0.565789473684211	0.314935064935065	0.678936605316973	0.477777777777778	0.946070878274268	0.663212435233161	0.93394495412844	0.842696629213483	0.113960113960114	0.645015105740181	0.777628032345013	0.791666666666667	0.746858168761221	0.25	0.799721835883171	0.824662813102119	0.500685871056241	0.0729335494327391	0.360201511335013	0.668010752688172	0.0242424242424242	0.915977961432507	0.911149825783972	0.617936117936118	0.96437054631829	0.593679458239278	0.503805175038052	0.884536082474227	0.365914786967419	0.18796992481203	0.968503937007874	0.258269720101781	0.418693982074264	0.577380952380952	0.662844036697248	0.274928774928775	0.0512295081967213	0.884808013355593	0.339100346020761	0.50261780104712	0.6	0.985858585858586	0.395095367847411	0.940217391304348	0.77125	0.268041237113402	0.349673202614379	0.972103004291845	0.753694581280788	0.732673267326733	0.6875	0.273624823695346	0.0296208530805687	0.657731958762887	0.833333333333333	0.93956043956044	0.700826446280992	0.590909090909091	0.0484764542936288	0.730902777777778	0.250955414012739	0.722077922077922	0.998278829604131	0.893569844789357	0.0349264705882353	0.859405940594059	0.52994555353902	0.641025641025641
Complement	0.0301507537688442	0.280882352941176	1	0.0106761565836299	0.00649350649350649	0.0177215189873418	0.993788819875776	0.986899563318777	0.240147783251232	0.846473029045643	0.942622950819672	0.99702823179792	0.820658342792281	0.00294985250737463	0.303030303030303	0.115428571428571	0.591966173361522	0.416938110749186	0.00420168067226891	0.00208768267223382	0.00135869565217391	0.0679012345679012	0.689189189189189	0.001194743130227	0.170157068062827	0.00960219478737997	0.331564986737401	0.923076923076923	0.00325732899022801	0.0169491525423729	0.00136798905608755	0.0384615384615385	0.00131061598951507	0.153743315508021	0.996273291925466	0.262032085561497	0.753701211305518	0.00555555555555556	1	0.00184162062615101	0.808695652173913	0.826086956521739	0.390977443609023	0.0158730158730159	0.0068649885583524	0.00763358778625954	0.0169491525423729	0.281407035175879	0.0157367668097282	0.0236220472440945	0.00113250283125708	0.0349264705882353	0.00110619469026549	0.00129032258064516	0.00415800415800416	0.819672131147541	0.105555555555556	0.00107181136120043	0.00148148148148148	0.0666666666666667	0.520949720670391	0.00180505415162455	0.245131729667812	0.0138248847926267	0.0598591549295775	0.103448275862069	0.277719112988384	0.0349075975359343	0.0311493018259936	0.1	0.00314465408805031	0.186712485681558	0.0785123966942149	0.0617283950617284	0.147632311977716	0.910714285714286	0.00219298245614035	0.00181488203266788	0.469879518072289	0.333333333333333	0.996916752312436	0.0825892857142857	0.00819672131147541	0.6815834767642	0.0051440329218107	0.234962406015038	0.04	1	0.00100908173562059	0.0861244019138756	0.593117408906883	0.0759493670886076	0.186206896551724	0.971469329529244	0.98936170212766	0.00325732899022801	0.827586206896552	1	0.983333333333333	0.636138613861386	0.20460358056266	0.279693486590038	0.00245098039215686	0.00188323917137476
Unfolded Protein Response	0.1	1	0.956419316843345	0.971098265895954	1	0.147058823529412	0.0826446280991736	0.133903133903134	0.423791821561338	0.997792494481236	0.805068226120858	0.0931506849315069	0.010752688172043	0.0026525198938992	0.0078125	1	0.60377358490566	1	1	0.993548387096774	0.00147058823529412	0.09	0.865	0.323232323232323	0.562647754137116	0.985486211901306	1	0.0204081632653061	0.0148367952522255	0.219262295081967	0.0322108345534407	1	0.021398002853067	0.349206349206349	0.492517006802721	0.967078189300412	1	0.581196581196581	0.26797385620915	0.0300187617260788	0.988805970149254	1	1	0.048	0.348093480934809	0.108490566037736	0.00862068965517241	0.798076923076923	1	1	0.0241254523522316	0.698660714285714	1	0.724576271186441	0.338478500551268	0.00806451612903226	0.867219917012448	0.750285062713797	0.0016750418760469	0.0161290322580645	1	0.910394265232975	1	0.142857142857143	0.00307692307692308	1	0.565804274465692	0.912432432432432	0.0344827586206897	0.189300411522634	0.433333333333333	0.676359039190898	1	1	0.377245508982036	1	1	0.00383877159309021	0.784172661870504	0.636363636363636	0.65625	0.00222222222222222	0.00552486187845304	0.168224299065421	1	1	0.0135135135135135	0.00490196078431373	0.174586776859504	0.0525164113785558	1	1	1	0.972972972972973	0.0122699386503067	0.0056980056980057	0.0147058823529412	0.38	1	0.02	1	1	0.0206896551724138	1
PI3K/AKT/mTOR  Signaling	0.89010989010989	1	0.998812351543943	0.996865203761755	0.609756097560976	1	1	0.856745479833102	0.969738651994498	1	1	0.997267759562842	0.846153846153846	0.111111111111111	0.233576642335766	0.998745294855709	1	1	0.0514469453376206	0.0150214592274678	0.055472263868066	0.311627906976744	0.865116279069767	0.0580075662042875	1	0.993920972644377	0.906801007556675	0.275862068965517	0.00600600600600601	0.637130801687764	0.0149476831091181	0.025974025974026	0.0934306569343066	1	0.43758573388203	0.928286852589641	0.207772795216741	0.0125523012552301	1	0.737704918032787	0.998639455782313	0.798365122615804	0.928899082568807	0.435114503816794	0.241504854368932	0.0563380281690141	1	1	0.943217665615142	1	0.0135970333745365	0.489090909090909	0.268765133171913	1	0.793756967670011	0.897058823529412	0.802469135802469	0.0675830469644903	0.722033898305085	0.0144927536231884	0.593314763231198	0.193661971830986	0.862025316455696	1	0.369318181818182	1	0.241031390134529	0.997837837837838	0.148191365227538	0.921722113502935	0.441011235955056	1	0.217821782178218	0.657817109144543	1	0.625	0.595744680851064	0.230916030534351	0.410596026490066	1	1	0.230443974630021	0.0478723404255319	0.984526112185687	0.271241830065359	0.998191681735985	0.0235294117647059	0.949074074074074	0.783558792924037	0.650793650793651	0.901768172888016	0.979310344827586	0.271084337349398	0.316622691292876	0.028735632183908	0.0056657223796034	0.863013698630137	0.991228070175439	0.975806451612903	0.0921348314606742	0.0206896551724138	1	0.547085201793722	0.0367504835589942
mTORC1 Signaling	0.375634517766497	1	1	0.940443213296399	0.941558441558442	0.111940298507463	1	0.0141935483870968	0.952631578947368	1	0.207436399217221	0.0597014925373134	0.0163934426229508	0.00293255131964809	0.0158730158730159	0.96	0.0727272727272727	0.504091653027823	0.945098039215686	0.880753138075314	0.00135869565217391	0.0185185185185185	0.96551724137931	0.249702734839477	0.0026246719160105	0.773039889958735	1	0.0714285714285714	0.186274509803922	0.0296610169491525	0.00136798905608755	1	0.147174770039422	0.50390625	0.734413965087282	1	0.828877005347594	0.0114942528735632	1	0.0036563071297989	1	0.0062111801242236	1	1	0.00114285714285714	0.00763358778625954	0.0169491525423729	0.120603015075377	0.726495726495726	1	0.00338600451467269	0.450765864332604	0.714601769911504	0.0633893919793014	0.00311850311850312	0.0483870967741935	1	0.236363636363636	0.00148809523809524	0.0714285714285714	0.996515679442509	1	0.853546910755149	0.995391705069124	0.003584229390681	1	0.0179514255543823	1	0.00108108108108108	0.135902636916836	0.479233226837061	0.0114942528735632	1	1	0.00138888888888889	0.985216473072862	0.674008810572687	0.00180505415162455	1	0.333333333333333	1	0.00223214285714286	0.00819672131147541	0.00701754385964912	0.983589743589744	1	0.32	0.00735294117647059	0.0231854838709677	0.00475059382422803	1	1	1	0.0836012861736334	1	0.00328947368421053	0.0344827586206897	0.125	0.213450292397661	0.00744416873449132	0.996742671009772	0.0629770992366412	0.00244498777506112	0.863039399624766
E2F Targets	0.995031055900621	0.00304878048780488	1	0.00138504155124654	0.149350649350649	0.00995024875621891	0.0631704410011919	0.0567741935483871	0.00526315789473684	1	0.00195694716242661	1	0.00819672131147541	0.00293255131964809	0.0158730158730159	0.008	0.0181818181818182	0.0016366612111293	0.00130718954248366	0.00381679389312977	0.642663043478261	0.611111111111111	0.910344827586207	0.00118906064209275	0.0026246719160105	0.0145454545454545	0.0253968253968254	0.0714285714285714	0.00326797385620915	0.0190677966101695	0.00136798905608755	0.984631147540984	0.004149377593361	0.00402144772117962	1	0.00540540540540541	0.00393700787401575	0.659420289855073	0.00171821305841924	0.426373626373626	0.0199004975124378	0.0031055900621118	0.00249376558603491	0.0158730158730159	0.984251968503937	0.00763358778625954	0.00106044538706257	0.885678391959799	0.00333333333333333	0.108239095315024	0.708803611738149	0.211009174311927	0.0102040816326531	0.998706338939198	0.00103950103950104	0.0161290322580645	0.00568181818181818	0.119402985074627	0.00148809523809524	0.0714285714285714	0.0278745644599303	0.908071748878924	0.0011441647597254	0.00352112676056338	0.003584229390681	0.933333333333333	0.00105596620908131	0.0357142857142857	0.00108108108108108	0.640471512770137	0.00319488817891374	0.0206896551724138	1	0.00263504611330698	0.00138888888888889	0.00105596620908131	0.00220264317180617	0.00180505415162455	0.0705882352941176	0.001001001001001	0.0344827586206897	0.00223214285714286	1	0.00175438596491228	0.037037037037037	0.0018796992481203	0.0122824974411464	0.00735294117647059	0.00100806451612903	0.00237529691211401	0.00198807157057654	0.0246913580246914	0.00704225352112676	0.00321543408360129	1	0.00657894736842105	0.0344827586206897	0.441787941787942	0.00292397660818713	0.0421836228287841	0.0438144329896907	0.00190839694656489	0.0146699266503667	0.136460554371002
Myc Targets V1	1	0.00304878048780488	1	0.00138504155124654	0.142857142857143	0.18407960199005	1	0.00516129032258065	0.00526315789473684	1	0.00195694716242661	0.00298507462686567	0.00819672131147541	0.00293255131964809	0.0158730158730159	0.008	0.0181818181818182	0.0016366612111293	0.0065359477124183	0.00381679389312977	0.00135869565217391	0.00617283950617284	1	0.0107015457788347	0.21259842519685	1	0.306349206349206	0.0714285714285714	0.00326797385620915	0.00211864406779661	0.00136798905608755	0.917008196721312	1	0.226541554959786	1	0.0432432432432432	0.015748031496063	1	0.994845360824742	0.515539305301645	1	0.0031055900621118	0.977556109725686	0.26984126984127	0.758857142857143	0.00763358778625954	0.993637327677625	0.60427135678392	0.00333333333333333	0.495961227786753	0.568848758465011	1	0.183673469387755	0.228978007761966	0.00103950103950104	0.0161290322580645	0.00568181818181818	0.0149253731343284	0.00148809523809524	0.0714285714285714	0.00696864111498258	0.471223021582734	0.783752860411899	1	0.003584229390681	1	0.00211193241816262	0.0357142857142857	0.00108108108108108	1	0.859424920127795	0.685057471264368	1	0.00790513833992095	0.00138888888888889	0.0147835269271383	0.281938325991189	0.00180505415162455	0.0117647058823529	0.996996996996997	0.0344827586206897	0.00223214285714286	0.00819672131147541	0.00175438596491228	0.037037037037037	0.018796992481203	0.931422722620266	0.00735294117647059	0.00201612903225806	0.00237529691211401	0.0178926441351889	0.0493827160493827	0.440845070422535	0.00321543408360129	0.010752688172043	0.00328947368421053	0.0344827586206897	1	0.0087719298245614	0.00248138957816377	1	0.00190839694656489	0.511002444987775	0.140724946695096
Myc Targets V2	1	1	0.303385416666667	0.00773993808049536	0.885608856088561	0.0683962264150943	1	0.0206489675516224	0.25	0.85024154589372	0.575581395348837	0.00505050505050505	0.142857142857143	0.0025062656641604	0.00961538461538462	0.0078740157480315	0.0883977900552486	0.100511073253833	0.6140625	0.0467836257309941	0.565768621236133	0.992982456140351	1	0.310204081632653	0.998168498168498	1	0.154513888888889	0.991071428571429	0.994871794871795	0.0786290322580645	0.00163132137030995	0.466898954703833	0.251445086705202	1	0.757352941176471	1	1	0.389664804469274	1	1	1	0.990243902439024	0.98961937716263	0.970149253731343	0.688715953307393	1	1	1	0.972555746140652	0.210069444444444	0.995994659546061	0.117777777777778	0.0368852459016393	0.537404580152672	0.114928909952607	0.0533980582524272	0.698051948051948	0.745192307692308	0.254668930390492	1	0.997536945812808	0.278688524590164	0.99025069637883	1	0.0365535248041775	0.593607305936073	0.995157384987893	0.986794717887155	0.0245098039215686	1	0.911904761904762	0.877551020408163	0.88135593220339	0.197452229299363	0.00497512437810945	0.111922141119221	1	0.037328094302554	0.53125	1	1	0.00210970464135021	0.124031007751938	0.231638418079096	0.00657894736842105	1	0.980093676814988	0.00367647058823529	0.007847533632287	0.222222222222222	1	0.963800904977376	0.344425956738769	0.0671834625322997	0.616740088105727	0.0127226463104326	1	0.978835978835979	0.990338164251208	0.751724137931034	0.685557586837294	0.979716024340771	0.351039260969977	0.998011928429423
Epithelial Mesenchymal Transition	0.0050761421319797	0.0267062314540059	0.87527352297593	0.127423822714681	0.0566037735849057	0.245	1	0.66079295154185	0.158866995073892	0.053014553014553	0.0469667318982387	1	0.0737704918032787	0.00293255131964809	0.0158730158730159	0.00114025085518814	0.0190073917634636	0.856777493606138	0.00130718954248366	0.0146443514644351	0.00135869565217391	0.00617283950617284	0.620770128354726	0.00118906064209275	0.0026246719160105	0.00412654745529574	0.00793650793650794	0.826923076923077	0.00326797385620915	0.00188679245283019	0.00136798905608755	0.645491803278688	0.0197109067017083	0.00134048257372654	0.00748129675810474	0.12972972972973	0.545454545454545	0.00574712643678161	0.54047619047619	0.00914076782449726	0.717852684144819	0.0031055900621118	0.342762063227953	0.706070287539936	0.00114285714285714	0.00763358778625954	0.0922587486744433	0.00485436893203883	0.00333333333333333	0.00261096605744125	0.00112866817155756	0.0018348623853211	0.157079646017699	0.00129366106080207	0.00103950103950104	0.745744680851064	0.00568181818181818	0.512299465240642	0.472727272727273	0.947368421052632	0.00348432055749129	0.0377697841726619	0.0011441647597254	0.331797235023041	0.726141078838174	0.0114942528735632	0.00105596620908131	0.00102669404517454	0.00108108108108108	0.926977687626775	0.00319488817891374	0.00114942528735632	0.00195694716242661	0.185185185185185	0.00138888888888889	0.0211193241816262	0.105839416058394	0.00180505415162455	0.0117647058823529	0.610610610610611	0.853031860226105	0.00223214285714286	0.00819672131147541	0.00231481481481481	0.037037037037037	0.0018796992481203	0.842374616171955	0.00735294117647059	0.00100806451612903	0.00237529691211401	0.749498997995992	0.0123456790123457	0.994366197183099	0.00321543408360129	0.521452145214521	0.0197368421052632	0.0113052415210689	0.175675675675676	0.395454545454545	0.00496277915632754	0.260586319218241	0.00190839694656489	0.00244498777506112	0.0618336886993603
Inflammatory Response	0.0050251256281407	0.0132352941176471	0.281798245614035	0.00355871886120996	0.00649350649350649	0.0886075949367089	0.0321046373365042	0.927554980595084	0.0283251231527094	0.0497925311203319	0.0491803278688525	0.0425531914893617	0.93416572077185	0.00294985250737463	0.0151515151515152	0.00228571428571429	0.334038054968288	0.289902280130293	0.00420168067226891	0.00208768267223382	0.00135869565217391	0.00617283950617284	0.826697892271663	0.001194743130227	0.0732984293193717	0.00137174211248285	0.0026525198938992	0.0769230769230769	0.00325732899022801	0.00211864406779661	0.00136798905608755	0.0384615384615385	0.00131061598951507	0.731283422459893	0.00248447204968944	0.331550802139037	0.00269179004037685	0.00555555555555556	0.646370023419204	0.00184162062615101	0.883248730964467	0.267647058823529	0.339966832504146	0.0317460317460317	0.0011441647597254	0.00763358778625954	0.0169491525423729	0.00125628140703518	0.00143061516452074	0.0026246719160105	0.00113250283125708	0.00183823529411765	0.00110619469026549	0.00129032258064516	0.00103950103950104	0.839532412327311	0.333333333333333	0.00107181136120043	0.00148148148148148	0.0666666666666667	0.156424581005587	0.00180505415162455	0.00229095074455899	0.00230414746543779	0.00352112676056338	0.0114942528735632	0.00422386483632524	0.00102669404517454	0.00107411385606874	0.222448979591837	0.00314465408805031	0.0355097365406644	0.0144628099173554	0.00411522633744856	0.011142061281337	0.0178571428571429	0.00219298245614035	0.00181488203266788	0.036144578313253	0.333333333333333	0.958890030832477	0.00223214285714286	0.00819672131147541	0.00172117039586919	0.00102880658436214	0.0131578947368421	0.04	0.412037037037037	0.00100908173562059	0.00239234449760766	0.753036437246964	0.0126582278481013	0.967696629213483	0.0770328102710414	0.212765957446809	0.00325732899022801	0.0344827586206897	1	0.0467836257309941	0.0396039603960396	0.0051150895140665	0.0383141762452107	0.00245098039215686	0.00188323917137476
Xenobiotic Metabolism	0.487179487179487	0.906666666666667	1	0.978181818181818	0.941558441558442	0.0025062656641604	1	0.352173913043478	1	0.78816199376947	1	0.900602409638554	0.878048780487805	0.980421686746988	0.755602988260406	0.677676537585421	0.967265047518479	0.877850162866449	0.147540983606557	0.713389121338912	0.436486486486486	0.47239263803681	0.997666277712952	0.0375	0.403598971722365	1	0.224522292993631	0.972699696663296	0.863787375415282	0.0421052631578947	0.399452804377565	0.950920245398773	0.208333333333333	0.942126514131898	1	0.620320855614973	0.761840324763194	0.894179894179894	0.324009324009324	1	0.993773349937733	0.165109034267913	0.109634551495017	0.109375	0.865603644646925	0.300751879699248	1	0.589371980676328	0.00578871201157742	0.0157894736842105	0.783200908059024	0.907918968692449	0.35287610619469	0.870801033591731	0.947862356621481	0.997874601487779	0.230769230769231	0.816129032258065	0.335798816568047	0.968591691995947	0.344827586206897	0.738819320214669	0.9375	0.994727592267135	0.99644128113879	0.867986798679868	1	0.995884773662551	0.402583423035522	1	0.849056603773585	0.40668202764977	1	0.0204081632653061	0.520891364902507	0.982456140350877	0.753623188405797	0.210909090909091	0.289156626506024	1	0.310344827586207	0.160427807486631	0.752	0.820689655172414	0.966049382716049	0.48134328358209	1	1	0.697979797979798	1	0.955193482688391	1	0.666666666666667	0.960982658959538	0.601984564498346	0.0065359477124183	0.867283950617284	1	0.687782805429864	0.25	0.0077720207253886	1	0.00245700245700246	0.617424242424242
Fatty Acid Metabolism	0.971291866028708	1	1	0.987534626038781	0.930635838150289	0.158854166666667	1	0.84	0.760504201680672	0.965993623804463	0.98991935483871	1	0.872340425531915	0.997118155619596	1	0.894549763033175	0.375	1	0.996282527881041	0.0800744878957169	0.786440677966102	0.996350364963504	0.75	0.977272727272727	0.839805825242718	0.264808362369338	0.336569579288026	1	0.557206537890045	0.0224948875255624	0.996621621621622	1	0.174242424242424	1	1	0.682242990654206	0.372093023255814	0.997506234413965	0.904656319290466	1	0.66079295154185	0.693251533742331	0.11443661971831	0.869565217391304	1	0.993788819875776	1	0.833333333333333	0.998511904761905	1	0.866279069767442	1	0.76905574516496	0.229747675962815	1	1	1	0.989010989010989	0.72360248447205	0.161290322580645	0.0862619808306709	1	1	1	0.977049180327869	1	1	1	1	1	0.821220930232558	0.99288256227758	1	1	0.0721500721500721	0.998913043478261	0.547445255474453	0.805504587155963	0.267857142857143	1	1	1	1	0.889279437609842	1	0.984934086629002	1	0.169491525423729	0.981707317073171	0.535714285714286	0.983772819472617	1	1	1	1	0.681388012618297	0.488372093023256	0.998936170212766	0.998473282442748	1	1	0.998015873015873	0.728337236533958	0.487704918032787
Oxidative Phosphorylation	0.718592964824121	0.645962732919255	0.0222222222222222	0.0013869625520111	0.0454545454545455	0.0632911392405063	0.0683229813664596	1	0.00526315789473684	0.552631578947368	0.00194552529182879	0.00303951367781155	0.00826446280991736	0.00294985250737463	0.0151515151515152	0.480314960629921	0.0178571428571429	0.884020618556701	0.945378151260504	0.0592734225621415	1	0.00617283950617284	1	1	1	0.00366300366300366	0.768	1	0.992805755395683	0.0105932203389831	0.325581395348837	1	0.00418410041841004	1	0.426395939086294	0.0053475935828877	0.166023166023166	0.501216545012166	0.505854800936768	1	1	0.53416149068323	1	0.253968253968254	1	0.0152671755725191	0.390243902439024	0.00970873786407767	1	0.00805152979066022	0.53781512605042	0.982532751091703	0.0408163265306122	0.250322580645161	1	0.0163934426229508	0.0222222222222222	0.0144927536231884	1	0.0666666666666667	0.0034965034965035	1	0.914728682170543	1	0.00352112676056338	0.642622950819672	0.0211193241816262	0.0357142857142857	0.712137486573577	1	1	0.775486827033219	0.967181467181467	1	0.020891364902507	1	1	0.451905626134301	0.0120481927710843	0.666666666666667	0.0344827586206897	0.00669642857142857	1	0.00172117039586919	0.0333333333333333	0.934210526315789	1	0.0072463768115942	0.909090909090909	0.253588516746411	1	0.0126582278481013	1	0.00332225913621262	0.0106382978723404	0.00977198697068404	0.0344827586206897	0.025	0.00584795321637427	0.0668316831683168	0.010230179028133	0.00574712643678161	1	0.912951167728238
Glycolysis	0.943589743589744	1	1	0.994497936726272	1	0.518796992481203	1	0.221502590673575	0.528497409326425	0.884735202492212	0.596116504854369	0.686746987951807	0.528455284552846	0.0384615384615385	0.461538461538462	0.996583143507973	1	1	1	0.982824427480916	0.694594594594595	1	0.648275862068965	0.992874109263658	0.025706940874036	0.979508196721312	0.99203821656051	0.998988877654196	0.212624584717608	0.6	0.039671682626539	1	0.951443569553806	0.984555984555985	1	0.401069518716578	1	0.164021164021164	1	1	1	0.00623052959501558	0.985049833887043	1	0.165148063781321	0.180451127819549	1	0.782608695652174	1	1	0.947786606129398	1	0.0510204081632653	0.337209302325581	0.626694473409802	0.0655737704918033	0.494505494505495	1	0.266272189349112	0.4	0.992977528089888	0.0225733634311512	0.347826086956522	1	0.95729537366548	1	0.879365079365079	1	0.776103336921421	1	0.279874213836478	0.395161290322581	0.46875	0.0571428571428571	0.115598885793872	1	0.990942028985507	0.0690909090909091	0.963855421686747	0.993993993993994	0.896551724137931	0.752834467120181	0.128	0.355172413793103	1	0.401119402985075	1	0.0425531914893617	0.172727272727273	0.275779376498801	0.998043052837573	1	0.997175141242938	0.0032258064516129	1	0.0261437908496732	1	1	0.890855457227139	0.288834951456311	0.99740932642487	0.0557692307692308	0.162162162162162	1
Reactive Oxygen Species Pathway	0.996960486322188	1	0.998678996036988	0.953804347826087	0.217543859649123	0.0367647058823529	0.998577524893314	0.806547619047619	0.9533527696793	0.702970297029703	0.48015873015873	0.8125	0.998626373626374	0.26044226044226	0.361111111111111	0.990502035278155	0.995192307692308	1	0.154269972451791	0.0628683693516699	0.175523349436393	0.48993288590604	1	0.992857142857143	0.965765765765766	0.9872	0.991349480968858	0.474576271186441	0.652709359605911	0.979919678714859	0.110210696920583	0.161290322580645	0.791277258566978	0.647435897435897	0.709439528023599	1	0.952681388012618	0.264604810996564	0.763374485596708	0.834615384615385	1	0.813725490196078	0.975	0.816593886462882	0.995768688293371	0.797427652733119	1	0.3202416918429	0.0261324041811847	0.807142857142857	0.148907103825137	0.949790794979079	0.502652519893899	0.810666666666667	1	0.841121495327103	0.148936170212766	0.991304347826087	1	0.503401360544218	0.990610328638498	0.130111524163569	0.906574394463668	1	1	0.904382470119522	0.940594059405941	1	0.144417475728155	0.73	0.988479262672811	0.921487603305785	0.994059405940594	0.267532467532468	0.229059829059829	0.990062111801242	0.998106060606061	0.235294117647059	0.702479338842975	0.132075471698113	0.210191082802548	0.672268907563025	0.888461538461538	1	0.0217917675544794	1	0.037037037037037	0.207482993197279	0.976190476190476	0.988593155893536	1	0.0796812749003984	0.234567901234568	1	1	0.00512820512820513	1	1	0.987654320987654	0.169373549883991	0.146993318485523	0.556237218813906	0.202222222222222	0.00602409638554217
p53 Pathway	0.0101522842639594	0.810089020771513	0.99671772428884	1	0.896103896103896	0.0223880597014925	0.00613496932515337	1	0.8	0.755717255717256	0.477495107632094	1	0.00819672131147541	0.00293255131964809	0.0158730158730159	0.0478905359179019	1	0.987212276214834	1	0.00209205020920502	0.00135869565217391	0.00617283950617284	1	0.296076099881094	0.0026246719160105	0.217331499312242	1	1	0.00326797385620915	1	0.00136798905608755	0.423076923076923	0.716162943495401	0.989276139410188	0.324189526184539	0.0162162162162162	0.737967914438503	0.00574712643678161	0.994845360824742	0.985374771480804	0.00497512437810945	0.0031055900621118	0.32279534109817	0.936507936507937	0.177142857142857	0.0152671755725191	0.457627118644068	1	0.474358974358974	0.00261096605744125	0.296839729119639	0.0036697247706422	0.11283185840708	0.257438551099612	0.993762993762994	0.0161290322580645	0.00568181818181818	0.958288770053476	0.99702380952381	0.571428571428571	0.947735191637631	0.190647482014388	0.0205949656750572	0.966549295774648	0.014336917562724	1	0.972544878563886	0.178571428571429	0.0172972972972973	1	0.00319488817891374	0.0942528735632184	1	1	1	0.781818181818182	0.0145985401459854	0.00180505415162455	0.0117647058823529	0.998998998998999	0.0344827586206897	0.00223214285714286	0.00819672131147541	0.706018518518518	0.882051282051282	0.0018796992481203	0.12	0.0882352941176471	0.108870967741935	0.00237529691211401	0.995991983967936	0.0123456790123457	1	0.508038585209003	0.032258064516129	0.00328947368421053	0.0689655172413793	0.85	0.959090909090909	0.00496277915632754	0.108247422680412	0.856870229007634	0.00244498777506112	0.00187617260787992
UV Response Up	0.593301435406699	1	1	1	0.976744186046512	0.332467532467532	0.705314009661836	0.994715984147952	0.241525423728814	0.0605095541401274	0.760479041916168	0.810089020771513	0.0769230769230769	0.00581395348837209	0.0104166666666667	0.191539365452409	0.974358974358974	1	0.223880597014925	0.00214592274678112	0.0113636363636364	0.00571428571428571	1	0.201204819277108	0.00966183574879227	0.103932584269663	1	1	0.0123456790123457	0.0202020202020202	0.00143472022955524	0.907676348547718	0.277777777777778	1	0.298941798941799	0.00467289719626168	0.975574712643678	0.0050761421319797	1	0.377323420074349	0.834821428571429	0.115501519756839	0.676731793960924	1	0.262661955241461	0.0194805194805195	0.345679012345679	1	0.0625931445603577	0.476839237057221	0.413472706155633	0.0788990825688073	0.102941176470588	0.977542932628798	0.576433121019108	0.132530120481928	0.0148514851485149	0.734065934065934	0.208398133748056	0.366666666666667	0.993506493506494	0.0873440285204991	0.0107270560190703	0.995505617977528	0.00328947368421053	1	1	0.275	0.0523446019629226	0.403193612774451	0.0125786163522013	0.122473246135553	0.980314960629921	0.231046931407942	0.829971181556196	0.99457111834962	0.662408759124088	0.182815356489945	0.0909090909090909	1	0.024390243902439	0.00233644859813084	0.00719424460431655	1	0.663900414937759	0.483018867924528	0.953488372093023	0.029585798816568	0.0122075279755849	0.0384615384615385	1	0.827272727272727	0.987460815047022	1	1	0.00317460317460317	0.568181818181818	0.147540983606557	0.998461538461539	0.00226244343891403	0.776412776412776	1	0.00232558139534884	0.00967117988394584
UV Response Dn	0.0350877192982456	0.161949685534591	0.933562428407789	0.782122905027933	0.968484848484849	0.574918566775244	0.111111111111111	0.552878179384203	1	0.891514500537057	0.738791423001949	0.9984375	0.913348946135831	0.986225895316804	0.892070484581498	0.89768574908648	0.400651465798046	0.862126245847176	0.782068965517241	0.996275605214153	0.445402298850575	0.948402948402948	0.900966183574879	0.911764705882353	0.00242718446601942	0.15625	0.680952380952381	0.835390946502058	0.0425531914893617	0.123505976095618	0.455331412103746	0.944386149003148	0.55956678700361	0.679271708683473	0.9933598937583	0.65938864628821	0.25985401459854	0.00465116279069767	0.986301369863014	0.128252788104089	0.426564495530013	0.555232558139535	0.975736568457539	1	0.502369668246445	0.838888888888889	0.704595185995624	0.102564102564103	0.0428134556574924	0.901808785529716	0.622663551401869	0.0687732342007435	0.984375	0.0256410256410256	0.0749464668094218	0.801552106430155	0.0136986301369863	0.2	0.942779291553134	0.949170124481328	0.134969325153374	1	0.106796116504854	0.47005444646098	0.614835948644793	0.0725806451612903	0.0838779956427015	0.341745531019979	0.00782997762863535	0.300589390962672	0.958333333333333	0.116726835138387	0.00200803212851406	0.975138121546961	0.113569321533923	0.945652173913043	0.610412926391382	1	0.68503937007874	1	0.75	0.111111111111111	0.185430463576159	0.188340807174888	0.596491228070175	0.0586080586080586	0.573093220338983	0.17741935483871	0.00204498977505112	0.355704697986577	1	0.998867497168743	1	0.00303951367781155	0.742857142857143	0.997032640949555	0.278361344537815	0.967811158798283	0.464555052790347	0.393333333333333	0.680555555555556	0.00194931773879142	0.579310344827586	0.0466531440162272
Angiogenesis	0.00318471337579618	0.169340463458111	0.246376811594203	0.197368421052632	0.634423897581792	0.835376532399299	0.927601809954751	0.4	0.751533742331288	0.031496062992126	0.931313131313131	0.534521158129176	0.0935251798561151	0.00235849056603774	0.444444444444444	0.00290697674418605	0.818659658344284	0.807760141093474	0.0222929936305732	0.0512820512820513	0.00174825174825175	0.00613496932515337	0.270186335403727	0.0043859649122807	0.00214592274678112	0.0998363338788871	0.609981515711645	0.268292682926829	0.00481927710843374	0.528846153846154	0.00166112956810631	0.310880829015544	0.152941176470588	0.580906148867314	0.0199081163859112	0.0029585798816568	0.769736842105263	0.00324675324675325	0.750511247443763	0.0222222222222222	0.657935285053929	0.121761658031088	0.194495412844037	0.468164794007491	0.00142450142450142	0.00294117647058824	0.444743935309973	0.200564971751412	0.807899461400359	0.0247747747747748	0.0180806675938804	0.00192678227360308	0.0919067215363512	0.00162074554294976	0.00125944584382872	0.565891472868217	0.00303030303030303	0.12396694214876	0.141114982578397	0.26063829787234	0.375296912114014	0.00178890876565295	0.0060882800608828	0.924564796905222	0.0401002506265664	0.0037593984962406	0.119422572178478	0.0139949109414758	0.00128040973111396	0.583333333333333	0.00458715596330275	0.00997150997150997	0.040983606557377	0.272952853598015	0.0242214532871972	0.234293193717277	0.358095238095238	0.00202020202020202	0.0261194029850746	0.814130434782609	0.381188118811881	0.00206185567010309	0.0065359477124183	0.880597014925373	0.123152709359606	0.00198019801980198	0.95088161209068	0.133105802047782	0.0023696682464455	0.00824742268041237	0.773662551440329	0.0182481751824818	0.219143576826196	0.047979797979798	0.728571428571429	0.07981220657277	0.685350318471338	0.427272727272727	0.391923990498812	0.232815964523282	0.207423580786026	0.00594059405940594	0.00886917960088692	0.323471400394477
heme Metabolism	1	0.774626865671642	1	0.975069252077562	0.973856209150327	0.638190954773869	0.135329341317365	1	0.288009888751545	1	1	0.196969696969697	1	0.970414201183432	0.998933901918977	0.091324200913242	1	0.16260162601626	0.106995884773663	1	0.5625	0.00617283950617284	0.680272108843537	0.998810939357907	0.620865139949109	1	1	0.887765419615773	0.996699669966997	0.172916666666667	0.0480109739368999	1	1	0.450980392156863	1	1	0.781376518218624	0.868550368550369	0.866050808314088	0.963752665245203	0.367701863354037	0.286153846153846	0.436454849498328	0.927659574468085	0.354618015963512	0.863636363636364	1	0.995121951219512	0.227206946454414	0.58656330749354	0.108967082860386	1	0.86126526082131	0.714656290531777	0.698329853862213	1	0.574585635359116	1	0.327893175074184	0.933333333333333	1	0.939189189189189	0.993111366245695	0.386404293381038	0.180212014134276	0.923913043478261	1	0.96551724137931	0.168648648648649	0.998073217726397	0.054140127388535	1	1	0.0283400809716599	1	0.588924387646432	0.789090909090909	0.958483754512635	0.773809523809524	0.996996996996997	1	0.0299539170506912	0.25	1	0.91358024691358	0.494423791821561	1	1	0.524242424242424	0.274231678486998	0.276134122287968	0.2625	1	1	1	0.249180327868852	1	1	1	0.15609756097561	1	0.0289017341040462	0.987684729064039	0.996190476190476
Coagulation	0.012	0.0296411856474259	0.886150234741784	0.828282828282828	0.98974358974359	0.00244498777506112	0.870967741935484	0.468864468864469	0.222666666666667	0.601941747572815	0.9125	0.933753943217666	0.0517241379310345	0.010958904109589	0.178217821782178	0.00245398773006135	0.367678958785249	0.95253682487725	0.340425531914894	0.319415448851775	0.00575539568345324	0.077720207253886	0.305555555555556	0.0123456790123457	0.00238663484486874	0.0692090395480226	0.759803921568627	0.970164609053498	0.00298507462686567	0.341897233201581	0.00144717800289436	0.25	0.371148459383754	0.0338504936530324	0.278600269179004	0.038135593220339	0.793859649122807	0.00454545454545455	0.939114391143911	0.278293135435993	0.235897435897436	0.0198863636363636	0.910588235294118	0.0594059405940594	0.387290167865707	0.023121387283237	0.771739130434783	0.156	0.523308270676692	0.00261780104712042	0.0341578327444052	0.00186567164179104	0.0405092592592593	0.00137551581843191	0.0535331905781585	0.0560747663551402	0.00442477876106195	0.00892857142857143	0.0980707395498392	0.0222222222222222	0.56	0.0307971014492754	0.230674846625767	0.145336225596529	0.364779874213836	0.521739130434783	0.0998902305159166	0.160297239915074	0.173318129988597	0.247563352826511	0.0029585798816568	0.00363636363636364	0.00398406374501992	0.115131578947368	0.398243045387994	0.919302071973828	0.698706099815157	0.018796992481203	0.170542635658915	0.82092555331992	0.987486965589155	0.145374449339207	0.0114285714285714	0.170678336980306	0.916313559322034	0.00186219739292365	0.875	0.198952879581152	0.00102669404517454	0.080091533180778	0.872047244094488	0.0078125	0.997050147492625	0.00286532951289398	0.996535796766744	0.003003003003003	0.762962962962963	0.135869565217391	0.910606060606061	0.248366013071895	0.058252427184466	0.0278884462151394	0.00231481481481481	0.132673267326733
IL-2/STAT5 Signaling	0.0102564102564103	0.0548148148148148	1	0.00363636363636364	0.00649350649350649	1	1	0.0336787564766839	0.799752781211372	0.496365524402908	1	0.692771084337349	0.906712172923777	0.0029585798816568	0.0307692307692308	0.0113895216400911	0.576557550158395	0.184039087947883	0.00409836065573771	0.00209205020920502	0.00135135135135135	0.00613496932515337	0.955659276546091	0.00118764845605701	0.401028277634961	0.00136612021857923	0.17379679144385	0.995955510616785	0.00332225913621262	0.0126315789473684	0.00136798905608755	0.0416666666666667	0.00131233595800525	0.534320323014805	0.0160891089108911	0.566844919786096	0.0690121786197564	0.00529100529100529	1	0.00185528756957328	0.921544209215442	0.390602055800294	1	0.578125	0.00113895216400911	0.0075187969924812	0.192982456140351	0.00251572327044025	0.412445730824891	0.0973684210526316	0.00113507377979569	0.0147329650092081	0.00110619469026549	0.00775193798449612	0.00104275286757039	1	0.10989010989011	0.0010752688172043	0.0014792899408284	0.0666666666666667	0.653089887640449	0.00178890876565295	0.113272311212815	0.304849884526559	0.0142348754448399	0.010752688172043	0.00423280423280423	0.0462962962962963	0.00107642626480086	0.00207900207900208	0.00314465408805031	0.00691244239631336	0.0142857142857143	0.897959183673469	0.154596100278552	0.946031746031746	0.00222222222222222	0.00181818181818182	0.120481927710843	1	0.974306269270298	0.00226757369614512	0.008	0.0206896551724138	0.0349794238683128	0.0634328358208955	0.04	1	0.00101010101010101	0.00959232613908873	0.211812627291242	0.148148148148148	0.836158192090395	0.9	1	0.00326797385620915	0.533333333333333	1	0.956259426847662	0.00485436893203883	0.0155440414507772	0.392307692307692	0.00245700245700246	0.00189393939393939
Bile Acid Metabolism	0.144010767160162	0.995230524642289	0.81301775147929	0.560869565217391	0.987608426270136	1	0.337448559670782	1	0.353424657534247	0.300776914539401	0.996062992125984	0.988976377952756	0.588599752168525	0.403453689167975	0.252583237657865	0.715174129353234	0.141414141414141	0.614427860696517	0.82972582972583	0.226519337016575	0.383233532934132	0.486858573216521	0.264222503160556	0.680958385876419	0.961722488038278	0.814977973568282	0.892156862745098	0.30379746835443	0.00914634146341463	0.0328185328185328	0.104615384615385	0.330462863293864	0.00628930817610063	0.996784565916399	0.938858695652174	0.718997361477573	0.433035714285714	0.199471598414795	0.473002159827214	0.199570815450644	0.985254691689008	0.6171875	0.42397137745975	0.246294184720639	0.632802937576499	0.177664974619289	0.227642276422764	0.981412639405205	0.929577464788732	0.640468227424749	0.978021978021978	0.814732142857143	0.54632972322503	0.519774011299435	0.991101223581758	0.087256027554535	0.136482939632546	0.237113402061856	0.307304785894207	0.183564567769477	0.251412429378531	0.956916099773243	0.357487922705314	0.205273069679849	0.573333333333333	0.141676505312869	0.697516930022573	0.840958605664488	0.278801843317972	0.562380038387716	0.152173913043478	0.428208386277001	0.935091277890467	0.467862481315396	0.803981623277182	0.690265486725664	0.612903225806452	0.481561822125813	0.575117370892019	0.0909090909090909	0.0647249190938511	0.881465517241379	0.0354523227383863	0.954887218045113	0.373362445414847	0.280434782608696	0.249457700650759	0.112388250319285	0.299691040164779	0.90528233151184	0.993839835728953	0.504065040650406	0.985207100591716	0.423076923076923	0.322115384615385	0.177541729893778	0.252947481243301	0.601851851851852	0.977401129943503	0.162162162162162	0.885470085470085	0.662	0.303571428571429	0.832997987927565
Pperoxisome	0.599451303155007	1	0.171021377672209	0.0497803806734993	0.998745294855709	0.986230636833046	1	0.45201668984701	0.236363636363636	0.0100671140939597	0.151277013752456	1	0.982367758186398	0.994708994708995	0.210404624277457	0.814634146341463	0.652272727272727	0.709183673469388	0.646888567293777	0.66044776119403	0.286567164179104	0.978398983481576	0.0508259212198221	0.852459016393443	0.888695652173913	0.671732522796353	0.990082644628099	0.212923728813559	0.539611360239163	0.348484848484849	0.168168168168168	0.953513513513514	0.309148264984227	0.697604790419162	0.736263736263736	0.267643142476698	0.957957957957958	0.508519003931848	1	0.390728476821192	0.85578231292517	0.996850393700787	0.551236749116608	0.876004592422503	0.639563106796116	0.447401774397972	0.978285714285714	0.996363636363636	0.994565217391304	0.0885245901639344	0.941903584672435	0.621681415929204	1	0.812409812409812	0.720178372352285	0.278290993071594	0.952569169960474	0.852713178294574	0.245145631067961	0.441586280814577	0.35933147632312	0.732718894009217	1	0.0742857142857143	0.196923076923077	0.333732057416268	0.606502242152466	1	0.586931155192532	1	0.202786377708978	1	0.583501006036217	0.657616892911011	0.248466257668712	0.116666666666667	0.997872340425532	0.780334728033473	0.500587544065805	0.416666666666667	0.790722761596548	0.828752642706131	0.0982800982800983	0.491295938104449	0.777777777777778	0.0467706013363029	0.306434023991276	0.830788804071247	0.637877211238293	0.524064171122995	0.62671905697446	0.226371061843641	1	0.778364116094987	0.579710144927536	0.399075500770416	0.839612486544672	0.166666666666667	0.806451612903226	0.416517055655296	0.959435626102293	1	0.199640287769784	0.268041237113402
Allograft Rejection	0.0104712041884817	0.00149253731343284	0.972527472527473	0.00357142857142857	0.0065359477124183	0.992462311557789	0.991616766467066	0.826424870466321	0.0123609394313968	0.879292403746098	0.497950819672131	0.666666666666667	0.00113765642775882	0.0029585798816568	0.895522388059702	0.401826484018265	0.0464135021097046	0.169105691056911	0.00411522633744856	0.00207900207900208	0.00135869565217391	0.37037037037037	0.00350877192982456	0.00118906064209275	0.0755336617405583	0.00687757909215956	0.613333333333333	0.384615384615385	0.0033003300330033	0.04375	0.00137174211248285	0.037037037037037	0.00131578947368421	0.00133868808567604	0.00123152709359606	0.909541511771995	0.00134952766531714	0.00531914893617021	0.849884526558891	0.00187617260787992	0.00248447204968944	0.00147710487444609	0.0346534653465347	0.0161290322580645	0.00114025085518814	0.00757575757575758	0.0169491525423729	0.00125470514429109	0.0390738060781476	0.515447154471545	0.00113507377979569	0.0110497237569061	0.00110987791342952	0.0012970168612192	0.00104384133611691	0.961702127659574	0.526187576126675	0.00107296137339056	0.0192878338278932	0.0666666666666667	0.503526093088858	0.0017921146953405	0.975889781859931	0.00225733634311512	0.134275618374558	0.0108695652173913	0.00105820105820106	0.00102774922918808	0.00108108108108108	0.0020703933747412	0.00318471337579618	0.288888888888889	0.00206185567010309	0.321854304635762	0.0633802816901408	0.984126984126984	0.00221238938053097	0.00180505415162455	1	0.333333333333333	0.0246659815005139	0.00230414746543779	0.0078125	0.232235701906412	0.00102880658436214	1	0.0384615384615385	0.739789964994166	0.00101010101010101	0.0236406619385343	0.00202020202020202	0.2625	0.185185185185185	0.586107091172214	0.997794928335171	0.00327868852459016	0.03125	1	0.986301369863014	0.995121951219512	0.947780678851175	0.0269749518304432	0.00246305418719212	0.0019047619047619
Spermatogenesis	0.0970744680851064	0.64010989010989	0.0375146541617819	0.0070323488045007	0.242574257425743	0.715686274509804	0.2109375	0.0247592847317744	0.724696356275304	0.0206971677559913	0.0674373795761079	0.919786096256685	0.00486026731470231	0.513470681458003	0.0122767857142857	0.00510204081632653	0.637569060773481	0.327787021630616	0.18830242510699	0.21455223880597	0.359124087591241	0.00621890547263682	0.002460024600246	0.487437185929648	0.120748299319728	0.113997113997114	0.125964010282776	0.00206398348813209	0.461194029850746	0.269902912621359	0.223372781065089	0.0284510010537408	0.581920903954802	0.0112359550561798	0.400271370420624	0.127107652399481	0.0102189781021898	0.00130039011703511	0.42483660130719	0.969034608378871	0.358247422680412	0.175572519083969	0.0566371681415929	0.00449943757030371	0.125	0.027027027027027	0.102649006622517	0.294906166219839	0.938066465256798	0.00323101777059774	0.104819277108434	0.533632286995516	0.910151691948658	0.233812949640288	0.00108932461873638	0.135955056179775	0.00256739409499358	0.3165548098434	0.192405063291139	0.10598111227702	0.65037037037037	0.877232142857143	0.0466830466830467	0.0148975791433892	0.492603550295858	0.0293772032902468	0.0848214285714286	0.702586206896552	0.00230149597238205	0.380670611439842	0.0490341753343239	0.42002442002442	0.637623762376238	0.0028735632183908	0.00894187779433681	0.912416851441242	0.00221729490022173	0.543893129770992	0.00342465753424658	0.13508064516129	0.384941675503712	0.116591928251121	0.105968331303289	0.0133333333333333	0.806830309498399	0.00659340659340659	0.00319829424307036	0.619824341279799	0.00102564102564103	0.285971223021583	0.744230769230769	0.0192962542565267	0.0968208092485549	0.00277008310249307	0.0149942329873126	0.57593984962406	0.0904255319148936	0.635294117647059	0.17201166180758	0.0219378427787934	0.752650176678445	0.494163424124514	0.0260416666666667	0.0631364562118126
KRAS Signaling Up	0.00523560209424084	0.00746268656716418	0.554347826086957	0.0392857142857143	0.0065359477124183	0.610552763819096	0.832335329341317	0.6	0.818294190358467	0.142559833506764	0.998054474708171	0.00303030303030303	0.00813008130081301	0.0029585798816568	0.015625	0.00114155251141553	0.904008438818565	0.282926829268293	0.00411522633744856	0.00207900207900208	0.00135869565217391	0.00617283950617284	0.0748299319727891	0.00118906064209275	0.00254452926208651	0.00137551581843191	0.881977671451356	0.0769230769230769	0.0033003300330033	0.00208333333333333	0.00137174211248285	0.037037037037037	0.00131578947368421	0.94243641231593	0.0160098522167488	0.041025641025641	0.468286099865047	0.00531914893617021	0.297921478060046	0.00187617260787992	0.595031055900621	0.00615384615384615	0.3561872909699	0.032258064516129	0.00114025085518814	0.00757575757575758	0.0169491525423729	1	0.00578871201157742	0.00258397932816537	0.00113507377979569	0.00184162062615101	0.00110987791342952	0.0012970168612192	0.00104384133611691	0.82258064516129	0.00552486187845304	0.00107296137339056	0.00148367952522255	0.0666666666666667	0.997179125528914	0.0017921146953405	0.0149253731343284	0.137697516930023	0.0212014134275618	0.0108695652173913	0.019047619047619	0.025693730729702	0.00108108108108108	0.0372670807453416	0.00318471337579618	0.013840830449827	0.247422680412371	0.0607287449392713	0.0028169014084507	0.725239616613419	0.40929203539823	0.00180505415162455	0.0119047619047619	0.996996996996997	0.0344827586206897	0.00230414746543779	0.0078125	0.478336221837088	0.0648148148148148	0.00185873605947955	0.0384615384615385	0.393103448275862	0.00101010101010101	0.00236406619385343	0.149494949494949	0.0125	0.98989898989899	0.949348769898698	0.105263157894737	0.00327868852459016	0.15625	0.932291666666667	0.747336377473364	0.0048780487804878	0.0339425587467363	0.421965317919075	0.00246305418719212	0.0019047619047619
KRAS Signaling Dn	0.0842105263157895	0.951219512195122	0.511551155115512	0.532684283727399	0.120141342756184	0.165829145728643	0.303571428571429	0.613368283093054	0.764339152119701	0.30625	0.00191570881226054	0.847076461769115	0.00813008130081301	0.218934911242604	0.556503198294243	0.0011454753722795	0.00105596620908131	0.665573770491803	0.434782608695652	0.286259541984733	0.0364963503649635	0.663495838287753	0.158273381294964	0.229216152019002	0.00256410256410256	0.279569892473118	0.00323101777059774	0.116396761133603	0.556195965417867	0.00193423597678917	0.110027855153203	0.162051282051282	0.0164609053497942	0.281746031746032	0.655043586550436	0.00510204081632653	0.881241565452092	0.28009828009828	0.706422018348624	0.0021505376344086	0.318627450980392	0.00313479623824451	0.659863945578231	0.212992545260916	0.0195627157652474	0.0367647058823529	0.627906976744186	0.324085750315258	0.197691197691198	0.0439276485788114	0.42255125284738	0.0036563071297989	0.0618556701030928	0.00129366106080207	0.0222222222222222	0.769807280513919	0.00568181818181818	0.101402373247033	0.449253731343284	0.805668016194332	0.306666666666667	0.62589928057554	0.00114025085518814	0.46797153024911	0.614525139664804	0.187224669603524	0.315010570824524	0.486096807415036	0.191558441558442	0.252100840336134	0.470845481049563	0.0661252900232019	0.0746887966804979	0.0644736842105263	0.388185654008439	0.234856535600425	0.00718132854578097	0.535971223021583	0.0224719101123595	0.07	0.638603696098563	0.0318181818181818	0.0477272727272727	0.525394045534151	0.344827586206897	0.0037593984962406	0.158110882956879	0.334900117508813	0.293225480283114	0.00715990453460621	0.688588007736944	0.426550598476605	0.347972972972973	0.166666666666667	0.771929824561403	0.023489932885906	0.0834191555097837	0.419791666666667	0.0723076923076923	0.00733496332518337	0.0554089709762533	0.0730769230769231	0.00490196078431373	0.605870020964361
Pancreas Beta Cells	0.223357664233577	0.150561797752809	0.38768115942029	0.263020833333333	0.822033898305085	0.419134396355353	0.107558139534884	0.485795454545455	0.520775623268698	0.0533159947984395	0.794573643410853	0.0870535714285714	0.496598639455782	0.853195164075993	0.48015873015873	0.00146198830409357	0.0284552845528455	0.364601769911504	0.0106951871657754	0.882703777335984	0.125217391304348	0.0658682634730539	0.571428571428571	0.606413994169096	0.220302375809935	0.224755700325733	0.855875831485588	0.697841726618705	0.0871670702179177	0.864864864864865	0.312080536912752	0.415327564894932	0.145484949832776	0.923076923076923	0.648876404494382	0.216216216216216	0.0753768844221105	0.392185238784371	0.769383697813121	0.142553191489362	0.178736517719569	0.571428571428571	0.771217712177122	0.0483271375464684	0.667630057803468	0.414985590778098	0.236016371077763	0.706703910614525	0.172413793103448	0.714285714285714	0.19434628975265	0.558415841584158	0.0361613351877608	0.00486223662884927	0.230473751600512	0.593155893536122	0.0087719298245614	0.162790697674419	0.435540069686411	0.675308641975309	0.120283018867925	0.317857142857143	0.487179487179487	0.100970873786408	0.174129353233831	0.105263157894737	0.661375661375661	0.536305732484076	0.351732991014121	0.145708582834331	0.292517006802721	0.320819112627986	0.0823529411764706	0.0234505862646566	0.470308788598575	0.126315789473684	0.52092050209205	0.494047619047619	0.0224719101123595	0.0336590662323561	0.812578616352201	0.19916142557652	0.180645161290323	0.404096834264432	0.764186633039092	0.0177165354330709	0.370927318295739	0.323529411764706	0.535885167464115	0.130879345603272	0.301455301455301	0.293478260869565	0.112781954887218	0.00253164556962025	0.139118457300275	0.888636363636364	0.368758002560819	0.410621761658031	0.429809358752166	0.319290465631929	0.633187772925764	0.198	0.471349353049908	0.260437375745527
