	pathway	X0285.015.009	X1005.015.008	X1009.015.013	X1058.016.043	X1089.016.076	X1150.016.137	X1155.016.142	X1158.016.145	X1161.016.148	X1184.016.171	X1190.016.177	X1195.016.182	X1480.019.118	X1484.019.122	X1486.019.124	X1503.019.141	X1535.019.173	X1541.019.179	X1543.019.181	X1545.019.183	X1553.019.191	X1554.019.192	X1557.019.195	X1558.019.196	X1559.019.197	X1563.019.201	X1564.019.202	X1565.019.203	X1566.019.204	X1568.019.206	X1569.019.207	X1571.019.209	X1576.019.214	X1581.019.219
1	Acute myeloid leukemia	NA	NA	NA	-1.44352026103949	NA	1.57115128847525	1.57346354028944	-1.65387406997237	NA	NA	NA	NA	1.90861690051453	NA	-1.52632327801058	1.4704831802588	1.67981807522349	1.50567573587014	NA	NA	NA	NA	NA	NA	1.55176040239831	NA	NA	NA	NA	-1.44801031056708	NA	NA	NA	NA
2	Adherens junction	NA	NA	NA	NA	NA	NA	NA	NA	1.64030563112355	NA	1.55603922423074	NA	1.46850946920346	NA	NA	NA	NA	1.56510374581459	NA	NA	NA	NA	NA	NA	NA	NA	NA	NA	NA	-1.83859414558215	NA	NA	NA	NA
3	Adrenergic signaling in cardiomyocytes	NA	NA	NA	NA	1.32465592777152	NA	NA	NA	NA	NA	NA	NA	NA	NA	NA	NA	NA	NA	NA	NA	NA	NA	NA	NA	NA	NA	NA	NA	NA	NA	NA	NA	NA	NA
4	African trypanosomiasis	NA	1.65814419662968	-1.64805916334116	-1.49787161973205	1.50492736705189	1.61986650556072	1.73658782743153	-2.23089391617865	1.94810520983814	1.89038752842766	NA	NA	NA	-1.76406893166879	-1.75495544183215	1.63496440094526	NA	1.63114352657737	-1.6335017567185	NA	NA	1.65343641049859	NA	NA	1.71731156017284	NA	1.72772536505195	NA	-1.75775961423406	NA	1.61940747748266	NA	-1.6987548025438	NA
5	AGE-RAGE signaling pathway in diabetic complications	NA	NA	NA	-1.67124733448538	1.6171867498292	NA	1.72320220909663	-1.87387647492915	1.72948470035111	1.55158899590223	1.71020625003004	1.67157053536574	1.90437285075342	NA	-1.85790836100981	1.52206361158569	NA	2.2614201613292	-1.621579198172	NA	NA	1.76197102054787	NA	1.68654993967458	1.46113036782874	1.62461303301706	1.42493339797216	-1.54683272384575	NA	-1.82148142321364	1.46816767846268	NA	-1.52667408388159	-1.49579432792244
6	Aldosterone synthesis and secretion	NA	NA	NA	NA	1.59855599474339	NA	NA	NA	NA	NA	NA	NA	NA	NA	NA	NA	NA	NA	NA	NA	NA	NA	NA	NA	NA	NA	NA	NA	NA	NA	1.44893563664972	NA	NA	NA
7	Allograft rejection	-1.700990213008	NA	-1.70302797238189	NA	NA	2.1788636028348	2.04860845127392	-2.09865934445418	NA	2.04490493786764	-1.91971039614207	NA	2.14095346837188	NA	-1.4623325730003	2.09603027145644	NA	2.03443199974477	-1.51170637747099	-1.74355767594346	NA	NA	NA	-1.74522666945165	NA	NA	1.58070626923518	NA	NA	1.66025120852064	1.48168934424949	NA	-1.82685013448653	1.87489987363357
8	alpha-Linolenic acid metabolism	NA	NA	NA	-1.542012257517	1.61143167206806	NA	NA	NA	NA	NA	NA	NA	NA	NA	NA	NA	NA	NA	NA	NA	NA	NA	NA	NA	NA	NA	NA	-1.78274904595968	NA	NA	NA	NA	NA	NA
9	Alzheimer disease	NA	NA	NA	-1.61761063774538	NA	NA	NA	NA	NA	NA	NA	NA	NA	NA	NA	NA	NA	NA	NA	NA	NA	NA	NA	NA	NA	NA	NA	NA	NA	NA	NA	NA	NA	NA
10	Amino sugar and nucleotide sugar metabolism	NA	NA	NA	NA	NA	NA	NA	NA	NA	NA	NA	NA	NA	NA	NA	NA	1.69151428000852	1.41114322636795	NA	NA	NA	NA	NA	NA	NA	NA	NA	NA	NA	NA	NA	NA	NA	NA
11	Aminoacyl-tRNA biosynthesis	NA	NA	NA	NA	NA	NA	-1.61606961245524	NA	NA	NA	NA	NA	NA	NA	NA	NA	NA	NA	NA	NA	NA	NA	NA	NA	NA	NA	NA	NA	NA	NA	NA	NA	NA	NA
12	Amoebiasis	NA	NA	NA	-1.86041908376773	1.55486101683574	NA	1.88295065152565	-1.97568087747471	NA	1.82375456776303	1.53878348339586	1.63413467271188	1.85508734885474	NA	-1.99691835860635	1.67110141575445	NA	2.0095615900555	-1.86360944013551	NA	-1.5489132344763	1.54511089546346	NA	NA	1.82390001050498	NA	1.5736983444726	-1.79378770473629	-1.84223861347266	-1.67477919640267	NA	NA	-1.36704468043327	-1.70264274643717
13	Amphetamine addiction	NA	NA	NA	NA	1.57865519331015	NA	NA	NA	NA	NA	NA	NA	NA	NA	NA	NA	NA	NA	NA	NA	NA	NA	-1.5754602555092	NA	NA	NA	NA	NA	NA	-1.46896173904613	NA	NA	NA	NA
14	Amyotrophic lateral sclerosis (ALS)	NA	NA	NA	NA	NA	NA	NA	NA	NA	NA	NA	NA	NA	NA	-1.65116715913507	NA	1.46152430425673	NA	NA	NA	NA	NA	NA	NA	NA	NA	NA	NA	NA	-1.53224643542386	NA	NA	NA	NA
15	Antigen processing and presentation	NA	NA	NA	NA	NA	2.29544790681045	2.02795211649749	-2.02080650558693	NA	1.53480471453066	-1.62429588461646	NA	2.21364433909974	NA	NA	2.11168333555316	NA	1.94838847584111	NA	-1.78196524865452	NA	NA	NA	NA	NA	NA	1.54092736783901	NA	NA	NA	1.46345144090749	NA	NA	NA
16	Apelin signaling pathway	NA	NA	NA	NA	1.33217188588343	NA	NA	NA	NA	1.3892322838258	NA	NA	NA	NA	-1.47181741590636	NA	NA	1.27159771256714	NA	NA	NA	NA	NA	NA	NA	NA	NA	NA	NA	NA	NA	NA	NA	NA
17	Apoptosis	NA	NA	NA	-1.46927728082878	NA	NA	1.39381971055527	-1.86473000820603	NA	1.60267788712648	NA	NA	1.72368081836068	NA	-1.59221318728514	1.53439535428779	NA	1.75512647578817	NA	NA	NA	NA	NA	NA	NA	NA	NA	NA	NA	NA	NA	NA	NA	NA
18	Arachidonic acid metabolism	NA	NA	NA	-1.63248619275365	NA	NA	NA	NA	NA	NA	NA	NA	NA	NA	-1.47884421423982	NA	NA	1.55899381592615	NA	NA	NA	NA	NA	NA	NA	NA	NA	NA	NA	NA	NA	NA	NA	NA
19	Arrhythmogenic right ventricular cardiomyopathy (ARVC)	NA	NA	NA	NA	1.39966224686433	NA	NA	NA	NA	NA	NA	NA	NA	NA	NA	NA	NA	NA	NA	NA	-1.55436469997924	NA	NA	NA	NA	NA	NA	NA	NA	NA	NA	NA	NA	NA
20	Ascorbate and aldarate metabolism	NA	NA	NA	NA	NA	NA	NA	NA	NA	NA	NA	NA	NA	NA	NA	-2.09251575912363	NA	-1.53197453989148	NA	NA	NA	NA	NA	NA	NA	NA	NA	NA	NA	NA	NA	NA	NA	NA
21	Asthma	-1.69608718121473	NA	NA	NA	NA	1.98765728431685	1.76588703872489	-1.59095464780013	NA	1.7217909694761	NA	NA	1.89398578051915	NA	-1.59181271817203	1.88167261343278	NA	1.90832611710384	NA	NA	NA	NA	NA	NA	NA	NA	NA	NA	NA	NA	NA	NA	NA	NA
22	Autoimmune thyroid disease	-1.58877452634841	NA	NA	NA	NA	2.27597533012657	1.96281250717492	-2.1564776897773	NA	1.76996732091048	-1.67420729157503	NA	2.28449709146712	NA	-1.52180575348945	2.13559469086451	NA	1.92775911630738	NA	-1.68060149056544	NA	NA	NA	NA	NA	NA	1.64020800471305	NA	NA	NA	NA	NA	-1.56978792403011	1.61519495231932
23	Autophagy	NA	NA	NA	NA	NA	1.50590926700344	NA	NA	NA	NA	NA	NA	NA	NA	NA	NA	NA	NA	NA	NA	NA	NA	NA	NA	NA	NA	NA	NA	NA	NA	NA	NA	NA	NA
24	Axon guidance	NA	NA	NA	NA	1.61932670734559	NA	NA	NA	NA	NA	1.51184843524123	NA	1.48022160248131	NA	-1.30644001453876	NA	1.52593951962905	NA	NA	NA	NA	NA	NA	NA	NA	NA	NA	NA	NA	-2.0030662120785	NA	NA	NA	NA
25	B cell receptor signaling pathway	NA	NA	-1.49075735735631	-1.55220416859048	NA	1.71340158474079	1.86418351218902	-1.86417212322835	NA	1.57882426319884	NA	NA	2.05345535810859	NA	-1.72320939221591	1.71323999476078	NA	2.10780647288939	-1.71781125355076	NA	NA	1.47699201193123	NA	NA	1.57421089235759	NA	NA	NA	NA	NA	1.75155574297069	NA	NA	NA
26	Bacterial invasion of epithelial cells	NA	NA	NA	NA	1.40224145361101	NA	NA	NA	NA	NA	1.58333187757645	NA	1.35353023733515	NA	-1.40249929569331	NA	1.63799464969722	1.34205776690817	NA	NA	NA	NA	NA	NA	NA	NA	NA	NA	NA	-1.64882385622276	NA	NA	NA	NA
27	Basal cell carcinoma	NA	NA	NA	NA	1.42868339242225	NA	NA	NA	NA	NA	NA	NA	NA	NA	NA	NA	NA	NA	NA	NA	NA	NA	NA	NA	NA	NA	NA	NA	NA	-1.74301783928335	NA	NA	NA	NA
28	Bile secretion	NA	NA	NA	NA	1.46861286006888	NA	NA	NA	NA	NA	NA	NA	NA	NA	NA	NA	NA	NA	NA	NA	NA	NA	NA	NA	NA	NA	NA	NA	NA	NA	NA	NA	NA	NA
29	Bladder cancer	NA	NA	NA	-1.59364077014083	NA	NA	1.68827948483782	-1.60499708151057	1.64335927737817	NA	1.5437117800033	NA	1.66979588930895	NA	-1.7940099517183	NA	NA	2.15160688600413	NA	1.67287704037718	NA	1.61767540461263	NA	1.72825076135478	NA	1.57329462506833	NA	NA	NA	-1.71447515994578	NA	NA	NA	NA
30	Breast cancer	1.36429081892731	NA	NA	NA	1.32668626464319	NA	NA	NA	NA	NA	1.48264964930242	NA	1.46675064113774	NA	-1.41423893959759	NA	1.43441314180776	NA	NA	1.47758215133147	NA	NA	NA	NA	NA	1.48156346325978	NA	NA	NA	-1.92079122384343	NA	NA	NA	-1.41178511767206
31	Butanoate metabolism	NA	NA	NA	NA	NA	NA	-1.72434330755915	NA	NA	NA	NA	NA	NA	NA	NA	NA	NA	-1.41356435131666	NA	NA	NA	NA	NA	NA	NA	NA	NA	NA	NA	NA	NA	NA	NA	NA
32	C-type lectin receptor signaling pathway	NA	NA	NA	-1.72636796395497	1.43380854679887	NA	1.91963155753525	-2.1000663241274	1.65211720722319	1.99211985480965	NA	NA	1.90443753040624	NA	-1.75006968180402	1.83266547998714	NA	2.38134107464851	-1.55249565580369	NA	NA	1.4210574020253	-1.53474814373928	NA	1.65163627763091	NA	1.79075090291786	NA	NA	NA	1.7153887854258	NA	-1.51827446592438	NA
33	Calcium signaling pathway	NA	NA	NA	NA	1.53276949513114	NA	NA	NA	NA	NA	NA	NA	NA	NA	-1.31517611496347	NA	NA	NA	1.34518425486825	NA	NA	NA	NA	NA	NA	NA	NA	NA	NA	NA	NA	NA	NA	NA
34	cAMP signaling pathway	NA	NA	NA	NA	1.71027972359063	NA	NA	NA	NA	1.30005625696341	NA	NA	NA	NA	NA	NA	NA	NA	NA	NA	-1.39428118209886	NA	NA	NA	1.41566566127487	NA	NA	NA	NA	NA	NA	NA	NA	NA
35	Carbohydrate digestion and absorption	NA	NA	NA	NA	1.58885512067641	NA	NA	NA	NA	NA	NA	NA	NA	NA	NA	NA	NA	NA	NA	NA	NA	NA	NA	NA	NA	NA	NA	NA	NA	NA	NA	NA	NA	NA
36	Cell adhesion molecules (CAMs)	NA	NA	NA	-1.3298629287447	NA	1.58704675417672	1.64153141548771	-1.97046395486959	NA	1.83398887323802	NA	NA	1.99996133509722	NA	-1.70101239340903	1.83871168700348	NA	1.84437321246236	NA	NA	-1.57697528234064	NA	NA	NA	1.42693560106102	NA	1.39755262135465	NA	NA	NA	1.35337936770512	NA	-1.89532037318062	NA
37	Cell cycle	NA	NA	NA	-1.8463882347991	-1.28569600464569	NA	NA	-1.39309977807054	NA	NA	1.44103226054544	NA	1.59541473048058	NA	-1.92732061946524	NA	NA	NA	NA	1.9035754733207	NA	1.54935686256354	NA	NA	NA	NA	-1.5622093563528	NA	-1.71958547187931	-1.49373659836192	NA	-1.61213000177342	NA	-1.63793111340734
38	Cellular senescence	NA	NA	NA	-1.45962339174721	NA	NA	NA	-1.35730231804944	NA	1.33558534202623	NA	NA	1.69625880345579	NA	-1.56617344707744	NA	NA	1.68658906819985	NA	NA	NA	1.28710540848056	NA	NA	NA	NA	NA	NA	NA	-1.43436536661993	NA	NA	NA	NA
39	Central carbon metabolism in cancer	NA	NA	NA	NA	1.50160309104332	NA	NA	NA	NA	NA	1.58090211343607	NA	1.49912550470966	NA	-1.66148783671539	NA	1.96130288557154	1.81285153150594	NA	NA	NA	1.80557312151745	NA	NA	NA	NA	NA	NA	NA	-1.84194592759958	NA	NA	NA	NA
40	cGMP-PKG signaling pathway	NA	NA	NA	NA	1.61297762181674	NA	NA	NA	NA	NA	NA	NA	NA	NA	-1.47814826531936	NA	NA	NA	NA	NA	NA	NA	NA	NA	NA	NA	NA	NA	NA	NA	NA	NA	NA	NA
41	Chagas disease (American trypanosomiasis)	NA	1.50799715106948	-1.49087706845095	-1.38749323543014	NA	1.85655841380493	2.17223684239582	-2.04765040925611	NA	1.72566956386742	NA	NA	1.84707937038852	NA	-1.54565137124571	1.96275803734122	NA	1.91049797963648	-1.57310293178609	NA	NA	NA	NA	NA	1.46779324512972	NA	1.72667551035547	NA	NA	NA	1.83229077985802	NA	-1.71045779086383	NA
42	Chemical carcinogenesis	NA	NA	NA	NA	NA	NA	NA	NA	NA	-1.4607341516411	NA	NA	-1.6838379760922	NA	NA	-1.93396177817564	NA	-1.53467658125596	NA	NA	NA	NA	NA	NA	NA	NA	NA	NA	NA	NA	-1.40639456415585	NA	NA	NA
43	Chemokine signaling pathway	-1.4874299725168	1.56232521624915	NA	-1.71704237954514	1.30320423644724	1.70551415253792	2.28313468063209	-2.27755642913916	NA	2.09669580826759	NA	1.5017815263447	1.90289350394912	-1.41017407576868	-1.92769291525067	2.25532990530726	NA	2.06208312946494	-2.04972453373027	NA	-1.72052976631784	1.3942484051598	NA	NA	1.81276160264817	NA	2.01237858171028	-1.4278412587652	-1.66034401488744	NA	2.01692867960438	-1.44762211361731	-1.63734719882246	NA
44	Choline metabolism in cancer	NA	NA	NA	NA	NA	NA	NA	NA	NA	NA	NA	NA	NA	NA	NA	NA	NA	1.43780433951476	NA	NA	NA	NA	NA	NA	NA	NA	NA	NA	NA	NA	NA	NA	NA	NA
45	Cholinergic synapse	NA	NA	NA	NA	1.36934567196497	NA	NA	NA	NA	NA	NA	NA	NA	NA	NA	1.34201256828362	NA	NA	NA	NA	NA	NA	NA	NA	NA	NA	NA	NA	NA	NA	1.3822108951683	NA	NA	NA
46	Chronic myeloid leukemia	NA	NA	NA	NA	NA	NA	1.36049234951626	NA	NA	NA	NA	NA	1.52279589771224	NA	-1.5405236071794	NA	NA	1.78649389552502	NA	NA	NA	NA	NA	NA	NA	NA	NA	NA	NA	-1.66210632937503	NA	NA	NA	NA
47	Circadian entrainment	NA	NA	NA	NA	1.72825595426717	NA	NA	NA	NA	NA	1.60335993576933	NA	NA	NA	-1.3770124339009	NA	NA	NA	NA	NA	NA	NA	NA	NA	NA	NA	NA	NA	NA	NA	NA	NA	NA	NA
48	Citrate cycle (TCA cycle)	NA	NA	NA	NA	NA	NA	-1.59578497206971	NA	NA	NA	NA	NA	NA	NA	NA	NA	1.71193799754279	NA	NA	NA	NA	NA	NA	NA	NA	NA	NA	NA	NA	NA	NA	NA	NA	NA
49	Colorectal cancer	NA	NA	NA	NA	NA	1.47717962099966	NA	NA	NA	NA	1.42589553620235	NA	1.47265830385976	NA	NA	NA	NA	1.65683073129438	NA	NA	NA	NA	NA	NA	NA	NA	NA	NA	NA	-1.6077424138854	NA	NA	NA	NA
50	Complement and coagulation cascades	NA	NA	NA	-1.57156869554919	1.43311399585724	NA	1.46467610984014	-1.84564103411238	NA	1.61038977592314	NA	NA	1.89730842937993	NA	-1.82212197124053	1.71539903300441	NA	1.96426841932719	-1.50948935231926	NA	NA	NA	NA	1.62081004782604	1.47596649288635	NA	NA	-1.76181454146911	NA	NA	1.57549052522305	NA	NA	NA
51	Cortisol synthesis and secretion	NA	NA	NA	NA	1.44090330554359	NA	NA	NA	NA	NA	NA	NA	NA	NA	NA	NA	NA	NA	NA	NA	NA	NA	NA	NA	NA	NA	NA	NA	NA	NA	NA	NA	NA	NA
52	Cytokine-cytokine receptor interaction	NA	1.70209007097179	NA	-1.98872124683407	1.68936807425537	1.45644766117095	2.5162743806869	-2.53019706344054	NA	2.361954172336	NA	1.88411924073181	2.194760445694	-1.66421969783478	-2.20514635423128	2.37525802075988	NA	2.20122007856311	-2.03149586293673	-1.57633308025147	-1.71220291053088	1.86483239108362	NA	1.64813935078572	1.93068306432309	1.44400240667452	2.10720773377016	-1.66991194036044	-1.9629493551864	NA	2.00532453937685	-1.68204657800456	-1.93767316091777	-1.43602541983487
53	Cytosolic DNA-sensing pathway	NA	NA	NA	NA	NA	NA	1.86701924465359	-2.14488244497582	NA	1.70176290126926	NA	NA	1.73507563475651	NA	-1.4062357506253	1.92008075359376	NA	1.56996172885142	-1.79423901005188	NA	NA	NA	NA	NA	1.63619507835227	NA	1.59410793244491	NA	NA	NA	NA	NA	NA	NA
54	Dilated cardiomyopathy (DCM)	NA	NA	NA	NA	NA	NA	NA	NA	NA	NA	NA	NA	NA	NA	NA	NA	NA	NA	NA	NA	-1.58877870554344	NA	NA	NA	NA	NA	NA	NA	NA	NA	NA	NA	NA	NA
55	DNA replication	NA	NA	NA	-1.80072739823382	NA	NA	-1.57668785692634	NA	NA	NA	NA	NA	NA	NA	-1.68545204816016	NA	NA	NA	NA	NA	NA	NA	NA	NA	NA	NA	-1.80390556697938	NA	NA	NA	-1.74524615867014	NA	NA	NA
56	Dopaminergic synapse	NA	NA	NA	NA	1.50875408280245	NA	NA	NA	NA	NA	NA	NA	NA	NA	NA	NA	NA	NA	NA	NA	NA	NA	NA	NA	NA	NA	NA	NA	NA	NA	NA	NA	NA	NA
57	Drug metabolism	NA	NA	NA	NA	NA	NA	-1.43085584832169	1.43158169037657	NA	NA	NA	NA	-1.5866248625433	NA	NA	-1.89910953036621	NA	-1.53035126536221	NA	NA	NA	NA	NA	NA	NA	NA	NA	NA	NA	NA	NA	NA	NA	NA
58	ECM-receptor interaction	NA	NA	NA	-1.62122368496303	1.66442892408354	NA	NA	NA	1.70190502553462	NA	1.86208264054417	NA	1.72160055008423	1.4521883620277	-1.75315719744461	NA	NA	1.75918044907705	NA	NA	NA	1.45650098778316	1.61292157091508	1.57953255719277	NA	1.73041151826175	NA	-1.72819915178697	-1.53941055574525	-1.90992215206069	NA	NA	NA	NA
59	Endocrine and other factor-regulated calcium reabsorption	NA	NA	NA	NA	1.47600863819079	NA	NA	NA	NA	NA	NA	NA	NA	NA	NA	NA	NA	NA	NA	NA	NA	NA	NA	NA	NA	NA	NA	NA	NA	-1.39666162542186	NA	NA	NA	NA
60	Endocytosis	NA	NA	NA	-1.37139050100293	NA	NA	1.44290213154978	NA	NA	NA	NA	NA	NA	NA	-1.29909171749418	NA	NA	1.47539939693604	NA	NA	NA	NA	NA	NA	NA	NA	NA	NA	NA	NA	NA	NA	NA	NA
61	Endometrial cancer	NA	NA	NA	NA	NA	NA	NA	NA	NA	NA	NA	NA	NA	NA	NA	NA	NA	NA	NA	NA	NA	NA	NA	NA	NA	NA	NA	NA	NA	-1.44842028824945	NA	NA	NA	NA
62	Epithelial cell signaling in Helicobacter pylori infection	NA	NA	NA	-1.6003766583912	NA	NA	NA	NA	NA	NA	NA	NA	NA	NA	NA	NA	NA	1.5991250822921	NA	NA	NA	NA	NA	NA	NA	NA	NA	NA	NA	NA	NA	NA	NA	NA
63	Epstein-Barr virus infection	NA	NA	-1.56882148976292	-1.45707031174329	NA	1.74041451600134	1.89611751573207	-2.19551224811877	NA	1.84076891705311	NA	NA	2.22445567870213	-1.45620749911854	-1.79995430911764	1.98646277467133	NA	2.13187141552736	-1.79697547603041	NA	NA	1.44694504550097	NA	NA	1.45980023168293	NA	NA	NA	NA	NA	1.33512176525231	NA	-1.39107875512689	NA
64	ErbB signaling pathway	NA	NA	NA	NA	NA	NA	NA	NA	NA	NA	1.42356866166266	NA	NA	NA	NA	NA	NA	1.33696933041564	NA	NA	NA	NA	NA	NA	NA	NA	NA	NA	NA	-1.52338719719985	NA	NA	NA	NA
65	Estrogen signaling pathway	NA	NA	NA	-1.53505221850333	1.85893202005634	NA	NA	NA	NA	NA	1.77370631593022	NA	1.38321133134518	NA	-1.73785159572456	NA	1.53812486543062	1.4800794908546	NA	1.60322295536088	NA	1.81371576065942	NA	NA	NA	1.43442529459342	NA	-1.7320726826363	NA	-1.82376615990505	NA	NA	NA	-1.70646294445829
66	Ether lipid metabolism	NA	NA	NA	NA	1.64238189580908	NA	NA	NA	NA	NA	NA	NA	NA	NA	NA	NA	1.60939003260223	1.40616564233461	NA	NA	NA	NA	NA	NA	NA	NA	NA	-1.57693543696193	NA	-1.40910918731698	NA	NA	NA	NA
67	Fanconi anemia pathway	NA	NA	NA	NA	-1.59503289642949	NA	-1.57465587923231	NA	NA	NA	NA	NA	NA	NA	NA	NA	NA	NA	NA	NA	NA	NA	NA	NA	NA	NA	NA	NA	NA	NA	NA	NA	NA	NA
68	Fat digestion and absorption	NA	NA	NA	NA	1.82920798992629	NA	NA	NA	NA	NA	NA	NA	NA	NA	NA	NA	NA	NA	NA	NA	NA	NA	NA	NA	NA	NA	NA	NA	NA	NA	NA	NA	NA	NA
69	Fc epsilon RI signaling pathway	NA	NA	NA	-1.52577170036669	NA	1.50191398968985	NA	NA	NA	1.60200643773639	NA	NA	1.65484566483638	-1.48160746930596	-1.72058353562031	1.55272568079699	NA	1.91943411998596	NA	NA	NA	1.56561963927748	NA	NA	1.52070945168812	NA	NA	NA	NA	-1.43965876696265	1.48067335170688	NA	NA	NA
70	Fc gamma R-mediated phagocytosis	NA	NA	NA	-1.69985757287443	1.51347537999974	1.57112348062029	1.42540569985079	-1.71125453252667	NA	NA	1.40422412152098	NA	1.90877761753745	NA	-1.77089734080408	1.73263000958768	1.66621087071435	2.12440690351951	NA	NA	NA	1.56790248872682	-1.65317040240837	NA	1.5714437947636	NA	NA	NA	NA	-1.82597863529921	1.56586251807364	NA	NA	NA
71	Ferroptosis	NA	NA	NA	NA	NA	NA	NA	NA	NA	NA	NA	NA	NA	NA	NA	NA	NA	1.57497639454795	NA	NA	NA	NA	NA	NA	NA	NA	NA	NA	NA	NA	NA	NA	NA	NA
72	Fluid shear stress and atherosclerosis	NA	NA	NA	-1.6713169550682	NA	NA	1.59937117544616	-1.62278483949921	NA	1.68195511132643	1.45378738137296	NA	1.42874511339787	NA	-1.72361085103146	NA	NA	1.89634118340667	NA	NA	NA	1.46028866861853	NA	1.58666410836272	1.52263454909799	1.48156711645437	1.64405197475117	NA	NA	-1.53972501834875	1.45453894889993	NA	-1.48714503103581	-1.52599894636678
73	Focal adhesion	NA	NA	NA	-1.43946204975379	1.45100050051129	NA	NA	-1.30918515414784	1.4848631583763	NA	1.72597427108365	NA	1.69724754481226	NA	-1.58451725149254	NA	NA	1.74152649303467	NA	NA	NA	1.27810899520978	NA	NA	NA	1.56657286320985	NA	-1.57303166317208	NA	-1.96106889232161	NA	NA	NA	-1.48198022805169
74	Folate biosynthesis	NA	NA	NA	NA	NA	NA	-1.51670005420999	NA	NA	NA	NA	NA	NA	NA	NA	NA	NA	NA	NA	NA	NA	NA	NA	NA	NA	NA	NA	NA	NA	NA	NA	NA	NA	NA
75	FoxO signaling pathway	NA	NA	NA	NA	NA	NA	1.40419235075443	NA	NA	NA	NA	NA	NA	NA	NA	NA	NA	1.34511665284538	NA	NA	NA	NA	NA	NA	NA	NA	NA	NA	NA	NA	NA	NA	NA	NA
76	Fructose and mannose metabolism	NA	NA	NA	NA	NA	NA	NA	NA	NA	NA	NA	NA	NA	NA	NA	NA	NA	NA	NA	NA	NA	1.55361552034111	NA	NA	NA	NA	NA	NA	NA	NA	NA	NA	NA	NA
77	GABAergic synapse	NA	NA	NA	NA	1.81803724748045	NA	NA	NA	NA	NA	NA	NA	NA	NA	NA	NA	NA	NA	NA	NA	NA	NA	NA	NA	NA	NA	NA	NA	NA	NA	NA	NA	NA	NA
78	Galactose metabolism	NA	NA	NA	NA	1.55763261939295	NA	NA	NA	NA	NA	NA	NA	NA	NA	NA	NA	NA	NA	NA	NA	NA	NA	NA	NA	NA	NA	NA	NA	NA	NA	NA	NA	NA	NA
79	Gastric cancer	NA	NA	NA	NA	1.35836669299517	NA	NA	NA	NA	NA	NA	NA	1.42631713081581	NA	NA	NA	1.58902688007086	NA	NA	NA	NA	NA	NA	NA	NA	1.50011965354165	NA	NA	NA	-1.61586442121828	NA	NA	NA	NA
80	Glioma	NA	NA	NA	NA	NA	NA	NA	NA	NA	NA	NA	NA	NA	NA	NA	NA	1.50937331010999	1.62244573142695	NA	NA	NA	NA	NA	NA	NA	NA	NA	NA	NA	-1.68884659686583	NA	NA	NA	NA
81	Glutamatergic synapse	NA	NA	NA	NA	1.45826417387115	NA	NA	NA	NA	NA	NA	NA	NA	NA	NA	NA	NA	NA	NA	NA	NA	NA	NA	NA	NA	NA	NA	NA	NA	NA	NA	NA	NA	NA
82	Glutathione metabolism	NA	-1.66646487076555	NA	NA	-1.66056798843318	NA	NA	NA	NA	NA	NA	NA	NA	NA	NA	NA	NA	NA	NA	NA	NA	NA	NA	NA	NA	NA	NA	NA	NA	NA	NA	NA	NA	NA
83	Glycerolipid metabolism	NA	NA	NA	NA	1.45117723435121	NA	NA	NA	NA	NA	NA	NA	NA	NA	NA	NA	NA	NA	NA	NA	NA	NA	NA	NA	NA	NA	NA	NA	NA	NA	NA	NA	NA	NA
84	Glycine, serine and threonine metabolism	NA	NA	NA	NA	NA	NA	-1.63491873291856	NA	NA	NA	NA	NA	NA	NA	NA	NA	NA	NA	NA	NA	NA	NA	NA	NA	NA	NA	NA	NA	NA	NA	NA	NA	NA	NA
85	Glycosaminoglycan biosynthesis	NA	NA	NA	NA	NA	NA	NA	NA	NA	NA	NA	NA	NA	NA	-1.54214829958038	NA	NA	NA	NA	NA	NA	NA	NA	NA	NA	NA	NA	-1.54027671189964	NA	-1.54730255639837	NA	NA	NA	NA
86	Glyoxylate and dicarboxylate metabolism	NA	NA	NA	NA	NA	NA	NA	NA	NA	NA	NA	NA	NA	NA	NA	NA	NA	NA	NA	NA	NA	NA	NA	NA	NA	NA	-1.77061474593044	NA	NA	NA	NA	NA	NA	NA
87	GnRH signaling pathway	NA	NA	NA	NA	NA	NA	NA	NA	NA	NA	NA	NA	NA	NA	NA	NA	NA	1.27151984687284	NA	NA	NA	NA	NA	NA	NA	NA	NA	NA	NA	-1.53193812817531	NA	NA	NA	NA
88	Graft-versus-host disease	-1.66601303538966	1.73345555903286	-1.52939531276454	-1.42010013499902	NA	2.23230066643651	2.12295077063829	-2.19425317726631	NA	2.01762390796325	-1.67610775615088	NA	2.25374064934238	NA	-1.49125132206958	2.18959885318594	NA	2.20204269058697	-1.78598002535444	-1.84501197516428	NA	NA	NA	NA	1.63404986526208	NA	1.9022546419132	NA	NA	NA	1.67769669338422	NA	-1.87422934381794	NA
89	Hematopoietic cell lineage	-1.77798844199348	1.58696173378619	-2.00856645351573	-1.53448632389884	NA	1.86443704179945	2.10767201136532	-2.21169235965055	NA	2.06664720163713	NA	1.6152973502295	2.03972707613697	NA	-2.05039774479891	2.23197483317167	NA	2.03472778828943	-1.84538442014183	-1.84856085701953	-1.76629320814281	NA	NA	NA	1.86008317213359	NA	1.94328457070201	NA	-1.83742997937615	NA	1.75756395960115	NA	-2.01448086481227	NA
90	Hepatitis B	NA	NA	NA	-1.59658904762203	NA	1.43578232193869	1.66406325848418	-1.94317303787312	NA	1.47077305851161	NA	NA	2.04491649293923	NA	-1.75126855741062	1.72730555708601	1.41385436880496	1.9209558730198	-1.54074433407489	NA	NA	1.53629682100348	NA	NA	1.64438042885576	NA	NA	NA	NA	NA	1.38264807942155	NA	NA	NA
91	Hepatitis C	NA	NA	NA	NA	NA	NA	1.42457043175899	-1.88109923744371	NA	1.4385458619994	NA	NA	1.81380606813088	NA	-1.45203037208171	1.67157238142334	NA	1.76107969346694	NA	NA	NA	NA	NA	NA	NA	NA	NA	NA	NA	NA	NA	NA	NA	NA
92	Hepatocellular carcinoma	NA	NA	NA	NA	NA	NA	NA	NA	NA	NA	NA	NA	NA	NA	NA	NA	1.42397549472342	NA	NA	NA	NA	NA	NA	NA	NA	NA	NA	NA	NA	-1.3001899081051	NA	NA	NA	NA
93	Herpes simplex virus 1 infection	NA	NA	NA	1.48099862174328	NA	NA	1.39162740809892	-1.63925629975875	-1.40645710663639	NA	NA	NA	1.47966339222031	NA	1.29601282739503	1.80695526464397	NA	NA	-1.34880584748511	NA	NA	NA	1.4818657337976	NA	1.40273759850314	1.44715242863634	NA	NA	NA	1.46802077810545	NA	NA	NA	NA
94	HIF-1 signaling pathway	NA	NA	NA	-1.3662979825167	NA	NA	1.58008674086946	-1.69325609064074	NA	1.49655425058508	NA	NA	1.6732009418135	NA	-1.61274091674256	1.77637853889808	NA	1.84312634137046	NA	NA	NA	NA	NA	NA	1.48184426879441	NA	1.43660059398615	NA	NA	NA	NA	NA	NA	NA
95	Hippo signaling pathway	NA	NA	NA	NA	1.31451582079462	NA	NA	NA	NA	NA	1.44033427250966	NA	1.35603244639046	NA	-1.38541724395543	NA	NA	1.39863298635012	NA	1.5335788719012	NA	NA	NA	NA	NA	1.52677809485142	NA	NA	NA	-1.65794980219164	NA	NA	NA	NA
96	Homologous recombination	NA	NA	NA	NA	NA	NA	NA	NA	NA	NA	NA	NA	NA	NA	NA	NA	1.60036123888782	NA	NA	NA	NA	NA	NA	NA	NA	NA	NA	NA	NA	NA	NA	NA	NA	NA
97	Human cytomegalovirus infection	NA	NA	NA	-1.48474661526411	NA	1.38706927475867	1.87104062336803	-1.87249494456106	NA	1.59929509105139	NA	NA	1.76315601708867	NA	-1.6649927589208	1.72998686285846	NA	1.94123283437491	-1.35861177272622	NA	-1.57191529120533	1.19832150524404	-1.41399274070155	NA	1.55805661465492	NA	1.67011923560951	NA	NA	NA	1.61698932868624	NA	NA	NA
98	Human immunodeficiency virus 1 infection	NA	NA	NA	-1.34847296624182	NA	1.34618765975888	1.31371350556493	-1.71356918646703	NA	1.39084597873305	NA	NA	1.86789486555448	NA	-1.44505903519024	1.50926897632146	NA	1.71706978112148	NA	NA	NA	NA	NA	NA	NA	NA	NA	NA	NA	NA	1.35873066177772	NA	NA	NA
99	Human papillomavirus infection	NA	NA	NA	-1.22569476291195	1.40889895713137	NA	NA	NA	NA	NA	1.58565901641787	NA	1.68540889338916	NA	-1.5306281938297	NA	NA	1.59206566618047	NA	NA	NA	NA	NA	NA	NA	1.54675623485558	NA	NA	NA	-1.84879757296775	NA	NA	NA	NA
100	Human T-cell leukemia virus 1 infection	NA	NA	NA	-1.58861660178295	NA	1.6643033136589	1.64587018878738	-1.93760730223592	NA	1.62887561499239	NA	NA	2.05723742463375	NA	-1.87872827873585	1.66258114542884	NA	1.92190825069109	-1.36487215646361	NA	NA	1.37829706511849	NA	NA	NA	NA	NA	NA	NA	NA	1.29285829884775	NA	-1.34216171281296	NA
101	Huntington disease	NA	-1.63529781486686	NA	1.31283422143706	-1.59809387986618	NA	NA	NA	-1.79607847045583	NA	-1.42651250368644	NA	-1.40477886752443	NA	NA	NA	NA	NA	NA	NA	NA	-1.6919804995067	NA	-1.58949772638966	NA	NA	NA	NA	NA	1.34529815981768	NA	NA	NA	NA
102	Hypertrophic cardiomyopathy (HCM)	NA	NA	NA	NA	NA	NA	NA	-1.39908391641098	NA	NA	NA	NA	NA	NA	NA	1.40346598983691	NA	NA	NA	NA	-1.69457761608283	NA	NA	NA	NA	NA	NA	NA	NA	NA	NA	NA	NA	NA
103	IL-17 signaling pathway	-1.58011488022631	1.72672826388078	-1.9243428249309	-1.92287367119751	1.6163455165806	NA	2.37839566533128	-2.27038478413647	1.64087011426756	2.167812188595	NA	1.98020012868565	1.54158332454602	-1.63471185090466	-2.14378620879505	1.97862960376985	NA	2.33157096661251	-1.97263516851054	NA	NA	1.99575269928651	-1.5573127949085	1.73446287776942	1.75552648465044	NA	2.12019675340751	NA	-1.6652540660242	NA	1.54004097435466	-1.76390861291127	-1.61987184615339	-1.51710845156854
104	Inflammatory bowel disease (IBD)	-1.67714589677899	1.76947700577489	-1.91877462040601	NA	NA	1.82908049417554	2.04303823317142	-2.24440713001336	NA	2.05681388394807	NA	NA	2.22016972940276	NA	-1.86611692686378	2.23202116380991	NA	2.33449762461729	-1.90492545451224	-1.77736151417749	NA	1.65163057335637	NA	NA	1.75307443625933	NA	1.89732450313137	NA	NA	NA	1.72762736090273	-1.58028058323027	-1.77400461448491	NA
105	Inflammatory mediator regulation of TRP channels	NA	NA	NA	NA	1.40022713930066	NA	NA	NA	NA	NA	NA	NA	NA	NA	NA	NA	NA	1.3798338427496	NA	NA	NA	NA	NA	NA	NA	NA	NA	NA	NA	NA	NA	NA	NA	-1.48911589778326
106	Influenza A	NA	NA	-1.66466155915046	-1.33054333967645	NA	1.41868715484509	1.97968907258369	-2.24536400984893	NA	1.87318647557478	NA	NA	2.07725131411802	NA	-1.62863504985374	2.12103628390973	NA	2.18477904286218	-1.93783887919125	NA	NA	1.4082537179035	NA	NA	1.5718371039484	NA	1.79912100971076	NA	NA	NA	1.53059939476145	NA	-1.68790336622213	NA
107	Insulin resistance	NA	NA	NA	NA	NA	NA	1.41335483657116	NA	NA	NA	1.51229325613819	NA	NA	NA	NA	NA	NA	NA	NA	NA	NA	NA	NA	NA	NA	NA	NA	NA	NA	NA	NA	NA	NA	NA
108	Insulin secretion	NA	NA	NA	NA	1.89816339487125	NA	NA	NA	NA	NA	NA	NA	NA	NA	NA	NA	NA	-1.40616738144308	NA	NA	NA	NA	NA	NA	NA	NA	NA	NA	NA	NA	NA	NA	NA	NA
109	Insulin signaling pathway	NA	NA	NA	NA	NA	NA	1.35431639329664	NA	NA	NA	1.37476834069608	NA	NA	NA	NA	NA	NA	NA	NA	NA	NA	NA	NA	NA	NA	NA	NA	NA	NA	NA	NA	NA	NA	NA
110	Intestinal immune network for IgA production	-1.74222073970221	NA	-1.65062799412362	NA	NA	2.12601299721847	2.04709313967069	-2.12925157392711	NA	1.81585889817068	-1.48713983632215	NA	2.14251582711387	NA	-1.55786610436546	2.16123747500328	NA	2.13127899385565	-1.6267349216103	-1.8049283625639	-1.66237727836302	NA	NA	NA	NA	NA	1.68289558107935	NA	NA	NA	1.67390538309685	NA	-1.68996301244303	1.67764394556569
111	JAK-STAT signaling pathway	-1.46654330539629	NA	NA	-1.69124379993619	1.39990647378499	NA	2.08918991252995	-2.31159157393538	NA	1.92737519533655	NA	NA	1.89454954009389	NA	-1.83176419998526	2.14081711279734	NA	1.83602205041886	-1.73660612084983	-1.47154382913613	-1.41616820351307	NA	NA	NA	1.75064622063786	NA	1.60632549880312	NA	-1.79075339225596	NA	1.6095425957738	NA	-1.60514821233237	NA
112	Kaposi sarcoma-associated herpesvirus infection	NA	NA	NA	-1.62086991960883	1.3206127950342	1.39883726786318	1.83795366005877	-1.91049503513192	1.53647146798933	1.6215823111178	NA	NA	1.92411606014922	-1.46568654613578	-1.89802029491248	1.63865421410368	NA	2.16233649811124	-1.5168887276389	NA	NA	1.57848382496866	-1.40881288771725	1.37487545928651	1.60484475567718	1.42455179366403	1.63025563154856	NA	NA	NA	1.37261353532683	-1.66369224748161	NA	NA
113	Legionellosis	NA	NA	NA	-1.92441873935841	1.45969987622607	NA	2.21392775720323	-2.07465493003804	1.5552304172372	1.8690689173258	NA	NA	NA	-1.67254260216352	-1.86527147823741	1.86263468327138	NA	1.9194011530684	-1.91711130024967	NA	-1.58962471783912	1.53964327469873	-1.75066709270252	NA	1.8928644275399	NA	2.12142122922568	NA	NA	NA	1.76803212425729	-1.65145870075406	NA	NA
114	Leishmaniasis	-1.56310691543074	2.02547755404909	-1.99319574898025	-1.88388470023977	NA	1.88915183349722	2.36422237676724	-2.28554238744314	NA	2.00762640086418	NA	1.5302683144584	2.0378459055909	-1.79693262389881	-2.14274577021326	2.24353879861899	NA	2.51363768934104	-2.0263030976462	NA	-1.82424892307149	1.61076131118075	-1.8399565307404	NA	1.9974934261348	NA	2.12213449812819	NA	-1.51581073604243	NA	1.81740971757867	-1.85421451151734	-1.8441577253606	NA
115	Leukocyte transendothelial migration	-1.44382312424009	NA	NA	-1.68620895323229	1.42494202215306	NA	1.34156690471388	-1.56297479288863	1.53259957885974	NA	NA	NA	1.42901813491735	NA	-1.85373192670753	1.39806725129633	NA	1.69629830425262	NA	NA	NA	NA	NA	NA	1.51285662901407	NA	NA	-1.54733970715726	NA	-1.4637481245742	1.57957647392309	NA	NA	NA
116	Linoleic acid metabolism	NA	NA	NA	NA	1.53143886259331	NA	NA	NA	NA	NA	NA	NA	NA	NA	NA	NA	NA	NA	NA	NA	NA	NA	NA	NA	NA	NA	NA	NA	NA	NA	NA	NA	NA	NA
117	Long-term potentiation	NA	NA	NA	NA	NA	NA	NA	NA	NA	NA	NA	NA	NA	NA	NA	NA	NA	NA	1.52713288871305	NA	NA	NA	NA	NA	NA	NA	NA	NA	NA	-1.42476321568694	NA	NA	NA	NA
118	Lysine degradation	NA	NA	NA	NA	NA	NA	NA	1.51344413258031	NA	NA	NA	NA	NA	NA	NA	NA	NA	NA	NA	NA	NA	NA	NA	NA	NA	NA	NA	NA	NA	NA	NA	NA	NA	NA
119	Lysosome	NA	NA	NA	NA	NA	NA	NA	NA	NA	NA	NA	NA	1.64210993327622	NA	NA	NA	NA	1.75660305301307	NA	NA	NA	NA	NA	NA	NA	NA	NA	NA	NA	-1.49091351641471	NA	NA	NA	NA
120	Malaria	NA	NA	-1.88409025598903	-1.84208255349053	1.57444765762406	1.58865612928117	1.94655850886128	-2.12854267851338	1.94291385585347	1.94875754693706	1.52747620396265	NA	1.63726571239807	-1.73728354569689	-2.20931856184694	1.5816301142957	NA	2.05769452198351	-1.7081093281824	NA	NA	1.82388299495378	NA	NA	1.82720202502575	NA	1.97763775505484	NA	-1.80868772817817	NA	1.79009219120047	NA	-1.94702572752876	NA
121	Mannose type O-glycan biosynthesis	NA	NA	NA	NA	NA	NA	NA	NA	NA	NA	NA	NA	NA	NA	NA	NA	NA	NA	NA	NA	NA	NA	NA	NA	-1.68469042007058	NA	NA	NA	NA	NA	NA	NA	NA	NA
122	MAPK signaling pathway	NA	NA	NA	-1.59883413087211	1.52569899997286	NA	1.40907449129588	-1.53700540833767	NA	NA	1.29880376157874	NA	1.65406448837886	NA	-1.60039507792113	1.36195550667274	NA	1.72411922732196	NA	NA	-1.38966209261624	1.31203097589621	NA	1.38340427951629	1.4023573712996	1.55313313531534	1.31280912767665	NA	NA	-1.69380155660561	NA	NA	NA	-1.5373240111009
123	Maturity onset diabetes of the young	NA	NA	NA	NA	NA	NA	NA	NA	NA	NA	NA	NA	NA	NA	NA	NA	NA	-1.60304601148313	NA	NA	NA	NA	NA	NA	NA	NA	NA	NA	NA	NA	1.57506133241231	NA	NA	NA
124	Measles	NA	NA	NA	-1.33848397599884	NA	1.58290790581636	1.92995088091119	-2.19216196615566	NA	1.6184271353359	NA	NA	1.99086537594006	-1.49729404825626	-1.54122731617833	2.02571136715643	NA	1.85759577808587	-1.88224756482686	NA	NA	NA	NA	NA	1.48084243480027	NA	1.63459129481672	NA	NA	NA	1.57679616163503	NA	-1.54518865738229	NA
125	Melanogenesis	NA	NA	NA	NA	NA	NA	NA	NA	NA	NA	NA	NA	NA	NA	NA	NA	1.45939212176198	NA	NA	NA	NA	NA	NA	NA	NA	NA	NA	NA	NA	-1.97351663556007	NA	NA	NA	NA
126	Melanoma	NA	NA	NA	NA	NA	NA	NA	NA	NA	NA	NA	NA	1.43720592599878	NA	NA	NA	NA	1.41454586609752	NA	NA	NA	NA	NA	NA	NA	1.57803606254343	NA	NA	NA	-1.62383470125391	NA	NA	NA	NA
127	Metabolism of xenobiotics by cytochrome P450	NA	NA	NA	1.46483061247763	NA	NA	NA	1.44119908031984	NA	-1.43842942391723	NA	-1.64812708857826	-1.62294944939797	NA	NA	-1.86716151100195	NA	-1.63100978074926	NA	NA	NA	NA	NA	NA	NA	NA	NA	NA	NA	NA	-1.38421661023986	NA	NA	NA
128	MicroRNAs in cancer	NA	NA	NA	-1.44079912782805	NA	NA	1.58131195225085	-1.58580148349192	1.59568256195936	1.34440441944242	1.5503317994769	NA	1.9073958803573	NA	-1.84931600707667	1.44084491688533	1.3369781559101	1.95943852321083	NA	1.68354431661428	NA	1.75281433359472	NA	1.70710309873645	1.44391614160678	1.79467126282169	NA	NA	NA	-1.85281146724578	NA	NA	NA	-1.63067335015422
129	Mineral absorption	NA	NA	NA	NA	NA	NA	NA	NA	NA	NA	NA	NA	NA	NA	NA	NA	NA	NA	NA	NA	NA	NA	NA	NA	NA	NA	NA	NA	NA	-1.428958257674	NA	NA	NA	NA
130	Mismatch repair	NA	NA	NA	NA	NA	NA	NA	NA	NA	NA	NA	NA	NA	NA	NA	NA	NA	NA	NA	NA	NA	NA	NA	NA	NA	NA	NA	NA	NA	NA	-1.84316557302954	NA	NA	NA
131	Mitophagy	NA	NA	NA	NA	NA	NA	NA	NA	NA	NA	NA	NA	NA	NA	NA	NA	NA	1.43721811208326	NA	NA	NA	NA	NA	NA	NA	NA	NA	NA	NA	NA	NA	NA	NA	NA
132	Morphine addiction	NA	NA	NA	NA	1.56977191338599	NA	NA	NA	NA	1.52770104323357	NA	NA	NA	NA	NA	NA	NA	NA	NA	NA	NA	NA	NA	NA	NA	NA	NA	NA	NA	NA	NA	NA	NA	NA
133	mTOR signaling pathway	NA	NA	NA	NA	NA	NA	NA	NA	NA	NA	1.44157275887594	NA	NA	NA	NA	NA	NA	NA	NA	NA	NA	NA	NA	NA	NA	NA	NA	NA	NA	-1.43186825104681	NA	NA	NA	NA
134	N-Glycan biosynthesis	NA	NA	NA	NA	NA	NA	NA	NA	NA	NA	NA	NA	NA	NA	NA	NA	NA	NA	NA	NA	NA	NA	NA	NA	NA	NA	NA	NA	NA	NA	-1.58525522840941	NA	NA	NA
135	Natural killer cell mediated cytotoxicity	NA	NA	NA	NA	NA	2.23926684154311	2.0823862843273	-2.06330286954188	NA	1.66645359364949	NA	NA	2.15404812610846	-1.53142643039654	-1.71154663165547	1.99987129336711	NA	1.90407791140379	-1.48012231723053	NA	NA	NA	NA	NA	1.51418548572709	NA	1.6086185507037	NA	NA	NA	1.9097711012802	NA	-1.53736871600796	NA
136	Necroptosis	NA	NA	NA	NA	NA	NA	1.49705827412642	-1.95519660678995	NA	1.72852417159431	NA	NA	1.76893280406355	NA	-1.59482323071327	1.86117343350229	NA	1.90814743944067	NA	NA	NA	1.49057855037645	NA	NA	1.60893279740719	NA	1.4113444447675	NA	NA	NA	1.5274584192463	NA	NA	NA
137	Neuroactive ligand-receptor interaction	NA	NA	NA	-1.27589896117891	2.04501777751964	1.58307905068963	1.27040517537983	-1.45860468735767	NA	1.40566306269442	NA	NA	1.58000557058372	NA	-1.6830192353731	1.42194166884837	NA	NA	NA	NA	-1.5012846793624	1.3577415206056	-1.40103550804982	1.440004646152	1.52356978872667	1.27570379392263	1.45391388616541	NA	NA	-1.23336251697923	NA	-1.41630418050083	NA	NA
138	Neurotrophin signaling pathway	NA	NA	NA	NA	NA	NA	NA	NA	NA	NA	NA	NA	NA	NA	NA	NA	NA	1.47773628041252	NA	NA	NA	NA	NA	NA	NA	NA	NA	NA	NA	-1.42877904348148	NA	NA	NA	NA
139	NF-kappa B signaling pathway	NA	1.49892138534625	-1.94883625241887	-1.94110512828271	1.51552282709984	1.79698051077246	2.15988145117192	-2.41488482664026	1.76385859991027	1.99950507499533	NA	1.5984264961927	2.15411664992313	-1.62201855581622	-2.16456776415496	2.2615882370059	NA	2.35542739308976	-1.83655029876223	NA	-1.67059329193499	1.83181980496461	-1.46285030406713	NA	1.74390925390662	NA	1.95843320749696	NA	NA	NA	1.98780279877561	NA	-1.84057636364524	NA
140	Nicotine addiction	NA	NA	NA	NA	1.64782066380792	NA	NA	NA	NA	1.61509084070018	NA	NA	NA	NA	NA	NA	NA	-1.62235410273206	NA	NA	NA	NA	NA	NA	NA	NA	NA	NA	NA	NA	NA	NA	NA	NA
141	NOD-like receptor signaling pathway	NA	1.50209658337131	NA	-1.80916709698984	1.56352748763445	NA	2.0908104352619	-2.30473050267976	NA	1.93215885223766	NA	1.55130555820243	1.94360315507451	-1.67997751246831	-2.00644090580858	2.17950261152137	NA	2.04285236250823	-1.96391522788234	NA	-1.57412340431676	1.79729748358782	-1.40167912225212	NA	1.88361643091825	NA	1.81994059523138	NA	NA	NA	1.68004517260035	-1.69280186852452	-1.56924984122355	NA
142	Non-alcoholic fatty liver disease (NAFLD)	NA	NA	NA	-1.87273920708268	NA	NA	1.63465493863527	-1.53936136306594	1.71656417419722	NA	NA	NA	NA	NA	-1.43599837918593	1.32741927840571	NA	1.67511888124744	NA	NA	NA	1.51334218150743	-1.48467414415559	NA	NA	NA	1.53393995434582	NA	NA	NA	NA	NA	NA	NA
143	Non-small cell lung cancer	NA	NA	NA	NA	NA	NA	NA	NA	NA	NA	NA	NA	1.34924643178746	NA	NA	NA	1.50926259560552	1.44287804004713	NA	NA	NA	NA	NA	NA	NA	NA	NA	NA	NA	-1.5030202842656	NA	NA	NA	NA
144	Notch signaling pathway	NA	NA	NA	NA	NA	NA	NA	NA	NA	NA	NA	NA	NA	NA	NA	NA	NA	NA	NA	NA	NA	NA	NA	NA	NA	NA	NA	NA	NA	-1.44491652108249	NA	NA	NA	NA
145	Nucleotide excision repair	NA	NA	NA	NA	NA	NA	NA	NA	NA	NA	NA	NA	NA	NA	NA	NA	NA	NA	NA	NA	NA	NA	NA	NA	NA	NA	NA	NA	NA	NA	-1.5510901545908	NA	NA	NA
146	Olfactory transduction	NA	NA	NA	NA	2.04466357544835	NA	NA	NA	NA	1.47820611335541	NA	NA	NA	NA	-1.33088099962546	NA	NA	-1.79953196003333	NA	-1.52748130157007	NA	NA	NA	NA	1.46996746380077	NA	1.7418448157415	NA	NA	NA	1.3539189385504	NA	NA	NA
147	Oocyte meiosis	NA	NA	NA	NA	NA	NA	NA	NA	NA	NA	NA	NA	NA	NA	-1.39316522301204	NA	NA	NA	NA	NA	NA	NA	NA	NA	NA	NA	NA	NA	NA	NA	NA	NA	NA	NA
148	Osteoclast differentiation	-1.54792259806193	2.09215330427883	-2.03227933413672	-2.08801149328349	1.68717760907459	1.92707187616937	2.19908451225386	-2.34650685478144	1.86445392545886	2.03668223846712	1.39572758791122	1.67822895889713	2.21229645521869	-1.83713575989774	-2.19464733588257	2.14705740498179	NA	2.63990086360908	-2.12925860866235	NA	-1.90809552390743	1.97523658128634	-1.90022215396461	1.55848772599742	1.92405154826954	NA	2.08806657725699	-1.67663773990488	NA	-1.56689607594859	2.00386081623183	-1.81331239140473	-1.93466520114028	-1.40885322099957
149	Ovarian steroidogenesis	NA	NA	NA	NA	NA	NA	NA	NA	NA	NA	NA	NA	NA	-1.61967447331604	NA	NA	NA	NA	NA	NA	NA	NA	NA	NA	NA	NA	NA	NA	NA	NA	NA	NA	NA	NA
150	Oxidative phosphorylation	NA	-1.6210252608028	NA	-1.92083633791773	NA	NA	NA	NA	NA	NA	NA	-2.00651912668495	NA	NA	NA	NA	NA	NA	NA	NA	NA	NA	NA	NA	NA	NA	NA	NA	NA	NA	-1.53181725846545	NA	NA	NA
151	p53 signaling pathway	NA	NA	NA	-1.63818215813405	NA	NA	NA	-1.50271067676648	NA	NA	NA	NA	1.37950888653475	NA	-1.73815396920002	NA	NA	1.35923360585582	NA	1.49096112233092	NA	NA	NA	NA	NA	NA	NA	NA	NA	-1.42899803652677	NA	NA	NA	NA
152	Pancreatic cancer	NA	NA	NA	NA	NA	NA	NA	NA	NA	NA	NA	NA	1.57092698354288	NA	-1.45255215110995	NA	1.52499704924126	1.83028577310552	NA	NA	NA	1.44514253239317	NA	NA	NA	NA	NA	NA	NA	-1.44981158462466	NA	NA	NA	NA
153	Pancreatic secretion	NA	NA	NA	NA	1.81860104548135	NA	NA	NA	NA	NA	1.47308536629288	NA	1.3176568871533	NA	NA	NA	NA	NA	NA	NA	NA	NA	NA	NA	NA	NA	NA	NA	NA	NA	NA	NA	NA	-1.57887386825777
154	Pantothenate and CoA biosynthesis	NA	NA	NA	NA	NA	NA	NA	NA	NA	NA	NA	NA	NA	NA	NA	NA	NA	NA	NA	NA	NA	NA	NA	NA	1.57359936735368	NA	NA	NA	NA	NA	NA	NA	NA	NA
155	Parathyroid hormone synthesis, secretion and action	NA	NA	NA	NA	1.47775412811276	NA	1.39243617416409	-1.64634847349733	NA	NA	1.42498165907572	NA	1.44247494261214	NA	-1.50098484004216	1.51411719032199	NA	1.34041579931914	NA	NA	NA	NA	NA	NA	NA	NA	1.41995062623457	NA	NA	-1.46559326836034	NA	NA	NA	NA
156	Parkinson disease	NA	-1.59708091603376	NA	-1.54871208651329	NA	NA	NA	NA	NA	NA	NA	NA	NA	NA	NA	NA	NA	NA	NA	NA	NA	NA	NA	NA	NA	NA	NA	NA	NA	NA	NA	NA	NA	NA
157	Pathogenic Escherichia coli infection	NA	NA	NA	-1.63898785815609	NA	NA	NA	-1.6329837614815	NA	NA	NA	NA	NA	NA	NA	NA	NA	NA	NA	NA	NA	NA	NA	NA	NA	NA	NA	NA	NA	NA	NA	NA	NA	NA
158	Pathways in cancer	NA	NA	NA	-1.38488794043595	1.24530710254159	NA	1.33304870407255	-1.43584032931027	NA	1.38763173113344	1.2946843982925	NA	1.67112420305478	NA	-1.6174590013367	1.25847848020497	1.36319761360132	1.55333172688925	NA	1.32991933099064	NA	NA	NA	NA	1.27320981166748	1.4644231228162	NA	NA	NA	-1.58430784110793	NA	NA	NA	-1.30717432492532
159	Pentose and glucuronate interconversions	NA	NA	NA	NA	NA	NA	NA	NA	NA	NA	NA	NA	NA	NA	NA	-2.04891205169807	NA	NA	NA	NA	NA	NA	NA	NA	NA	NA	NA	NA	1.81987437246143	NA	NA	NA	NA	NA
160	Peroxisome	NA	NA	NA	NA	NA	NA	NA	NA	NA	NA	NA	NA	NA	NA	1.39529245228769	NA	NA	-1.49138071957381	NA	NA	NA	NA	NA	NA	NA	NA	NA	NA	NA	NA	NA	NA	NA	NA
161	Pertussis	NA	NA	-1.67403505045218	-1.87815663845679	NA	NA	2.15428089014397	-2.18581665256951	NA	2.1488219082859	NA	NA	1.8706705474254	NA	-1.94510640326564	1.84904935716326	NA	2.31907654860135	-1.66760271779755	NA	NA	1.72401971605838	NA	NA	1.83582047460991	NA	1.92619126094329	-1.64564233555584	NA	NA	1.84086337124287	-1.65540583265611	-1.52094920241692	NA
162	Phagosome	-1.4431631120028	NA	NA	-1.69392122173001	NA	1.60505588162573	1.42536733321074	-1.8505929485847	NA	1.7589230470192	NA	NA	1.75900351007996	NA	-1.65352852898528	1.82785558992429	NA	2.00641349813728	-1.52527296108483	NA	-1.74260016482791	1.32009526076462	-1.43622708734957	NA	1.83357951338059	NA	1.652614974987	NA	NA	NA	1.53987658577734	NA	-1.80506536151673	NA
163	Phospholipase D signaling pathway	NA	NA	NA	NA	1.34853663887529	NA	NA	NA	NA	NA	NA	NA	NA	NA	NA	NA	NA	NA	NA	NA	NA	NA	NA	NA	NA	NA	NA	NA	NA	NA	1.39815809538845	NA	NA	NA
164	Phototransduction	NA	NA	NA	NA	NA	NA	NA	NA	NA	NA	NA	NA	NA	1.74423745821921	NA	NA	NA	NA	NA	NA	NA	NA	NA	NA	NA	NA	NA	NA	NA	NA	NA	NA	NA	NA
165	PI3K-Akt signaling pathway	NA	NA	NA	-1.58446953734393	1.5562948288608	NA	1.36904738998809	-1.51557785720058	NA	1.38914440073197	1.60936356249199	NA	1.85623185558436	NA	-1.72981951700727	1.42415205109916	NA	1.82585008654923	NA	1.4198993904699	-1.46916721741374	1.43370194085228	NA	NA	1.45528609877037	1.75309959010879	NA	-1.42723421215761	-1.35565138504797	-1.73868093926786	NA	NA	NA	-1.56088662001924
166	Platelet activation	NA	NA	NA	-1.45052282930587	1.42344639574465	NA	NA	NA	NA	1.56090188755268	1.43761256324462	NA	NA	NA	-1.89766666252674	NA	NA	1.49569403614557	NA	NA	NA	NA	NA	NA	1.50098514666503	NA	NA	-1.59411873744741	NA	NA	1.44189443939742	NA	NA	NA
167	Porphyrin and chlorophyll metabolism	NA	NA	NA	NA	NA	NA	-1.53698260184317	NA	NA	NA	NA	NA	NA	NA	NA	-2.00625921952602	NA	NA	NA	NA	NA	NA	NA	NA	NA	NA	NA	NA	NA	NA	NA	NA	NA	NA
168	Primary immunodeficiency	-1.55743941010384	NA	NA	NA	NA	1.80507634223355	1.91004432421525	-2.15893687564123	NA	1.62750974497222	-1.54819776197359	NA	2.22583837985572	NA	-1.52278636329277	1.84818390450807	NA	1.64311225445946	-1.74906389108475	-1.81364913791444	NA	NA	NA	NA	NA	NA	NA	NA	NA	NA	1.77116131871717	NA	NA	1.71205370634383
169	Prion diseases	NA	NA	NA	NA	1.65964038064086	NA	1.72086131246355	-1.6434804576695	NA	1.61713479370918	NA	1.76644878561275	1.636266025921	NA	-1.46802588400997	1.58539237153253	NA	1.53043796001793	-1.52534617837235	NA	NA	NA	NA	NA	NA	NA	1.86319954088963	NA	NA	NA	1.66408010601928	NA	-1.6902740319421	NA
170	Prolactin signaling pathway	NA	NA	NA	NA	NA	NA	1.48993066015333	-1.56347877336876	NA	NA	NA	NA	1.63188146433265	NA	NA	1.43646738275613	NA	1.49319460226552	NA	NA	NA	NA	NA	NA	NA	NA	NA	NA	NA	NA	NA	NA	NA	NA
171	Prostate cancer	NA	NA	NA	NA	NA	NA	NA	-1.4474062115744	NA	NA	1.48041765487048	NA	1.58881667167653	NA	-1.4437271764904	NA	1.52601552578528	1.50082031551582	NA	NA	NA	NA	NA	NA	NA	1.55708239851716	NA	NA	NA	-1.64846511664881	NA	NA	NA	-1.4651856706163
172	Proteasome	-1.65177228637037	NA	NA	-1.67276891141628	NA	NA	NA	-1.91487421831139	NA	NA	NA	NA	1.72250833227142	-1.84512719606973	NA	1.65448570852954	NA	NA	NA	NA	NA	NA	NA	NA	NA	NA	NA	NA	NA	NA	NA	NA	NA	1.7161709543987
173	Protein digestion and absorption	-1.52545461300473	NA	NA	-1.6534900275382	2.04695835642042	NA	NA	-1.36762365405971	1.70061637354218	1.46058612716893	1.96091885386472	1.46694926923574	1.78872134822705	NA	-1.90409325861438	NA	NA	1.62194722290391	NA	NA	NA	1.60918839083098	NA	1.67341688836277	1.55636005245581	1.56480659423217	NA	-2.08207209737252	-1.54872745965776	-2.12388922499524	NA	NA	NA	-1.57068802101415
174	Protein export	NA	NA	NA	NA	-1.59588305129497	NA	NA	NA	NA	NA	NA	NA	NA	NA	NA	NA	NA	NA	NA	NA	NA	NA	NA	NA	NA	NA	NA	NA	NA	NA	NA	NA	NA	NA
175	Protein processing in endoplasmic reticulum	NA	NA	NA	NA	NA	NA	NA	NA	NA	NA	NA	NA	NA	NA	NA	1.44482419040536	NA	NA	NA	NA	NA	NA	NA	NA	NA	NA	NA	NA	NA	NA	NA	NA	NA	NA
176	Proteoglycans in cancer	NA	NA	NA	-1.39465335649518	1.59126518697588	NA	NA	-1.61646198372556	NA	NA	1.73472306343878	NA	1.80253616014703	NA	-1.66488222411519	NA	1.39761127740886	1.98897527318905	NA	1.50538341496797	-1.42521786454176	1.40354453275561	NA	1.40982587612997	NA	1.65070101825786	NA	NA	NA	-1.98523585520003	NA	NA	NA	-1.48146057190001
177	Proximal tubule bicarbonate reclamation	NA	NA	NA	NA	1.53010105315133	NA	NA	NA	NA	NA	NA	NA	NA	NA	NA	NA	NA	NA	NA	NA	NA	NA	NA	NA	NA	NA	NA	NA	NA	NA	NA	NA	NA	NA
178	Pyrimidine metabolism	NA	NA	NA	NA	NA	NA	NA	NA	NA	1.48131492327161	NA	NA	NA	NA	NA	NA	NA	NA	NA	NA	NA	NA	NA	NA	NA	NA	NA	NA	NA	NA	NA	NA	NA	NA
179	Rap1 signaling pathway	NA	NA	NA	-1.37205856300527	1.37866812895291	NA	NA	NA	NA	NA	NA	NA	1.57034791627772	NA	-1.64045489843997	1.3542710611462	1.53040764010742	1.60817268914237	NA	NA	NA	1.32481590442104	NA	NA	1.38528086224819	NA	NA	NA	NA	-1.80412318444229	1.36296935367045	NA	NA	-1.62103645891535
180	Ras signaling pathway	NA	NA	NA	-1.43916694716243	1.59976747504927	NA	NA	NA	1.50079832017503	NA	1.32717456375611	NA	1.60150962365204	NA	-1.44723434815224	1.32180165347939	1.43947892310251	1.76783126161549	1.45851321374489	NA	NA	1.21070124989751	NA	NA	NA	1.45896303385957	NA	-1.43895660896353	NA	-1.67999206325473	NA	NA	NA	-1.55993858826393
181	Regulation of actin cytoskeleton	NA	NA	NA	-1.33207925076019	NA	NA	NA	NA	NA	NA	NA	NA	1.28841062501592	NA	-1.55021890165	NA	1.42897835877805	1.34593514004594	NA	NA	NA	NA	NA	NA	NA	NA	NA	NA	NA	-1.62167204161042	NA	NA	NA	NA
182	Regulation of lipolysis in adipocytes	NA	NA	NA	NA	1.44198885222799	NA	NA	NA	NA	NA	NA	NA	NA	NA	NA	NA	NA	NA	NA	NA	NA	NA	NA	NA	NA	NA	NA	NA	NA	NA	NA	NA	NA	NA
183	Relaxin signaling pathway	-1.59120962109025	NA	NA	NA	1.57333253539537	NA	NA	NA	NA	NA	1.5342178893352	NA	1.50761075251744	NA	-1.56343060867132	NA	NA	1.54850467148392	NA	NA	NA	NA	NA	NA	NA	NA	NA	NA	NA	-1.52373552967062	NA	NA	NA	NA
184	Renal cell carcinoma	NA	NA	NA	NA	NA	NA	NA	NA	1.6577843829947	NA	NA	NA	1.8601933056378	NA	-1.49297311201353	NA	1.46909943286412	1.84437415970517	NA	NA	NA	1.50534495541396	NA	NA	NA	NA	NA	NA	NA	NA	NA	NA	NA	NA
185	Renin secretion	NA	NA	NA	NA	1.52933707425976	NA	NA	NA	NA	1.73096884570201	NA	NA	NA	NA	-1.50696918243256	NA	NA	NA	NA	NA	NA	NA	NA	NA	NA	NA	NA	NA	NA	NA	NA	NA	NA	NA
186	Renin-angiotensin system	NA	NA	NA	-1.61795322073058	1.58721484587847	NA	NA	NA	NA	NA	NA	NA	NA	NA	NA	NA	NA	NA	NA	NA	NA	NA	NA	NA	1.60379912221401	NA	NA	NA	NA	NA	NA	NA	NA	NA
187	Retinol metabolism	NA	NA	NA	NA	NA	NA	-1.53020438232155	1.63289782293602	NA	NA	NA	NA	-1.50350395874986	NA	NA	-2.00877889411253	NA	-1.4792818376835	NA	NA	NA	NA	NA	NA	NA	NA	NA	NA	NA	NA	-1.44805180095869	NA	NA	NA
188	Retrograde endocannabinoid signaling	NA	NA	NA	NA	1.45498197720806	NA	NA	NA	NA	NA	NA	NA	NA	NA	NA	NA	NA	NA	NA	NA	NA	NA	NA	NA	NA	NA	NA	NA	NA	NA	NA	NA	NA	NA
189	Rheumatoid arthritis	-1.50451024553487	1.67973058907725	-1.87684582236018	-2.0140596332473	NA	1.79684871457549	2.20765738522992	-2.23825519405117	1.54019737885576	2.05877237399765	NA	1.61449263659574	2.12618026131246	-1.64984951064972	-2.10029554308002	2.24593562306054	NA	2.43663533307055	-1.79415350012172	-1.50658934543382	-1.76544080634348	1.77637027211744	NA	NA	1.94081128308036	NA	2.14600231990502	NA	-1.80551254054233	NA	1.84753796239319	-1.78995881514057	-1.90217808451255	NA
190	Ribosome	NA	-1.81691644242224	NA	-2.45248237238864	NA	NA	-1.91835297188827	-1.51398918949016	2.02458803413423	1.68535811964844	NA	-1.65557065136858	NA	-1.81753689670712	-1.89296970416928	NA	1.81785345715763	-1.47506021504619	NA	1.56157042000199	-1.58598768532591	1.57397546169494	NA	-1.77631953450157	NA	NA	-1.97667496109926	NA	NA	-2.13923939266147	-2.14400317285606	NA	NA	NA
191	Ribosome biogenesis in eukaryotes	NA	NA	NA	-1.55068562821186	NA	NA	NA	NA	NA	NA	NA	NA	NA	-1.76673405881684	NA	NA	NA	NA	NA	NA	NA	NA	NA	NA	NA	NA	NA	NA	NA	NA	-1.63382360849444	NA	NA	NA
192	RIG-I-like receptor signaling pathway	NA	NA	NA	NA	NA	NA	1.62774589010726	-2.03796930954478	NA	NA	NA	NA	1.56719790783355	NA	NA	1.73379622909746	NA	NA	-1.55906307900291	NA	NA	NA	NA	NA	1.52849349377615	NA	NA	NA	NA	NA	NA	NA	NA	NA
193	RNA polymerase	NA	NA	NA	NA	NA	NA	NA	NA	NA	NA	NA	NA	NA	NA	NA	NA	NA	NA	NA	NA	NA	NA	NA	NA	NA	NA	NA	NA	NA	NA	-1.72688172794782	NA	NA	NA
194	RNA transport	NA	NA	NA	-1.62794533295603	NA	NA	NA	NA	NA	NA	NA	NA	NA	-1.63002317219179	-1.36286338498641	NA	NA	NA	NA	NA	NA	NA	NA	NA	NA	NA	NA	NA	NA	NA	NA	NA	NA	NA
195	Salivary secretion	NA	NA	NA	NA	1.60799575292706	NA	NA	NA	NA	NA	NA	NA	NA	NA	-1.36997083724634	NA	NA	NA	NA	1.78854203796075	NA	NA	NA	NA	NA	NA	NA	NA	NA	-1.42664253792835	NA	NA	NA	-1.89731999119915
196	Salmonella infection	NA	NA	-1.55272876306306	-1.94042989657964	1.48758491666329	1.48024608832233	2.36014511682232	-2.04798048680602	NA	1.72845372357529	NA	1.81894477968488	1.42438017007155	-1.70504941599081	-1.79767760058438	1.82626592836696	NA	1.90177169365362	-1.94925201862387	NA	-1.70924916792191	1.55912797748251	NA	NA	1.72648637982131	NA	1.99856732809122	NA	-1.64014657470018	NA	1.75436101178017	NA	NA	NA
197	Serotonergic synapse	NA	NA	NA	NA	1.58851035332236	NA	NA	NA	NA	NA	1.37449318933027	NA	NA	NA	-1.50332423113458	NA	NA	NA	NA	NA	NA	NA	NA	NA	NA	NA	NA	NA	NA	NA	NA	NA	-1.3890447338114	NA
198	Shigellosis	NA	NA	NA	-1.6402406408665	NA	NA	NA	-1.60769559120186	NA	NA	NA	NA	1.36281071622779	NA	-1.54391915299372	1.57477280474339	NA	1.74927513710022	NA	NA	NA	NA	NA	NA	NA	NA	NA	NA	NA	NA	NA	NA	NA	NA
199	Signaling pathways regulating pluripotency of stem cells	NA	NA	NA	NA	1.33413141289466	NA	NA	NA	NA	NA	NA	NA	NA	NA	NA	NA	NA	1.30118418973662	NA	NA	NA	NA	NA	NA	NA	1.57043151893015	NA	NA	NA	-1.73043088290761	NA	NA	NA	NA
200	Small cell lung cancer	NA	NA	NA	-1.49350958029895	NA	NA	NA	-1.51944774054294	NA	1.39785506881204	1.47645391833629	NA	1.89671100666048	NA	-1.76309106764277	NA	NA	1.89484034027776	NA	1.77509781616084	NA	1.55497283882164	NA	NA	NA	1.55053563064413	NA	NA	NA	-1.89732532904502	NA	NA	NA	-1.68694813082172
201	SNARE interactions in vesicular transport	NA	NA	NA	NA	NA	NA	NA	NA	NA	NA	NA	NA	NA	NA	NA	1.51178834625808	NA	NA	NA	NA	NA	NA	NA	NA	NA	NA	NA	NA	NA	NA	NA	NA	NA	NA
202	Sphingolipid metabolism	NA	NA	NA	NA	NA	1.58899900861707	NA	NA	NA	NA	NA	NA	NA	NA	NA	NA	NA	NA	NA	NA	NA	NA	NA	NA	NA	NA	NA	NA	NA	NA	NA	NA	NA	NA
203	Sphingolipid signaling pathway	NA	NA	NA	-1.29055657139683	NA	1.54163868861467	NA	NA	NA	NA	1.47822567743311	NA	1.50034100367799	NA	-1.47770299409415	NA	1.55587143502352	1.6146805865092	NA	NA	NA	1.53660527680704	NA	NA	NA	NA	NA	NA	NA	-1.62498548409177	NA	NA	NA	NA
204	Spliceosome	NA	NA	NA	-1.83530492202736	NA	NA	NA	-1.51725418377694	NA	NA	NA	NA	NA	-1.51030383268582	-1.41203546178707	NA	NA	NA	NA	NA	NA	NA	NA	NA	NA	NA	NA	NA	NA	NA	NA	NA	-1.39308650541229	NA
205	Staphylococcus aureus infection	-1.63014998261018	1.65901207361198	-1.73047918287181	-2.13146299817888	NA	1.7229860100108	2.06866722574969	-2.3651895685869	NA	2.12790182266592	NA	NA	2.00323615868108	-1.79204379855006	-2.08778375347112	2.10402808411437	NA	2.50302204505981	-1.70374373416429	NA	-1.55034550754655	1.92851813916572	-1.89636678899227	NA	1.84810469603514	NA	1.95702100844333	-1.83011626485712	-1.63666646572964	NA	1.82642665912436	-1.94642423018691	-1.78230195715623	NA
206	Steroid hormone biosynthesis	NA	NA	NA	NA	NA	NA	NA	NA	NA	NA	NA	NA	NA	-1.62037924128529	NA	-1.94766095883256	NA	NA	NA	NA	NA	NA	NA	NA	NA	NA	NA	NA	NA	NA	NA	NA	NA	NA
207	Systemic lupus erythematosus	-1.45830564986152	NA	-1.73143531163465	-1.50676100726502	NA	1.89731895362331	1.90906909599704	-2.25569288517599	NA	2.0994140916597	-1.51855207169174	NA	2.25795834845515	NA	-1.84301463344846	2.18156825198977	NA	2.34851289697164	-1.51524622632731	-1.58669446903527	NA	NA	NA	NA	1.55910846152864	NA	1.58590298292561	-1.54411337022095	NA	NA	1.70454958751747	-1.8071064550201	-1.88742711407504	NA
208	T cell receptor signaling pathway	NA	NA	NA	NA	NA	2.14899556945132	1.95006596387221	-2.07107673121004	NA	1.81391077303042	NA	NA	2.19327543174237	-1.51814345937578	-1.71153133102585	2.02978053166963	NA	2.13063448330271	NA	NA	NA	NA	NA	NA	NA	NA	NA	NA	NA	NA	1.80797100502645	NA	-1.65287635279756	NA
209	Taste transduction	NA	NA	NA	NA	1.69059452221348	NA	NA	NA	NA	NA	NA	NA	NA	NA	NA	NA	NA	NA	NA	-1.54399017804455	NA	NA	NA	NA	NA	NA	NA	NA	NA	NA	NA	NA	NA	NA
210	TGF-beta signaling pathway	NA	NA	NA	NA	1.59275711380375	NA	1.70655755814107	-1.44258068136321	NA	NA	1.55782704790854	NA	1.69397173871464	NA	-1.37677449019262	NA	NA	1.88491605980352	NA	NA	NA	NA	NA	NA	NA	1.54777075448032	1.49363302038192	NA	NA	-1.84567246434348	NA	NA	NA	-1.58814570017135
211	Th1 and Th2 cell differentiation	NA	NA	NA	NA	NA	2.11635470573568	1.99540018954187	-2.04514165133701	NA	1.88221380123206	-1.59050994006943	NA	2.19394514670058	NA	-1.5766186459033	2.10685053953015	NA	2.18675773971528	NA	NA	NA	NA	NA	NA	NA	NA	NA	NA	NA	NA	1.60001831705533	NA	-1.55871085072313	NA
212	Th17 cell differentiation	-1.59816387557902	1.50137507739385	-1.77301830783057	NA	NA	2.14656281196192	2.15025639484655	-2.22215008263171	NA	2.02057862020564	-1.58291901152934	NA	2.26039386154156	NA	-1.6936758607753	2.13758842234518	NA	2.29771109196836	-1.67191369584976	-1.64403490754158	NA	NA	NA	NA	NA	NA	1.58695011564452	NA	NA	NA	1.72728514035396	NA	-1.98681145528689	NA
213	Thyroid cancer	NA	NA	NA	NA	NA	NA	NA	NA	NA	NA	NA	NA	1.62509727630002	NA	NA	NA	NA	1.45684312704748	NA	NA	NA	NA	NA	NA	NA	NA	NA	NA	NA	NA	NA	NA	NA	NA
214	Thyroid hormone signaling pathway	NA	NA	NA	NA	NA	NA	NA	NA	NA	NA	1.44920161947442	NA	NA	NA	NA	NA	NA	NA	NA	NA	NA	NA	NA	NA	NA	NA	NA	NA	NA	NA	NA	NA	NA	NA
215	Thyroid hormone synthesis	NA	NA	NA	NA	NA	NA	NA	NA	NA	NA	NA	NA	NA	NA	NA	1.42967416161164	NA	NA	NA	NA	NA	NA	NA	NA	NA	NA	NA	NA	NA	NA	NA	NA	NA	NA
216	Tight junction	NA	NA	NA	NA	1.34340582233177	NA	NA	NA	NA	NA	NA	1.44063018190856	NA	NA	NA	NA	NA	NA	NA	NA	NA	NA	NA	NA	NA	NA	NA	NA	NA	NA	NA	NA	NA	NA
217	TNF signaling pathway	NA	NA	-2.05782673598746	-1.84370424191519	1.44397116722175	NA	2.0962128108718	-2.30844019774754	NA	2.1064020643449	NA	1.63781884964632	1.90636058234768	-1.54378585712377	-1.90712834560857	2.07689935265806	NA	2.33531151093519	-2.04512074347879	NA	NA	1.94321678060955	-1.46900640540074	1.62856047331626	1.74343401989419	NA	1.94072665935851	NA	NA	NA	1.74269530344605	NA	-1.76632923160263	NA
218	Toll-like receptor signaling pathway	NA	NA	-1.63865036865999	-1.63930413161555	NA	1.92852797633658	2.23660310531363	-2.31847985904051	NA	2.05857911859109	NA	NA	2.01110613441729	-1.50318641669374	-1.70610694516322	2.14690320250202	NA	2.21654279883205	-2.00903121170682	NA	-1.68976747646842	1.67382542048193	NA	NA	1.81432376211753	NA	2.05870360569309	NA	NA	NA	1.96717149932582	NA	-1.82392143770259	NA
219	Toxoplasmosis	-1.47810206785519	NA	-1.6596974843376	NA	NA	1.68685199297096	1.72096945781638	-1.89367052713028	NA	1.73967161682161	NA	NA	1.97768536744112	NA	-1.71561192022993	1.81202288858269	NA	2.12488652968901	-1.83999620770859	NA	NA	1.45574577801938	NA	NA	1.45737504072636	NA	1.44534927107342	NA	NA	NA	NA	NA	-1.44023841592841	NA
220	Transcriptional misregulation in cancer	NA	1.47314023353946	NA	-1.54116573983328	1.32247919352554	NA	1.66911761207111	-2.0652185802367	NA	1.39202226116679	NA	NA	1.91757506121994	NA	-1.89273026536475	1.60069796679635	1.77446294157429	1.93805405975018	NA	NA	-1.62004641774292	1.42838385569507	NA	NA	1.70326748005101	1.56638526981279	1.54092906887424	-1.47473281461995	NA	-1.51341427070842	1.36760923603624	NA	-1.52048698375386	NA
221	Tryptophan metabolism	NA	NA	-1.69598114487927	NA	NA	NA	NA	-1.53183109033147	NA	NA	NA	NA	NA	-1.60710701953426	NA	NA	NA	NA	NA	NA	NA	NA	NA	NA	NA	NA	NA	NA	NA	NA	NA	NA	NA	NA
222	Tuberculosis	NA	NA	-1.53613727847265	-1.75730309308714	1.39428650312893	1.63812335213352	2.0388883911928	-2.13021718691223	NA	1.88856448784124	NA	NA	2.03946016061186	-1.4168260537191	-1.91377357723803	2.07067748963477	NA	2.31997959220826	-1.79206587768662	NA	-1.48693572596282	1.60305739115918	-1.45244849313283	NA	1.84433248082803	NA	1.88989186923053	NA	NA	NA	1.64468184694044	-1.71035665898434	-1.50117430014849	NA
223	Type I diabetes mellitus	-1.65757986901219	NA	-1.88422599460794	NA	NA	1.87967165535305	1.88264549915478	-2.12935803204659	NA	1.93877893749381	-1.54284215022569	NA	2.00014708038558	NA	-1.44337588523848	2.03213829502649	NA	2.03377864470221	-1.75277529966513	-1.68651562295878	NA	NA	NA	NA	NA	NA	1.73472256394721	NA	NA	NA	1.6297361455875	NA	-1.80247721380083	NA
224	Type II diabetes mellitus	NA	NA	NA	NA	1.77693776777308	1.79425328372897	1.53916541725635	NA	NA	1.46605053361422	NA	NA	NA	NA	NA	NA	NA	NA	NA	NA	NA	NA	-1.58897443026091	NA	NA	NA	NA	NA	NA	NA	NA	NA	NA	NA
225	Tyrosine metabolism	NA	NA	NA	NA	NA	NA	-1.48484323766117	NA	NA	NA	NA	NA	-1.56202000965161	NA	1.60378328194815	-1.52391148718813	NA	NA	NA	NA	NA	NA	NA	NA	NA	NA	NA	NA	NA	NA	-1.66992637774197	NA	NA	NA
226	Valine, leucine and isoleucine degradation	NA	NA	NA	NA	NA	NA	NA	NA	NA	NA	NA	NA	NA	NA	NA	NA	1.59609854876803	NA	NA	NA	NA	NA	NA	NA	NA	NA	NA	NA	NA	NA	NA	NA	NA	NA
227	Vascular smooth muscle contraction	NA	NA	NA	NA	1.58636771819317	NA	NA	NA	NA	NA	1.34658188375391	NA	NA	NA	-1.49913038324979	1.35464731763288	NA	NA	NA	NA	NA	NA	NA	NA	NA	NA	NA	NA	NA	NA	NA	NA	NA	-1.49639015112867
228	VEGF signaling pathway	NA	NA	NA	-1.46934865544547	NA	NA	NA	NA	NA	NA	NA	NA	1.79088692000912	NA	-1.62383723027835	1.44723846622503	NA	2.1638798611976	NA	NA	NA	NA	NA	NA	NA	NA	NA	NA	NA	-1.69480822532491	NA	NA	NA	NA
229	Viral carcinogenesis	NA	NA	NA	-1.49648468799689	NA	NA	NA	-1.74783410714993	NA	1.48139793831154	NA	NA	1.73286711400202	NA	-1.71992833219471	1.51580415145027	NA	1.46311616245044	NA	NA	NA	NA	NA	NA	1.37283887231169	NA	NA	NA	NA	NA	NA	NA	NA	NA
230	Viral myocarditis	-1.69754198114645	NA	NA	NA	NA	1.81865230275283	1.57310134801628	-1.82321048924518	NA	1.8668245994396	-1.55049355753044	NA	1.88870478872103	NA	NA	1.86628212417209	NA	1.86839711844614	NA	NA	NA	NA	NA	NA	NA	NA	NA	NA	NA	NA	NA	NA	NA	1.76589234174319
231	Wnt signaling pathway	NA	NA	NA	NA	NA	NA	NA	NA	NA	NA	1.4984914036807	NA	NA	NA	-1.29531269658521	NA	NA	1.34060613348025	NA	1.45263946083588	NA	NA	NA	NA	NA	NA	NA	NA	NA	-1.76834926057511	NA	NA	NA	NA
