	pathway	X0285.015.009	X1005.015.008	X1009.015.013	X1051.016.036	X1058.016.043	X1089.016.076	X1150.016.137	X1155.016.142	X1158.016.145	X1161.016.148	X1184.016.171	X1190.016.177	X1195.016.182	X1230.018.016	X1242.018.028	X1248.018.034	X1252.018.038	X1258.018.044	X1260.018.046	X1264.018.050	X1272.018.058	X1278.018.064	X1280.018.066	X1282.018.068	X1294.018.080	X1300.018.086	X1310.018.096	X1314.018.100	X1316.018.102	X1318.018.104	X1320.018.106	X1324.018.110	X1334.018.120	X1348.018.134	X1480.019.118	X1484.019.122	X1486.019.124	X1503.019.141	X1504.019.142	X1541.019.179	X1543.019.181	X1545.019.183	X1553.019.191	X1554.019.192	X1556.019.194	X1557.019.195	X1558.019.196	X1559.019.197	X1563.019.201	X1564.019.202	X1565.019.203	X1566.019.204	X1568.019.206	X1569.019.207	X1571.019.209	X1576.019.214	X1581.019.219
1	Acute myeloid leukemia	NA	NA	NA	NA	-1.45306097459692	NA	1.60764082556549	1.62576733318984	-1.62509749591462	NA	NA	NA	NA	-1.5383446456433	NA	NA	NA	NA	NA	NA	NA	NA	1.55976470427996	NA	1.73014410063328	NA	NA	NA	NA	NA	NA	-1.48313240912666	NA	NA	1.89521673084524	NA	-1.51423835849639	1.45347903382581	NA	1.49970691187261	NA	NA	-1.44601501155735	NA	NA	NA	NA	1.54871698839412	NA	NA	NA	NA	NA	NA	NA	NA	NA
2	Adherens junction	NA	NA	NA	NA	NA	NA	NA	NA	NA	1.60830174127248	NA	1.58433504416396	NA	-1.39384218982428	NA	NA	NA	NA	NA	NA	NA	NA	NA	-1.68577429647025	NA	NA	NA	1.44749328904209	NA	NA	NA	-1.49176695330574	NA	NA	1.48299477973001	NA	NA	NA	NA	1.5517492518614	NA	NA	NA	NA	NA	NA	NA	NA	NA	NA	NA	NA	-1.81393730531086	NA	NA	NA	NA
3	Adipocytokine signaling pathway	NA	NA	NA	NA	NA	NA	NA	1.38638228521017	NA	NA	NA	NA	NA	NA	NA	NA	NA	NA	NA	NA	NA	NA	NA	NA	NA	NA	NA	NA	NA	NA	NA	NA	NA	NA	NA	NA	NA	NA	NA	NA	NA	NA	NA	NA	NA	NA	NA	NA	NA	NA	NA	NA	NA	NA	NA	NA	NA
4	African trypanosomiasis	NA	1.64625205826851	-1.59649490229309	NA	-1.5121287272513	1.50015590523883	1.64501085774963	1.73427684433601	-2.22832612132971	1.94502442617942	1.86754946819944	NA	NA	-1.62102210265915	-1.57736732634184	NA	-1.68405294699084	NA	NA	NA	NA	-1.66529992072621	NA	NA	1.66209298076447	NA	NA	1.60414980276174	-1.62185892824316	NA	NA	-1.57911089269968	-1.60997239295427	NA	NA	-1.77867751896618	-1.75529840723454	1.62817541622569	NA	1.64529669295197	-1.62257776950647	NA	NA	1.70678167722511	NA	NA	NA	1.74337312282917	NA	1.75123453567771	NA	-1.77031299147637	NA	1.59908029672263	NA	-1.69359040871762	NA
5	AGE-RAGE signaling pathway in diabetic complications	NA	NA	NA	NA	-1.67720866971372	1.60684980191037	NA	1.76111008926287	-1.85684664859298	1.73594446903563	1.55130480847086	1.71507441192806	1.65475543633598	-1.78872485717878	NA	NA	1.4378305061382	NA	NA	NA	NA	-1.94559506785299	NA	-1.57163050706712	1.52210642302935	-1.59279585106141	NA	1.67164555141047	-1.52381262149822	NA	1.71982860875554	-1.81329280450604	-1.70385950162825	1.67347252010073	1.90114661982705	NA	-1.84965564165822	1.51074330021427	NA	2.28570576075261	-1.63207969858255	NA	NA	1.78544980571377	NA	NA	1.68361815360759	1.45660232603478	1.62733435216567	NA	-1.56642500050031	NA	-1.78429154222147	1.4515707720603	NA	-1.51443137890153	-1.49871348316749
6	Aldosterone synthesis and secretion	NA	NA	NA	NA	NA	1.58815135684555	NA	NA	NA	NA	NA	NA	NA	NA	NA	NA	NA	NA	NA	NA	NA	NA	NA	NA	NA	NA	NA	NA	NA	NA	NA	NA	NA	NA	NA	NA	NA	NA	NA	NA	NA	NA	NA	NA	NA	NA	NA	NA	NA	NA	NA	NA	NA	1.4260549584528	NA	NA	NA
7	Allograft rejection	-1.71327166994738	NA	-1.65175614388077	NA	NA	NA	2.22144417511572	2.03779182263236	-2.100563903024	NA	2.01085879695369	-1.90967798966516	NA	NA	-1.61491558672643	2.10232477009776	-1.93819314531402	NA	NA	NA	NA	NA	NA	NA	NA	NA	NA	NA	-1.56153987414653	NA	NA	-1.60520914667647	NA	NA	2.11751553015226	NA	-1.45828123154264	2.08475588964078	NA	2.031368027898	NA	-1.75932347800185	NA	NA	NA	NA	-1.7495404484056	NA	NA	1.60065814867926	NA	NA	1.67151138947585	NA	NA	-1.81986649424619	1.8478023921136
8	alpha-Linolenic acid metabolism	NA	NA	NA	NA	-1.53846166517942	1.58343582372631	NA	NA	NA	NA	NA	NA	NA	NA	NA	NA	NA	NA	NA	NA	NA	NA	NA	-1.69296705403602	NA	NA	NA	NA	NA	NA	NA	NA	NA	NA	NA	NA	NA	NA	NA	NA	NA	NA	NA	NA	NA	NA	NA	NA	NA	NA	-1.74642802018561	NA	NA	NA	NA	NA	NA
9	Alzheimer disease	NA	NA	NA	NA	-1.60216431084961	NA	NA	NA	NA	NA	NA	NA	NA	NA	NA	NA	NA	NA	NA	NA	NA	NA	NA	NA	NA	NA	NA	NA	NA	NA	NA	NA	NA	NA	NA	NA	NA	NA	NA	NA	NA	NA	NA	NA	NA	NA	NA	NA	NA	NA	NA	NA	NA	NA	NA	NA	NA
10	Amino sugar and nucleotide sugar metabolism	NA	NA	NA	NA	NA	NA	NA	NA	NA	NA	NA	NA	NA	NA	NA	NA	NA	NA	NA	NA	NA	-1.61550843733021	NA	NA	1.66141004517374	NA	NA	NA	NA	NA	NA	NA	NA	NA	NA	NA	NA	NA	NA	1.43537627487787	NA	NA	NA	NA	NA	NA	NA	NA	NA	NA	NA	NA	NA	NA	NA	NA	NA
11	Aminoacyl-tRNA biosynthesis	NA	NA	NA	NA	NA	NA	NA	-1.59506447697921	NA	NA	NA	NA	NA	NA	NA	NA	NA	NA	NA	NA	NA	NA	NA	NA	NA	NA	NA	NA	NA	NA	NA	NA	NA	NA	NA	NA	NA	NA	NA	NA	NA	NA	NA	NA	NA	NA	NA	NA	NA	NA	NA	NA	NA	NA	NA	NA	NA
12	Amoebiasis	NA	NA	NA	NA	-1.86471393980893	1.54474077962488	NA	1.9535602216894	-1.95513532523319	NA	1.8053608314966	1.54307989776226	1.6176393244714	-1.5879799352528	-1.59185087787212	NA	NA	NA	NA	NA	-1.67452137081411	-1.84179890098854	NA	NA	1.53346597506969	-1.6754396468365	NA	1.59103831940931	-1.66398511654308	NA	1.508010194138	-1.703113684303	-1.81083832272243	1.5996184399215	1.85702796062215	NA	-1.97883786117427	1.66196626174512	1.73668842726594	2.02785915989848	-1.86583078349138	NA	-1.56510401738897	1.57194070314777	NA	NA	NA	1.81850754351596	NA	1.5787935777045	-1.80941557750548	-1.85216113674289	-1.64932854373263	NA	NA	NA	-1.71890506409137
13	Amphetamine addiction	NA	NA	NA	NA	NA	1.57560234626731	NA	NA	NA	NA	NA	NA	NA	-1.4051072793692	NA	NA	NA	NA	NA	-1.65306897596454	NA	NA	NA	NA	NA	NA	NA	NA	NA	NA	NA	NA	NA	NA	NA	NA	NA	NA	NA	NA	NA	NA	NA	NA	NA	-1.57741171664276	NA	NA	NA	NA	NA	NA	NA	NA	NA	NA	NA
14	Amyotrophic lateral sclerosis (ALS)	NA	NA	NA	NA	NA	NA	1.4466865597923	NA	NA	NA	NA	NA	NA	NA	NA	NA	NA	NA	NA	NA	NA	-1.42999013159223	NA	NA	NA	NA	NA	NA	NA	NA	NA	NA	NA	NA	NA	NA	-1.63350653931344	NA	NA	NA	NA	NA	NA	NA	NA	NA	NA	NA	NA	NA	NA	NA	-1.49989638665683	NA	NA	NA	NA
15	Antigen processing and presentation	NA	NA	NA	-1.75363622818852	NA	NA	2.31756372681403	2.08978280149217	-1.99374463322276	NA	1.52507415523317	-1.62281350697088	NA	NA	NA	2.14445288700091	-2.18301165981161	NA	NA	NA	NA	NA	NA	NA	1.41987536974574	NA	NA	NA	NA	-1.53464613519974	NA	NA	NA	NA	2.2114138578051	NA	NA	2.08346215192746	NA	1.93176894727753	-1.45335587861193	-1.7822579442116	NA	NA	NA	NA	-1.54928595286633	NA	NA	1.53972361688272	NA	NA	NA	1.44880287697599	NA	NA	NA
16	Apelin signaling pathway	NA	NA	NA	NA	NA	1.333269117255	NA	NA	NA	NA	1.37971596905566	NA	NA	NA	-1.4557327744133	NA	NA	NA	NA	NA	NA	NA	NA	NA	NA	NA	NA	NA	-1.3413541414735	NA	NA	NA	NA	NA	NA	NA	-1.46088189285044	NA	NA	1.2675174968433	NA	NA	NA	NA	NA	NA	NA	NA	NA	NA	NA	NA	NA	NA	NA	NA	NA
17	Apoptosis	NA	NA	NA	NA	-1.47975778300109	NA	1.41127194722248	1.41759521405942	-1.85837415639378	NA	1.59721647367464	NA	NA	-1.44970755988965	NA	NA	NA	NA	NA	NA	NA	-1.51236394011506	NA	NA	1.70047722493507	NA	NA	NA	NA	NA	NA	-1.51969364019052	NA	NA	1.71735758657223	NA	-1.57995763205677	1.51898975305392	NA	1.75363891622429	NA	NA	NA	NA	NA	NA	NA	NA	NA	NA	NA	NA	NA	NA	NA	NA	NA
18	Arachidonic acid metabolism	NA	NA	NA	NA	-1.63712280909153	NA	NA	NA	NA	NA	NA	NA	NA	-1.57334316603418	NA	NA	NA	NA	NA	NA	NA	-1.79290173037738	NA	-1.73065008457604	1.56963153922655	NA	NA	1.46052706164828	NA	NA	NA	NA	-1.61471672714112	NA	NA	NA	-1.46791681086665	NA	NA	1.53443672685557	NA	NA	NA	NA	NA	NA	NA	NA	NA	NA	NA	NA	NA	NA	NA	NA	NA
19	Arginine biosynthesis	NA	NA	NA	NA	NA	NA	NA	NA	NA	NA	NA	NA	NA	NA	NA	NA	NA	NA	NA	NA	NA	NA	NA	NA	NA	NA	NA	1.62791416923235	NA	NA	NA	NA	NA	NA	NA	NA	NA	NA	NA	NA	NA	NA	NA	NA	NA	NA	NA	NA	NA	NA	NA	NA	NA	NA	NA	NA	NA
20	Arrhythmogenic right ventricular cardiomyopathy (ARVC)	NA	NA	NA	NA	NA	NA	NA	NA	NA	NA	NA	NA	NA	NA	-1.5079765607412	NA	NA	1.53211803019089	NA	NA	NA	NA	NA	NA	NA	NA	NA	NA	-1.47818379883066	NA	NA	NA	NA	NA	NA	NA	NA	NA	NA	NA	NA	NA	-1.5698379881988	NA	NA	1.65364975706249	NA	NA	NA	NA	NA	NA	NA	NA	NA	NA	NA
21	Ascorbate and aldarate metabolism	NA	NA	NA	NA	NA	NA	NA	NA	NA	NA	NA	NA	NA	NA	NA	NA	NA	NA	NA	NA	NA	NA	NA	NA	-1.6670757967675	NA	NA	NA	NA	2.02376639680963	NA	NA	NA	NA	NA	NA	NA	-2.02332257362535	NA	-1.57214225018941	NA	NA	NA	NA	NA	NA	NA	NA	NA	NA	NA	NA	NA	NA	NA	NA	NA
22	Asthma	-1.69069951079118	NA	NA	NA	NA	NA	2.01678597806162	1.77988822865706	-1.58419764631685	NA	1.69346379824072	NA	NA	NA	-1.61095799036199	NA	-1.71067128129486	NA	NA	NA	NA	NA	NA	NA	NA	NA	NA	NA	-1.51006843652874	NA	NA	NA	NA	NA	1.8671017522428	NA	-1.58504421512861	1.85971318815708	NA	1.92826317845955	NA	NA	NA	NA	NA	NA	NA	NA	NA	NA	NA	NA	NA	NA	NA	NA	NA
23	Autoimmune thyroid disease	NA	NA	NA	NA	NA	NA	2.30083333974722	1.97926894014264	-2.15754708545142	NA	1.75993863231144	-1.69036330868562	NA	NA	NA	2.05563598653231	-1.75463255647038	1.63078633237066	NA	NA	NA	NA	NA	NA	NA	NA	NA	NA	NA	NA	NA	-2.00621626580068	NA	NA	2.28404356046017	NA	-1.51434510147694	2.13057204132124	NA	1.93265019458279	NA	-1.66419608834769	-1.52444630512445	NA	NA	NA	NA	NA	NA	1.67019476722812	NA	NA	NA	NA	NA	-1.55187555989389	NA
24	Autophagy	NA	NA	NA	NA	NA	NA	1.5341226678711	NA	NA	NA	NA	NA	NA	NA	NA	NA	NA	NA	NA	NA	NA	NA	NA	-1.62279863200102	NA	NA	NA	NA	NA	NA	NA	NA	NA	NA	NA	NA	NA	NA	NA	NA	NA	NA	NA	NA	NA	NA	NA	NA	NA	NA	NA	NA	NA	NA	NA	NA	NA
25	Axon guidance	NA	NA	NA	NA	NA	1.62094097507279	NA	NA	NA	NA	NA	1.51394055049788	NA	-1.30784886616999	NA	NA	NA	NA	NA	NA	NA	-1.37676531913746	NA	NA	NA	NA	NA	1.66296080390972	NA	NA	1.37014771763968	NA	NA	NA	1.46484491745564	NA	-1.3000814255384	NA	NA	NA	NA	NA	NA	NA	NA	NA	NA	NA	NA	NA	NA	NA	-2.00765662859324	NA	NA	NA	NA
26	B cell receptor signaling pathway	NA	NA	NA	NA	-1.57062225436395	NA	1.73343353794615	1.92309498928503	-1.85015839887038	NA	1.57200291045972	NA	NA	-1.70608351823706	NA	NA	NA	NA	NA	NA	NA	-1.40982164812142	1.81564360178757	NA	1.70450284963149	NA	NA	NA	NA	-1.53467619233271	NA	-1.46516307794555	NA	NA	2.07358943106442	NA	-1.67809419823208	1.68754115556676	NA	2.09324834517539	-1.73633348423154	NA	-1.44137095526963	1.50257436251134	NA	NA	NA	1.58884649827634	NA	1.49093571145714	NA	NA	NA	1.73930987093849	NA	NA	NA
27	Bacterial invasion of epithelial cells	NA	NA	NA	NA	NA	1.40823865044129	NA	NA	NA	NA	NA	1.61357858514936	NA	NA	NA	NA	NA	NA	NA	NA	NA	NA	NA	NA	NA	NA	NA	NA	NA	NA	NA	-1.36049275830415	NA	NA	NA	NA	NA	NA	NA	1.33930975792207	NA	NA	NA	NA	NA	NA	NA	NA	NA	NA	NA	NA	-1.60376747620322	NA	NA	NA	NA
28	Basal cell carcinoma	NA	NA	NA	NA	NA	1.44179281464994	NA	NA	NA	NA	NA	NA	NA	NA	NA	NA	NA	NA	NA	NA	NA	NA	NA	NA	NA	NA	NA	1.64455790435373	NA	1.68538730794715	NA	NA	NA	NA	NA	NA	NA	NA	NA	NA	NA	NA	NA	NA	NA	NA	NA	NA	NA	NA	NA	NA	-1.69873512748443	NA	NA	NA	NA
29	Base excision repair	NA	NA	NA	NA	NA	NA	NA	NA	NA	NA	NA	NA	NA	NA	NA	NA	NA	NA	NA	NA	NA	NA	NA	NA	NA	-1.66397858178908	NA	NA	NA	NA	NA	NA	NA	NA	NA	NA	NA	NA	NA	NA	NA	NA	1.58829707848241	NA	NA	NA	NA	NA	NA	NA	NA	NA	NA	NA	NA	NA	NA
30	Bile secretion	NA	NA	NA	NA	NA	1.47204715391833	NA	NA	NA	NA	NA	NA	NA	NA	NA	NA	NA	NA	NA	NA	NA	NA	NA	NA	NA	NA	NA	NA	NA	NA	NA	NA	NA	NA	NA	NA	NA	NA	NA	-1.37564782702585	NA	NA	NA	NA	NA	NA	NA	NA	NA	NA	NA	NA	NA	NA	NA	NA	NA
31	Bladder cancer	NA	NA	NA	NA	-1.60328136875961	NA	NA	1.70243420316749	-1.60579299836336	NA	NA	1.60185776369088	NA	-1.57507849006186	NA	NA	NA	NA	NA	NA	NA	-1.86602522971864	1.59630030711761	NA	1.97834828228524	NA	NA	NA	NA	NA	1.73615126021923	-1.8242221772514	NA	1.74753719689509	1.66946439218693	NA	-1.78521481874811	NA	NA	2.1570659071071	NA	1.66535877133833	NA	1.65190291964387	NA	NA	1.69387250553959	NA	1.59475591732302	NA	NA	NA	-1.70719650023031	NA	NA	NA	NA
32	Breast cancer	1.3851693604207	NA	NA	NA	NA	NA	1.30704764021745	NA	NA	NA	NA	1.49528592277665	NA	-1.57694308316466	NA	NA	NA	NA	NA	NA	NA	-1.50736149122715	NA	-1.53915032346374	NA	-1.53729431057071	NA	1.84128292097737	NA	NA	1.48859032237299	NA	NA	NA	1.46138603725045	NA	-1.40373125968397	NA	NA	NA	NA	1.47816463182842	NA	NA	NA	NA	NA	NA	1.47535193735255	NA	NA	NA	-1.95575464065546	NA	NA	NA	NA
33	Butanoate metabolism	NA	NA	NA	NA	NA	NA	NA	-1.69423819553399	NA	NA	NA	NA	NA	NA	NA	NA	NA	NA	NA	NA	NA	NA	NA	NA	NA	NA	NA	NA	NA	NA	NA	NA	NA	NA	NA	NA	NA	NA	NA	-1.45396584903113	NA	NA	NA	NA	NA	NA	NA	NA	NA	NA	NA	NA	NA	NA	NA	NA	NA
34	C-type lectin receptor signaling pathway	NA	NA	NA	NA	-1.74109625607825	1.43543338530936	NA	1.9443088547853	-2.08581903201254	1.66357488495038	1.98568448909595	NA	NA	-1.556119793438	NA	NA	NA	NA	NA	NA	NA	-1.84882679697079	1.76482946854028	NA	1.95120078504159	NA	NA	1.42185584010098	-1.4364628953096	-1.44907080923127	NA	-1.57530133723669	NA	1.5339620167411	1.89256613941648	NA	-1.73897234731298	1.82138356996413	NA	2.3889429544197	-1.55556543961675	NA	-1.45123421725188	1.44646815787273	NA	-1.53423661257279	NA	1.65031019790707	NA	1.79335503322249	NA	NA	NA	1.69522309997957	NA	-1.51769170110589	NA
35	Calcium signaling pathway	NA	NA	NA	NA	NA	1.53390847998266	1.36967344235721	NA	NA	NA	NA	NA	NA	NA	NA	NA	NA	NA	NA	NA	NA	NA	NA	NA	NA	NA	NA	NA	NA	NA	NA	NA	NA	NA	NA	NA	-1.30486949529616	NA	NA	NA	NA	NA	-1.38337073592973	NA	NA	NA	NA	NA	NA	NA	NA	NA	NA	NA	NA	NA	NA
36	cAMP signaling pathway	NA	NA	NA	NA	NA	1.71407829207382	NA	NA	NA	NA	NA	NA	NA	NA	NA	NA	NA	NA	NA	NA	NA	NA	NA	NA	NA	NA	NA	NA	-1.32660949027653	NA	NA	NA	NA	NA	NA	NA	NA	NA	NA	NA	NA	NA	-1.40817782947175	NA	NA	NA	NA	1.39545760561479	NA	NA	NA	NA	NA	NA	NA	NA	NA
37	Carbohydrate digestion and absorption	NA	NA	NA	NA	NA	1.59041235695847	NA	NA	NA	NA	NA	NA	NA	NA	NA	NA	NA	NA	NA	NA	NA	NA	NA	NA	NA	NA	1.58974162630791	NA	NA	NA	NA	NA	NA	NA	NA	NA	NA	NA	NA	NA	NA	NA	NA	NA	NA	NA	NA	NA	NA	NA	NA	NA	NA	NA	NA	NA	NA
38	Cell adhesion molecules (CAMs)	NA	NA	NA	NA	-1.32576503134429	NA	1.61953660918084	1.66840758558648	-1.96557481134668	NA	1.83304410482286	NA	1.39638788094256	-1.41250358762305	-1.66331252393084	1.42341040109678	-1.55901761580131	NA	NA	NA	NA	-1.41788309721837	NA	NA	NA	NA	NA	1.41311568388865	-1.65845708331623	NA	NA	-1.59877648660767	-1.44894509165026	NA	2.00148835129059	NA	-1.68462548144535	1.82614824445348	NA	1.82884125742077	NA	NA	-1.58937544998605	NA	NA	NA	NA	1.40998991206632	NA	1.39652436828323	NA	NA	NA	NA	NA	-1.87067779662647	NA
39	Cell cycle	NA	NA	NA	NA	-1.85303918381043	NA	NA	NA	-1.39339967775114	NA	NA	1.44852370915384	NA	-1.65738173196228	-1.45288036485543	NA	NA	NA	NA	NA	NA	NA	NA	NA	1.4291776517072	-1.94385115516264	1.8933582140148	1.76172499701753	-1.43505113561726	NA	1.72149219790799	NA	-1.79020296642667	1.98652043590363	1.581003009301	NA	-1.92680941907097	NA	NA	NA	NA	1.90098420141686	NA	1.58831199340824	NA	NA	NA	NA	NA	-1.57044758548935	NA	-1.72753987389504	-1.48068096863261	NA	-1.61378504312518	NA	-1.65507107886865
40	Cellular senescence	NA	NA	NA	NA	-1.46403225375391	NA	NA	NA	-1.34793772452867	NA	1.34159084536797	NA	NA	-1.34797476518984	NA	NA	NA	NA	NA	NA	NA	-1.35232946288819	NA	NA	1.5860593489811	-1.50193059553585	NA	1.48960794593681	NA	NA	1.39379361621412	NA	-1.36322012004447	1.55376270246015	1.69643824120727	NA	-1.551095577609	NA	NA	1.6864910682459	NA	NA	NA	1.29052058054078	NA	NA	NA	NA	NA	NA	NA	NA	-1.44903262616488	NA	NA	NA	NA
41	Central carbon metabolism in cancer	NA	NA	NA	NA	NA	1.513513147506	NA	NA	NA	NA	NA	1.62173666667975	NA	NA	NA	NA	NA	NA	NA	NA	NA	-1.73313390821911	NA	NA	1.59843572604868	NA	NA	1.50903534757993	NA	NA	NA	-1.6596324913069	NA	NA	1.49269876457257	NA	-1.64707879533522	NA	NA	1.78163567295413	NA	NA	NA	1.84915696082221	NA	NA	NA	NA	NA	NA	NA	NA	-1.79921877568246	NA	NA	NA	NA
42	cGMP-PKG signaling pathway	NA	NA	NA	NA	NA	1.61724267002347	1.27923740432459	NA	NA	NA	NA	NA	NA	-1.24775665264675	NA	NA	NA	NA	NA	-1.39963063913571	NA	NA	NA	NA	NA	NA	NA	1.37519284544627	NA	NA	NA	NA	NA	NA	NA	NA	-1.46129247742907	NA	NA	NA	NA	NA	NA	NA	NA	NA	NA	NA	NA	NA	NA	NA	NA	NA	NA	NA	NA
43	Chagas disease (American trypanosomiasis)	NA	1.49944473415698	NA	NA	-1.39935362840974	NA	1.89769942631832	2.2001614376375	-2.03375871774398	NA	1.72009494208064	NA	1.44034728544212	-1.35901387618517	-1.47584381624325	1.52639205522171	NA	NA	NA	NA	NA	-1.75664190171266	NA	NA	1.65737941684321	NA	NA	NA	-1.51573484554928	NA	NA	-1.48565205691206	NA	NA	1.83556197317534	NA	-1.53573615695022	1.95067527602114	NA	1.91672221627072	-1.57621346281928	NA	NA	NA	NA	NA	NA	1.46661477085695	NA	1.72918646149638	NA	NA	NA	1.81075082353643	NA	-1.70980125961971	NA
44	Chemical carcinogenesis	NA	NA	NA	NA	1.38730266825428	NA	NA	-1.35240628402396	NA	NA	-1.47791480766095	NA	NA	NA	NA	NA	NA	NA	NA	NA	NA	NA	NA	NA	NA	NA	NA	NA	NA	NA	NA	1.49373101552401	1.68733448724761	NA	-1.68198446456969	NA	NA	-1.91226854450969	NA	-1.56534520149918	NA	NA	NA	NA	NA	NA	NA	NA	NA	NA	NA	NA	NA	NA	NA	NA	NA
45	Chemokine signaling pathway	-1.49047130350385	1.57690904233812	-1.42531552844274	NA	-1.70423478656338	1.30675272953512	1.74138793156082	2.29992536961599	-2.25562546836637	NA	2.09930125216878	NA	1.49748320397054	-1.67502131657988	-1.66517664424968	1.8110800084431	NA	1.6090999820269	NA	NA	NA	-1.91518714113541	1.79387520598348	NA	1.80015856630849	NA	1.49272977918856	1.37544825572244	-1.67499311082004	-1.41313158934377	NA	-1.57390806710207	-1.73146739492707	1.53474029493927	1.8925435611449	-1.40940936460183	-1.91359078382833	2.25360351945444	NA	2.07021189162734	-2.04120656676543	NA	-1.74836658702378	1.39074799223856	NA	NA	NA	1.78870026954081	NA	2.01423338334364	-1.43576220169555	-1.65991819862487	NA	1.98654298244478	-1.44622492394106	-1.63555814095554	NA
46	Choline metabolism in cancer	NA	NA	NA	NA	NA	NA	NA	NA	NA	NA	NA	NA	NA	NA	NA	NA	NA	NA	NA	NA	NA	NA	NA	NA	NA	NA	NA	NA	NA	NA	NA	NA	NA	NA	NA	NA	NA	NA	NA	1.45098749502762	NA	NA	NA	NA	NA	NA	NA	NA	NA	NA	NA	NA	NA	NA	NA	NA	NA
47	Cholinergic synapse	NA	NA	NA	NA	NA	1.3732564639076	1.42854132352497	NA	NA	NA	NA	NA	NA	NA	NA	NA	NA	NA	NA	NA	NA	NA	NA	NA	NA	NA	NA	NA	NA	NA	NA	NA	NA	NA	NA	NA	NA	NA	NA	NA	NA	NA	NA	NA	NA	NA	NA	NA	NA	NA	NA	NA	NA	1.36355985037681	NA	NA	NA
48	Chronic myeloid leukemia	NA	NA	NA	NA	NA	NA	1.41586886809351	1.40644615794612	NA	NA	NA	NA	NA	-1.51243603391566	NA	NA	NA	NA	NA	NA	NA	-1.589131488391	1.65662775704475	NA	1.59684605010267	NA	NA	NA	NA	NA	NA	-1.60942260325901	NA	NA	1.51473230903597	NA	-1.5207442429071	NA	NA	1.77653339895067	NA	NA	NA	NA	NA	NA	NA	NA	NA	NA	NA	NA	-1.63422874614043	NA	NA	NA	NA
49	Circadian entrainment	NA	NA	NA	NA	NA	1.71359133815353	NA	NA	NA	NA	NA	1.60721021458012	NA	-1.31976926778692	NA	NA	NA	NA	NA	NA	NA	NA	NA	NA	NA	NA	NA	1.47740715237643	NA	NA	NA	NA	NA	NA	NA	NA	-1.36610552324697	NA	NA	NA	NA	NA	NA	NA	NA	NA	NA	NA	NA	NA	NA	NA	NA	NA	NA	NA	NA
50	Citrate cycle (TCA cycle)	NA	NA	NA	NA	NA	NA	NA	-1.57725133068663	NA	NA	NA	NA	NA	NA	NA	NA	NA	NA	NA	NA	NA	NA	NA	NA	NA	NA	NA	NA	NA	NA	NA	NA	NA	NA	NA	NA	NA	NA	NA	NA	NA	NA	NA	NA	NA	NA	NA	NA	NA	NA	NA	NA	NA	NA	NA	NA	NA
51	Cocaine addiction	NA	NA	NA	NA	NA	NA	1.49916105061791	NA	NA	NA	NA	NA	NA	NA	NA	NA	NA	NA	NA	NA	NA	NA	NA	NA	NA	NA	NA	NA	NA	NA	NA	NA	NA	NA	NA	NA	NA	NA	NA	NA	NA	NA	NA	NA	NA	NA	NA	NA	NA	NA	NA	NA	NA	NA	NA	NA	NA
52	Colorectal cancer	NA	NA	NA	NA	NA	NA	1.48898655483903	NA	NA	NA	NA	1.43615236870691	NA	-1.45649889987708	NA	NA	NA	NA	NA	NA	NA	-1.39537464656183	NA	NA	1.62297592299301	NA	NA	NA	NA	NA	NA	-1.60681602488341	NA	NA	1.46347859595515	NA	NA	NA	NA	1.6534805978683	NA	NA	NA	NA	NA	NA	NA	NA	NA	NA	NA	NA	-1.56995952224762	NA	NA	NA	NA
53	Complement and coagulation cascades	NA	NA	NA	NA	-1.58747106791061	1.42828685370532	NA	1.51370571352651	-1.83416786613458	NA	1.59879914086942	NA	NA	-1.51474219908925	NA	NA	NA	NA	NA	-1.53177775059932	NA	-1.75489086054231	NA	NA	1.87971161869079	NA	NA	NA	-1.64342874786008	NA	NA	-1.67387358632626	NA	NA	1.90497304223105	NA	-1.80162410012499	1.70417534358742	NA	1.95176045792685	-1.51416054400949	NA	NA	NA	NA	NA	1.63162055342295	1.48623959477364	NA	NA	-1.7800785213197	NA	NA	1.55111385749845	NA	NA	NA
54	Cortisol synthesis and secretion	NA	NA	NA	NA	NA	1.44510820262935	NA	NA	NA	NA	NA	NA	NA	NA	NA	NA	NA	NA	NA	NA	NA	NA	NA	NA	NA	NA	NA	NA	NA	NA	NA	NA	NA	NA	NA	NA	NA	NA	NA	NA	NA	NA	NA	NA	NA	NA	NA	NA	NA	NA	NA	NA	NA	NA	NA	NA	NA
55	Cytokine-cytokine receptor interaction	-1.37886629905059	1.70639997885246	-1.61744456248127	NA	-1.99399608019443	1.68942969159865	1.4706404344905	2.52626432369976	-2.50276366917217	1.62177880291663	2.34676544046444	NA	1.87737105890874	-1.73364928923846	-1.7042260238111	1.50850049437818	-1.36914201946553	1.46791381129132	1.54010794379447	-1.39872291190198	NA	-2.07895952688947	1.75483934871204	-1.43188289563657	2.06675471915302	NA	1.46735236172084	1.84144495961444	-1.79692440858949	NA	NA	-1.8059076004175	-2.10615805762613	1.88678245220629	2.21613910709936	-1.65579067892325	-2.19081177162703	2.36710060805517	1.50083570634086	2.19476865587941	-2.03927689240742	-1.57570626593404	-1.73417565207166	1.85566309032879	1.67325492956944	NA	1.63582006500889	1.93126650741946	1.44105725639611	2.11007310293276	-1.68650303493956	-1.95864873127311	NA	1.9948297449365	-1.68900635204792	-1.93418685799701	-1.44223462641124
56	Cytosolic DNA-sensing pathway	NA	NA	NA	NA	-1.43123295112538	NA	NA	1.92076367662862	-2.10985739441282	NA	1.69326410676085	NA	NA	NA	NA	NA	NA	1.61515726756326	NA	NA	NA	NA	NA	NA	1.42687264456532	NA	NA	NA	NA	NA	NA	NA	NA	NA	1.71608794444279	NA	NA	1.89201078902201	NA	1.59851501076887	-1.80065011330104	NA	NA	NA	NA	NA	NA	1.6573873090875	NA	1.60577129833591	NA	NA	NA	NA	NA	NA	NA
57	Dilated cardiomyopathy (DCM)	NA	NA	NA	NA	NA	NA	NA	NA	NA	NA	NA	NA	NA	NA	NA	NA	NA	1.72959080240642	NA	NA	NA	NA	NA	NA	NA	NA	NA	NA	-1.45291638933902	NA	NA	NA	NA	NA	NA	NA	NA	NA	NA	NA	NA	NA	-1.61421511102058	NA	NA	NA	NA	NA	NA	NA	NA	NA	NA	NA	NA	NA	NA
58	DNA replication	NA	NA	NA	NA	-1.81775036217767	NA	NA	-1.59481884719218	NA	NA	NA	NA	NA	NA	NA	NA	NA	NA	NA	NA	NA	NA	NA	NA	NA	NA	NA	1.62855994738083	NA	NA	NA	NA	-1.63917293087137	NA	NA	NA	-1.68568572843643	NA	NA	NA	NA	NA	NA	NA	NA	NA	NA	NA	NA	-1.79832280236686	NA	NA	NA	-1.6772179767452	NA	NA	NA
59	Dopaminergic synapse	NA	NA	NA	NA	NA	1.50666630777441	NA	NA	NA	NA	NA	NA	NA	NA	NA	NA	NA	NA	NA	NA	NA	NA	NA	NA	NA	NA	NA	NA	NA	NA	NA	NA	NA	NA	NA	NA	NA	NA	NA	NA	NA	NA	NA	NA	NA	NA	NA	NA	NA	NA	NA	NA	NA	NA	NA	NA	NA
60	Drug metabolism	NA	NA	NA	NA	NA	NA	NA	-1.44439053602168	1.42230150061681	NA	NA	NA	NA	1.36357375559009	NA	NA	NA	NA	NA	NA	NA	NA	NA	NA	NA	NA	NA	NA	NA	NA	NA	1.59613941123173	NA	NA	-1.58242510493364	NA	NA	-1.83076095851282	NA	-1.53811443367143	NA	NA	NA	NA	NA	NA	NA	NA	NA	NA	NA	NA	NA	NA	NA	NA	NA
61	ECM-receptor interaction	NA	NA	NA	NA	-1.62859380780555	1.65394025513795	NA	NA	NA	1.68375050819851	NA	1.86983568636614	NA	-1.42125887410793	NA	NA	1.89348581701732	NA	NA	-1.53148820331302	-1.84536883511947	-1.42471549004621	NA	NA	NA	-1.81598300579093	NA	1.60291258549153	-1.60688280755095	NA	1.64526526051693	NA	-1.76271432177515	NA	1.70879714310806	NA	-1.72720759338551	NA	NA	1.74272797866692	NA	NA	NA	1.50084493864486	NA	1.62141890710151	1.57549423541417	NA	1.73502398536992	NA	-1.74325957848582	-1.5519908000228	-1.90281429291255	NA	NA	NA	NA
62	Endocrine and other factor-regulated calcium reabsorption	NA	NA	NA	NA	NA	1.48054436105564	NA	NA	NA	NA	NA	NA	NA	NA	NA	NA	NA	NA	NA	NA	NA	NA	NA	NA	NA	NA	NA	NA	NA	NA	NA	NA	NA	NA	NA	NA	NA	NA	NA	NA	NA	NA	NA	NA	NA	NA	NA	NA	NA	NA	NA	NA	NA	NA	NA	NA	NA
63	Endocytosis	NA	NA	NA	NA	-1.36873515769137	NA	NA	1.44986180714054	NA	1.28741729658335	NA	NA	NA	-1.35975071602452	NA	NA	NA	NA	NA	NA	NA	NA	1.40037225533518	NA	1.58512066311471	NA	NA	NA	NA	NA	NA	NA	NA	NA	NA	NA	-1.29523551246291	NA	NA	1.46252008893386	NA	NA	NA	NA	NA	NA	NA	NA	NA	NA	NA	NA	NA	NA	NA	NA	NA
64	Endometrial cancer	NA	NA	NA	NA	NA	NA	1.43278102170275	NA	NA	NA	NA	NA	NA	NA	NA	NA	NA	NA	NA	NA	NA	NA	NA	NA	NA	NA	NA	NA	NA	NA	NA	NA	NA	NA	NA	NA	NA	NA	NA	NA	NA	NA	NA	NA	NA	NA	NA	NA	NA	NA	NA	NA	NA	NA	NA	NA	NA
65	Epithelial cell signaling in Helicobacter pylori infection	NA	NA	NA	NA	-1.61333842000191	NA	NA	NA	NA	NA	NA	NA	NA	-1.55535208738437	NA	NA	NA	NA	NA	NA	NA	-1.58328321612263	NA	NA	1.74318468238841	NA	NA	NA	NA	NA	NA	-1.35360076517323	NA	NA	NA	NA	NA	NA	NA	1.58409949076105	NA	NA	NA	NA	NA	NA	NA	NA	NA	NA	NA	NA	NA	NA	NA	NA	NA
66	Epstein-Barr virus infection	NA	NA	-1.56889720473591	NA	-1.44669178454463	NA	1.77120815299697	1.9136750370086	-2.16529840988736	NA	1.84224447000249	NA	NA	-1.59596626322465	NA	1.72330266627758	-1.67162263825001	NA	NA	NA	NA	-1.6875408943795	1.75667513560613	NA	1.8262227022356	NA	NA	NA	NA	-1.39361501120212	NA	-1.59736974505766	NA	NA	2.20454390384864	-1.45796129560756	-1.78832056837779	1.98164220562388	NA	2.13250231325387	-1.78965908392401	NA	NA	1.45071104082391	NA	NA	NA	1.44338939641373	NA	NA	NA	NA	NA	NA	-1.40056229690159	-1.38508546911114	NA
67	ErbB signaling pathway	NA	NA	NA	NA	NA	NA	NA	NA	NA	NA	NA	1.42978227481288	NA	NA	NA	NA	NA	NA	NA	NA	NA	NA	NA	NA	NA	NA	NA	NA	NA	NA	NA	NA	NA	NA	NA	NA	NA	NA	NA	1.33026031616681	NA	NA	NA	NA	NA	NA	NA	NA	NA	NA	NA	NA	-1.49623704120709	NA	NA	NA	NA
68	Estrogen signaling pathway	NA	NA	NA	NA	-1.54591167409742	1.85880852856686	NA	NA	NA	NA	NA	1.79470036040103	NA	-1.66347450520845	NA	NA	NA	NA	NA	-1.50582437149303	NA	-1.91594500641666	1.3770507537872	-1.66922028584645	1.7865172473978	-1.56764127135118	NA	1.70444808199827	NA	NA	1.47760889978024	NA	NA	NA	1.37555256949507	NA	-1.72601287169044	NA	NA	1.47079061120226	NA	1.61171825016869	NA	1.84563820888435	NA	NA	NA	NA	1.43345403626395	NA	-1.74962900325516	NA	-1.84108616313233	NA	NA	NA	-1.71320628818842
69	Ether lipid metabolism	NA	NA	NA	NA	NA	1.63459714717864	NA	NA	NA	NA	NA	NA	NA	-1.41682893850768	NA	NA	NA	NA	NA	NA	NA	-1.45620660826981	NA	NA	NA	NA	NA	NA	NA	NA	NA	NA	NA	NA	NA	NA	NA	NA	NA	1.43031321260739	NA	NA	NA	NA	NA	NA	NA	NA	NA	NA	NA	NA	NA	NA	NA	NA	NA
70	Fanconi anemia pathway	NA	-1.59337892249549	NA	NA	NA	-1.6094709474723	NA	-1.59418923945469	NA	NA	NA	NA	NA	NA	NA	NA	NA	NA	NA	NA	NA	NA	NA	NA	NA	NA	NA	NA	NA	NA	NA	NA	NA	NA	NA	NA	NA	NA	NA	NA	NA	NA	NA	NA	NA	NA	NA	NA	NA	NA	NA	NA	NA	NA	NA	NA	NA
71	Fat digestion and absorption	NA	NA	NA	NA	NA	1.83146129735612	NA	NA	NA	NA	NA	NA	NA	NA	NA	NA	NA	NA	NA	NA	NA	NA	NA	NA	NA	NA	NA	NA	NA	NA	NA	NA	NA	NA	NA	NA	NA	NA	NA	NA	NA	NA	NA	NA	NA	NA	NA	NA	NA	NA	NA	NA	NA	NA	NA	NA	NA
72	Fatty acid degradation	NA	NA	NA	NA	NA	NA	NA	NA	NA	NA	NA	NA	NA	1.50165599969055	NA	NA	NA	NA	NA	NA	NA	NA	NA	NA	NA	NA	NA	NA	NA	NA	NA	NA	NA	NA	NA	NA	NA	NA	NA	NA	NA	NA	NA	NA	NA	NA	NA	NA	NA	NA	NA	NA	NA	NA	NA	NA	NA
73	Fc epsilon RI signaling pathway	NA	NA	NA	NA	-1.53682621026754	NA	1.52902805248448	NA	NA	NA	1.5952535100139	NA	NA	-1.67262996955989	NA	NA	NA	NA	NA	NA	NA	-1.70395212322293	1.76466917310406	NA	1.79402789654391	NA	NA	1.51621811780675	NA	NA	NA	-1.48335484322184	-1.59052755364364	NA	1.649190520849	NA	-1.70170617958388	1.53460710808283	NA	1.91562075801459	NA	NA	NA	1.60542379957245	NA	NA	NA	1.51900577639982	NA	NA	NA	NA	NA	1.46257096199373	NA	NA	NA
74	Fc gamma R-mediated phagocytosis	NA	NA	NA	NA	-1.70846876011058	1.50036389008854	1.60295934746473	1.47849474430309	-1.70021811832688	NA	NA	NA	NA	-1.66520058040487	NA	1.4524453596143	NA	NA	NA	NA	NA	-1.67093826166722	1.87071563973572	NA	2.01345652064334	NA	NA	1.40077258483481	NA	NA	NA	-1.86218086050263	-1.57179652962399	NA	1.89809672398831	NA	-1.75900781741619	1.71739636732733	NA	2.12920757592824	NA	NA	NA	1.60252292167686	NA	-1.66335272050668	NA	1.57532368730635	NA	NA	NA	NA	-1.79388875897444	1.54728008993746	NA	NA	NA
75	Ferroptosis	NA	NA	NA	NA	NA	NA	NA	NA	NA	NA	NA	NA	NA	NA	NA	NA	NA	NA	NA	NA	NA	NA	NA	NA	NA	NA	NA	NA	NA	NA	NA	NA	NA	NA	NA	NA	NA	NA	NA	1.6032717694724	NA	NA	NA	NA	NA	NA	NA	NA	NA	NA	NA	NA	NA	NA	NA	NA	NA
76	Fluid shear stress and atherosclerosis	NA	NA	NA	NA	-1.68322176169597	NA	NA	1.62650923543214	-1.61725364736006	NA	1.67622354645978	1.47401895305368	1.44843480839695	-1.49265024666958	NA	NA	NA	NA	NA	NA	NA	-1.83864306403497	1.35372606402925	NA	1.65228790964667	NA	NA	1.66388183155725	-1.42040992491205	NA	NA	-1.49475824440249	-1.47193658911601	NA	1.42360560642928	NA	-1.71047181174112	NA	NA	1.89472352340028	NA	NA	-1.40820986373227	1.49655584842755	NA	NA	1.58673702134824	1.50738448023519	1.48207986981103	1.64602235526035	NA	NA	-1.55113336713585	1.42972476179621	NA	-1.47492841205008	-1.5337654272292
77	Focal adhesion	NA	NA	NA	NA	-1.43359556787632	1.45875115695954	NA	NA	NA	1.50893891799379	NA	1.73075066375962	NA	-1.4352374856344	NA	NA	1.48328177492037	1.37118788379789	NA	-1.45567834622144	-1.51967527345887	-1.50855919693422	NA	NA	NA	-1.57190518555483	NA	1.5081001317368	-1.50521618983142	NA	1.52431162642014	-1.66986104415979	-1.50866921867145	NA	1.67909411201519	NA	-1.57542920865354	NA	NA	1.75070481835367	NA	NA	-1.32574002133918	1.27182654266931	NA	NA	NA	NA	1.55568369690409	NA	-1.58430229614056	NA	-1.92311758936592	NA	NA	NA	-1.48892928368915
78	FoxO signaling pathway	NA	NA	NA	NA	NA	NA	NA	1.43394302970457	NA	NA	NA	NA	NA	-1.41688481003509	NA	NA	NA	NA	NA	NA	NA	NA	1.40758231946165	NA	1.34522432459691	NA	NA	NA	NA	NA	NA	-1.50354185322245	NA	NA	NA	NA	NA	NA	NA	1.33044078306999	NA	NA	NA	NA	NA	NA	NA	NA	NA	NA	NA	NA	NA	NA	NA	NA	NA
79	Fructose and mannose metabolism	NA	NA	NA	NA	NA	NA	NA	NA	NA	NA	NA	NA	NA	NA	NA	NA	NA	NA	NA	NA	NA	NA	NA	NA	1.49576461109096	NA	NA	NA	NA	NA	NA	NA	NA	NA	NA	NA	NA	NA	NA	NA	NA	NA	NA	1.63066251430842	NA	NA	NA	NA	NA	NA	NA	NA	NA	NA	NA	NA	NA
80	GABAergic synapse	NA	NA	NA	NA	NA	1.80071579950328	NA	NA	NA	NA	NA	NA	NA	NA	NA	NA	NA	NA	NA	NA	NA	NA	NA	NA	NA	NA	NA	NA	NA	NA	NA	NA	-1.46831198219977	NA	NA	NA	NA	NA	NA	NA	NA	NA	NA	NA	NA	NA	NA	NA	NA	NA	NA	NA	NA	NA	NA	NA	NA
81	Galactose metabolism	NA	NA	NA	NA	NA	1.53566534451228	NA	NA	NA	NA	NA	1.51588505112962	NA	NA	NA	NA	NA	NA	NA	NA	NA	NA	NA	NA	1.6662652851742	NA	NA	NA	NA	NA	NA	NA	NA	NA	NA	NA	NA	NA	NA	NA	NA	NA	NA	NA	NA	NA	NA	NA	NA	NA	NA	NA	NA	NA	NA	NA	NA
82	Gastric cancer	NA	NA	NA	NA	NA	1.36077466390926	1.36208061170533	NA	NA	NA	NA	NA	NA	-1.32394157882728	NA	NA	NA	NA	NA	NA	NA	-1.4095936786631	NA	-1.48456247074495	NA	NA	NA	1.52425234396657	NA	NA	NA	NA	NA	NA	1.42149903400521	NA	NA	NA	NA	NA	NA	NA	NA	NA	NA	NA	NA	NA	1.4945780114278	NA	NA	NA	-1.64876412441192	NA	NA	NA	NA
83	Glioma	NA	NA	NA	NA	NA	NA	NA	NA	NA	NA	NA	NA	NA	NA	NA	NA	NA	NA	NA	NA	NA	-1.38364791468727	NA	NA	NA	NA	NA	NA	NA	NA	NA	NA	NA	NA	NA	NA	NA	NA	NA	1.61818582215875	NA	NA	NA	NA	NA	NA	NA	NA	NA	NA	NA	NA	-1.66409018431737	NA	NA	NA	NA
84	Glucagon signaling pathway	NA	NA	NA	NA	NA	NA	NA	NA	NA	NA	NA	1.36262077683409	NA	NA	NA	NA	NA	NA	NA	NA	NA	NA	NA	NA	NA	NA	NA	NA	NA	NA	NA	NA	NA	NA	NA	NA	NA	NA	NA	NA	NA	NA	NA	NA	NA	NA	NA	NA	NA	NA	NA	NA	NA	NA	NA	NA	NA
85	Glutamatergic synapse	NA	NA	NA	NA	NA	1.46347446423466	NA	NA	NA	NA	NA	NA	NA	NA	NA	NA	NA	NA	NA	NA	NA	NA	NA	NA	NA	NA	NA	NA	NA	NA	NA	NA	NA	NA	NA	NA	NA	NA	NA	NA	NA	NA	NA	NA	NA	NA	NA	NA	NA	NA	NA	NA	NA	NA	NA	NA	NA
86	Glutathione metabolism	NA	-1.68305977090583	NA	NA	NA	-1.69091603652425	NA	NA	NA	NA	NA	NA	NA	NA	NA	NA	NA	NA	NA	NA	NA	NA	NA	NA	NA	NA	NA	NA	NA	NA	NA	NA	NA	NA	NA	NA	NA	NA	NA	NA	NA	NA	NA	NA	NA	NA	NA	NA	NA	NA	NA	NA	NA	NA	NA	NA	NA
87	Glycerolipid metabolism	NA	NA	NA	NA	NA	1.46037286826502	NA	NA	NA	NA	NA	NA	NA	NA	NA	NA	NA	NA	NA	NA	NA	NA	NA	NA	NA	NA	NA	NA	NA	NA	NA	NA	NA	NA	NA	NA	NA	NA	NA	NA	NA	NA	NA	NA	NA	NA	NA	NA	NA	NA	NA	NA	NA	NA	NA	NA	NA
88	Glycine, serine and threonine metabolism	NA	NA	NA	NA	NA	NA	NA	-1.65360717051011	NA	NA	NA	NA	NA	NA	NA	NA	NA	NA	NA	NA	NA	NA	NA	NA	NA	NA	NA	NA	NA	NA	NA	NA	NA	NA	NA	NA	NA	NA	NA	NA	NA	NA	NA	NA	NA	NA	NA	NA	NA	NA	NA	NA	NA	NA	NA	NA	NA
89	Glycosaminoglycan biosynthesis	NA	NA	NA	NA	NA	NA	NA	NA	NA	NA	NA	NA	NA	NA	NA	NA	NA	NA	NA	NA	NA	-1.69791629127578	NA	NA	1.40130169042432	NA	NA	NA	NA	NA	NA	NA	NA	NA	NA	NA	-1.52309477608446	NA	NA	NA	NA	NA	NA	NA	NA	NA	NA	NA	NA	NA	-1.53117787128811	NA	-1.50971578761412	NA	NA	NA	NA
90	Glyoxylate and dicarboxylate metabolism	NA	NA	NA	NA	NA	NA	NA	NA	NA	NA	NA	NA	NA	NA	NA	NA	NA	NA	NA	NA	NA	NA	NA	NA	NA	NA	NA	NA	NA	NA	NA	NA	NA	NA	NA	NA	NA	NA	NA	NA	NA	NA	NA	NA	NA	NA	NA	NA	NA	-1.7424732100913	NA	NA	NA	NA	NA	NA	NA
91	GnRH signaling pathway	NA	NA	NA	NA	NA	NA	NA	NA	NA	NA	NA	NA	NA	-1.38864462233648	NA	NA	NA	NA	NA	NA	NA	NA	NA	NA	NA	NA	NA	NA	NA	NA	NA	NA	NA	NA	NA	NA	NA	NA	NA	NA	NA	NA	NA	NA	NA	NA	NA	NA	NA	NA	NA	NA	-1.49819665646767	NA	NA	NA	NA
92	Graft-versus-host disease	-1.67334602554259	1.71761806315721	NA	NA	-1.44047672457286	NA	2.27273156691652	2.12662564653465	-2.18248476690555	NA	2.0060573711946	-1.66919751397199	NA	-1.5820727422273	NA	2.01294172862708	-2.03914395397534	NA	NA	1.71625370513673	NA	-1.50007179555727	NA	NA	1.59612375032396	NA	NA	NA	NA	NA	NA	-1.72594897393266	NA	NA	2.23321122069641	NA	-1.48410528765126	2.17423673667748	NA	2.24458930712572	-1.7621897749704	-1.84142988774044	NA	NA	1.81275835350935	NA	NA	1.66035852845053	NA	1.93703264156515	NA	NA	NA	1.65072089783233	NA	-1.86300544236578	NA
93	Hematopoietic cell lineage	-1.78831895998594	1.58916477229453	-1.96144322806967	-1.70783026408455	-1.54597266117457	NA	1.90325425701555	2.1764410756345	-2.19117169503379	NA	2.05294247958061	NA	1.60890436622496	-1.51382610041933	-1.61001982408372	1.78723520704497	-1.76487489882832	1.60506682296417	NA	NA	NA	-1.82050276224062	1.62269385177678	NA	1.88540388340705	NA	NA	NA	-1.70535243990542	-1.46253154054912	NA	-1.75503153901949	-1.62072961292502	1.50770465268837	2.02753421017676	NA	-2.02978287218083	2.20915297439961	1.68205655182274	2.04241129092453	-1.85446648746346	-1.85164472169143	-1.79760129650012	NA	NA	NA	NA	1.86178724551534	NA	1.94715766555672	NA	-1.84729179762238	NA	1.73878853708189	NA	-2.01037117865024	NA
94	Hepatitis B	NA	NA	NA	NA	-1.60930145084199	NA	1.48126358968197	1.67935760602577	-1.92807646194713	NA	1.47456608412936	NA	NA	-1.60379434416437	NA	NA	NA	NA	NA	NA	NA	-1.64466762184975	1.73401900131785	NA	1.89203603290082	NA	NA	NA	NA	NA	NA	-1.73668871138011	-1.37463056667218	1.63849685581352	2.03702196656251	NA	-1.73057623238359	1.72078751206492	NA	1.91699310167292	-1.53417476333991	NA	-1.3721010642354	1.54422124469393	NA	NA	NA	1.62748786176561	NA	NA	NA	NA	NA	1.36232267068055	NA	NA	NA
95	Hepatitis C	NA	NA	NA	NA	NA	NA	NA	1.45102285507573	-1.87679800256217	NA	1.44280156072435	NA	NA	NA	NA	NA	NA	NA	NA	NA	NA	-1.37016354913661	1.49231775860898	NA	NA	NA	NA	NA	NA	NA	NA	NA	NA	NA	1.7988910678101	NA	-1.43804312512008	1.66697195284987	NA	1.74764801903926	NA	NA	NA	NA	NA	NA	NA	NA	NA	NA	NA	NA	NA	NA	NA	NA	NA
96	Herpes simplex virus 1 infection	NA	NA	NA	-1.39615498938165	1.48411283240929	NA	NA	1.3946478860034	-1.63448094870054	-1.40703375882051	NA	NA	NA	NA	NA	NA	-1.51233155767064	NA	NA	NA	NA	1.45431113603823	-1.24852178255738	1.31304788975495	-1.30881428262642	NA	NA	NA	NA	-1.25927115957822	NA	NA	1.24911813520236	NA	1.47235620281982	NA	1.281877729677	1.81734591389805	NA	NA	-1.34123519385346	NA	NA	NA	NA	1.49808034326744	NA	1.39483249369129	1.45406201335101	NA	NA	NA	1.46504360809942	NA	NA	NA	NA
97	HIF-1 signaling pathway	NA	NA	NA	NA	-1.36821356056767	NA	NA	1.62648888936588	-1.67855541611641	NA	1.49074026303139	NA	NA	NA	-1.45038828461332	NA	NA	NA	NA	NA	NA	NA	1.63892384071125	NA	1.46530409129168	NA	NA	NA	NA	NA	NA	NA	NA	NA	1.68220364466044	NA	-1.6054324588891	1.76283119766922	NA	1.84966363588876	NA	NA	NA	NA	NA	NA	NA	1.47749592532723	NA	NA	NA	NA	NA	NA	NA	NA	NA
98	Hippo signaling pathway	NA	NA	NA	NA	NA	1.32622079586722	NA	NA	NA	NA	NA	1.43873505339361	NA	-1.37975616532899	NA	NA	NA	NA	NA	NA	NA	-1.38401341806261	NA	-1.58399527575299	NA	NA	NA	1.68844475596796	NA	NA	1.67914951836866	NA	-1.32249143431116	NA	1.36389477951632	NA	-1.37419283767581	NA	NA	1.40001152887281	NA	1.53531775123947	NA	NA	NA	NA	NA	NA	1.52596735806537	NA	-1.41400296948315	NA	-1.6636729963448	NA	NA	NA	NA
99	Human cytomegalovirus infection	NA	NA	NA	NA	-1.47693591369203	NA	1.40706722968726	1.89475624653428	-1.8588503055338	NA	1.5835832036138	NA	NA	-1.40969865141747	NA	NA	NA	NA	NA	NA	NA	-1.51002151542091	1.63207846352665	NA	1.81032911058536	NA	NA	1.41436944064984	-1.38512969960209	NA	NA	-1.36652579093266	-1.55636514318038	1.43672433099723	1.75040732559475	NA	-1.65842154089224	1.72835240424857	NA	1.93823101933226	-1.34593059911876	NA	-1.58277192592076	1.20206020204381	NA	-1.41801517092945	NA	1.53985775526996	NA	1.6709067228333	NA	NA	NA	1.60328530385534	NA	-1.30613551380291	NA
100	Human immunodeficiency virus 1 infection	NA	NA	NA	NA	-1.33778455296481	NA	1.35804312054252	1.33001463458192	-1.69494730873547	NA	1.38220271484607	NA	NA	NA	NA	NA	-1.48190250609055	NA	NA	NA	NA	NA	1.43528390495466	NA	1.32207527168227	NA	NA	NA	NA	NA	NA	NA	NA	NA	1.8519281921136	NA	-1.43894460935325	1.50691838374964	NA	1.72305014409732	NA	NA	NA	NA	NA	NA	NA	NA	NA	NA	NA	NA	NA	1.34487038997152	NA	NA	NA
101	Human papillomavirus infection	NA	NA	NA	NA	-1.2290854098929	1.4084372065019	NA	NA	NA	1.38708367073117	NA	1.57356726808203	NA	-1.52513817339859	NA	NA	NA	NA	NA	NA	-1.45082506458251	-1.47297743530672	NA	-1.32167347156836	NA	-1.56378630576526	NA	1.56418249855423	-1.24202766364182	NA	1.57051836189577	-1.29497736246232	-1.49192882932415	1.42808312946961	1.68916860141413	NA	-1.52386771928725	NA	NA	1.58021970615283	NA	1.35750742327366	NA	1.22948743156171	NA	NA	NA	NA	1.54364204147472	NA	-1.36466543940904	NA	-1.82857552841514	NA	NA	NA	-1.32900945404132
102	Human T-cell leukemia virus 1 infection	NA	NA	NA	NA	-1.58104767368899	NA	1.6905468476113	1.66772785544146	-1.92085102528248	NA	1.61913339585666	NA	NA	-1.7632440420981	-1.36191738201369	1.32568533981521	-1.34653959689478	NA	NA	NA	NA	-1.78274289898811	1.52942267418334	NA	1.94418670848436	NA	NA	1.34649097034505	-1.3587199640967	NA	NA	-1.68285359057609	-1.41086009869241	1.49545236562495	2.05238446673739	NA	-1.86782428772373	1.66586726084715	NA	1.92320407837893	-1.35128589534895	NA	NA	1.39466920703972	NA	NA	NA	NA	NA	NA	NA	NA	NA	NA	NA	-1.33403475656068	NA
103	Huntington disease	NA	-1.6209237527292	NA	-1.64778694327613	1.31855685865114	-1.60042738497856	-1.31202716206993	NA	NA	-1.78092186772552	NA	-1.42792832444208	NA	1.70787482727269	NA	NA	NA	NA	NA	NA	NA	1.30528307186394	NA	NA	NA	NA	NA	-1.69902838599319	NA	NA	NA	NA	1.5203764316178	NA	-1.41285644393643	NA	NA	NA	NA	NA	NA	NA	NA	-1.68814864329146	NA	NA	-1.58284323700978	NA	NA	NA	NA	NA	1.34906588959564	NA	NA	NA	NA
104	Hypertrophic cardiomyopathy (HCM)	NA	NA	NA	NA	NA	NA	NA	NA	NA	NA	NA	NA	NA	NA	-1.5370905374927	NA	NA	1.69687953846025	NA	NA	NA	NA	NA	NA	NA	NA	NA	NA	-1.47104240186182	NA	NA	NA	NA	NA	NA	NA	NA	1.38956108104498	NA	NA	NA	NA	-1.72198965199792	NA	NA	NA	NA	NA	NA	NA	NA	NA	NA	NA	NA	NA	NA
105	IL-17 signaling pathway	-1.57739075576235	1.72624640705499	-1.87643954164994	NA	-1.93755746275364	1.60123216034142	NA	2.47601046526788	-2.24649951916986	1.65480018521709	2.156920186386	NA	1.96687617259304	-1.62644818725716	-1.53517257791307	NA	NA	NA	NA	NA	NA	-2.24513608576914	1.60143295750655	NA	2.21426615761729	NA	1.67919235592335	1.59122995719116	-1.68807800312174	NA	NA	-1.84500834205396	-1.60938228806866	1.68921938101372	1.53688075276571	-1.63038448576465	-2.127838241339	1.96483047394926	NA	2.35829663906024	-1.97279987665412	NA	NA	2.03380890806966	NA	-1.56234966434679	1.75161719430086	1.7504495018561	NA	2.1238987559207	NA	-1.67042355608953	NA	1.51233637774798	-1.79379628131636	-1.62959716653852	-1.53021787907791
106	Inflammatory bowel disease (IBD)	-1.68722834974749	1.77037746085896	-1.91579500427963	NA	NA	NA	1.85128995957197	2.12896051463735	-2.20239652607759	NA	2.03910377593747	NA	NA	-1.47619246701656	-1.70412008788389	1.7898480215606	-1.76813453283551	NA	NA	NA	NA	-1.6224549556879	NA	NA	1.86314022030826	NA	NA	1.4026378155398	-1.64792109685752	NA	NA	-1.64785782373076	-1.47193686099344	NA	2.20747434074826	NA	-1.84443818742318	2.20285748575893	NA	2.32925506373915	-1.92565971842752	-1.77714056361707	-1.48631870123414	1.69690007071965	1.68391086618596	NA	NA	1.75011342405519	NA	1.89844778845483	NA	NA	NA	1.71707168994264	-1.58613605614441	-1.77972990563372	NA
107	Inflammatory mediator regulation of TRP channels	NA	NA	NA	NA	NA	1.3916713419739	NA	NA	NA	NA	NA	NA	NA	-1.31628513440045	NA	NA	NA	NA	NA	NA	NA	-1.47306942562412	NA	NA	NA	NA	NA	NA	NA	NA	NA	NA	NA	NA	NA	NA	NA	NA	NA	1.39236613367648	NA	NA	NA	NA	NA	NA	NA	NA	NA	NA	NA	NA	NA	NA	NA	NA	-1.49329127573947
108	Influenza A	NA	NA	-1.68003207548604	NA	-1.33286109224744	NA	1.4564260276363	1.99595212106491	-2.22896753541256	1.44282569239484	1.88167746891204	NA	NA	-1.37764172968809	NA	1.3987788582512	-1.59918164971044	NA	NA	NA	NA	-1.58903741917015	1.55028287753973	NA	1.78287274853159	NA	NA	NA	NA	-1.44434739505597	NA	-1.54028054208825	NA	1.36519561277521	2.08948744053775	NA	-1.61532006743444	2.13073173991581	NA	2.18706438142088	-1.93045957703102	NA	NA	1.41335188470097	NA	NA	NA	1.56086090340824	NA	1.80648138267893	NA	NA	NA	1.50602076549803	NA	-1.68301812681621	NA
109	Inositol phosphate metabolism	NA	NA	NA	NA	NA	NA	1.38660287570867	NA	NA	NA	NA	NA	NA	NA	NA	NA	NA	NA	NA	NA	NA	NA	NA	NA	NA	NA	NA	NA	NA	NA	NA	NA	NA	NA	NA	NA	NA	NA	NA	NA	NA	NA	NA	NA	NA	NA	NA	NA	NA	NA	NA	NA	NA	NA	NA	NA	NA
110	Insulin resistance	NA	NA	NA	NA	NA	NA	NA	1.44859487121657	NA	NA	NA	1.5196972251254	NA	NA	NA	NA	NA	NA	NA	NA	NA	NA	NA	NA	NA	NA	NA	NA	NA	NA	NA	NA	NA	NA	NA	NA	NA	NA	NA	NA	NA	NA	NA	NA	NA	NA	NA	NA	NA	NA	NA	NA	NA	NA	NA	NA	NA
111	Insulin secretion	NA	NA	NA	NA	NA	1.88007854070118	NA	NA	NA	NA	NA	NA	NA	-1.32330447310784	NA	NA	NA	NA	NA	NA	NA	NA	NA	NA	NA	NA	NA	NA	NA	NA	NA	NA	NA	NA	NA	NA	NA	NA	NA	-1.43141641760622	NA	NA	NA	NA	NA	NA	NA	NA	NA	NA	NA	NA	NA	NA	NA	NA	NA
112	Insulin signaling pathway	NA	NA	NA	NA	NA	NA	1.37091113104356	1.38169517451305	NA	NA	NA	1.39122979095046	NA	-1.41442360304116	NA	NA	NA	NA	NA	NA	NA	NA	NA	NA	1.37727825711551	NA	NA	NA	NA	NA	NA	NA	NA	NA	NA	NA	NA	NA	NA	NA	NA	NA	NA	NA	NA	NA	NA	NA	NA	NA	NA	NA	-1.33696025790595	NA	NA	NA	NA
113	Intestinal immune network for IgA production	-1.76352897205286	NA	-1.61938775784839	NA	NA	NA	2.12642668615922	2.08535305217066	-2.09324634720886	NA	1.81027299402586	NA	NA	NA	NA	1.86445002013466	-1.78244068622449	NA	NA	NA	NA	NA	NA	NA	NA	NA	NA	NA	-1.52953065193828	NA	NA	-1.68722599204173	NA	NA	2.13029459344789	NA	-1.5519019440557	2.14209026589698	NA	2.13976557166844	-1.62557064660566	-1.78721402223773	-1.65426793317517	NA	NA	NA	NA	NA	NA	1.71617020257205	NA	NA	NA	1.65944709744858	NA	-1.67777490805398	1.6596467730725
114	JAK-STAT signaling pathway	-1.46939433495848	NA	-1.47709830342582	NA	-1.68667603772857	1.40511755477793	1.38996183587129	2.12779824427627	-2.30630599510372	NA	1.93307701435946	NA	NA	-1.28998247382616	-1.48923950825514	1.49346678355057	NA	NA	NA	NA	NA	-1.50181414367568	1.39339108800865	NA	1.59934806492398	NA	1.47140324366958	1.38520494770215	-1.5759766840332	NA	NA	-1.89096983417036	-1.69984110995379	1.67474923918977	1.87910006314761	NA	-1.81426908347131	2.13492524934845	NA	1.82188373414403	-1.7270270108632	-1.48026730519333	-1.43372858436056	NA	1.57580210916368	NA	NA	1.73274961959799	NA	1.60933124668153	-1.47054181022847	-1.79654840895649	NA	1.58325785439234	NA	-1.58885085571718	NA
115	Kaposi sarcoma-associated herpesvirus infection	NA	NA	NA	NA	-1.61944466864526	1.3215203275638	1.42900793609047	1.84985900391724	-1.90158509866749	1.56438422692003	1.62056478506406	NA	NA	-1.68311261316094	NA	NA	NA	NA	NA	NA	NA	-1.71229982207948	1.90704527718864	NA	2.07863441010386	NA	NA	1.41933228918227	NA	-1.48067225114443	1.40492382749001	-1.68296813159613	-1.37009334064478	1.40653227674352	1.91239098318991	-1.4657305256838	-1.87959023731316	1.63995011337335	NA	2.14635124751728	-1.49675830744801	NA	NA	1.5934627753541	NA	-1.41929346090062	NA	1.58514672137133	1.4095283368001	1.63230964320617	NA	NA	NA	1.35831322433082	-1.66545410756194	NA	NA
116	Legionellosis	NA	NA	-1.50108178654265	NA	-1.92131967650464	1.46400478661043	NA	2.28032670699119	-2.03282640110083	NA	1.85536937507913	NA	NA	-1.67696514613106	-1.47961696936013	NA	NA	NA	NA	NA	NA	-1.91761026481863	1.65435421627561	NA	2.18662078848137	NA	1.61365204219574	NA	-1.6657966884785	-1.65989150776696	NA	-1.70669302589797	NA	1.74569396659318	NA	-1.69105817019708	-1.8481828888991	1.8329805138386	NA	1.941302395414	-1.93668942244644	NA	-1.59498153321934	1.58542943780193	NA	-1.77131478551701	NA	1.91598166589854	NA	2.12753699084573	NA	NA	NA	1.74702827570491	-1.66983738529654	NA	NA
117	Leishmaniasis	-1.57249334092443	2.04033591956827	-1.96403359958255	NA	-1.91935181583879	NA	1.91023101667051	2.42520388966161	-2.26114468227211	NA	1.99192371136429	NA	1.528296776308	-1.75745016298398	-1.65570479337647	1.84134195055053	-1.78546725596828	NA	NA	NA	NA	-2.00511433210532	1.89404447548176	NA	2.21450071039596	1.50900415009347	NA	NA	-1.76314436150988	-1.66078659156253	NA	-2.15051180041918	NA	1.81412381060064	2.05836301813985	-1.80610297786161	-2.09526316538368	2.21904994268641	NA	2.49811144148617	-2.03526198262514	NA	-1.84917126754685	1.63841748498544	NA	-1.83625874434442	NA	2.00443445586324	NA	2.1244396452282	NA	NA	NA	1.80282065520717	-1.86181350311619	-1.83735886755616	NA
118	Leukocyte transendothelial migration	NA	NA	NA	NA	-1.71092892123346	1.43118100194673	NA	1.36551235658682	-1.55187806733446	1.55196038799298	NA	NA	NA	-1.56701607003774	NA	NA	NA	NA	NA	NA	NA	-1.72413500156717	1.4954790608425	NA	1.54970851246181	NA	NA	1.492632723967	-1.70128220548582	NA	NA	-1.735836009828	-1.69586649685999	1.47218785744777	1.42478362117168	NA	-1.85710447439026	1.39293636268688	NA	1.67804651050482	NA	NA	NA	NA	NA	NA	NA	1.49757849412567	NA	NA	-1.55879908058931	NA	-1.44235365571421	1.55569926527195	NA	NA	NA
119	Linoleic acid metabolism	NA	NA	NA	NA	NA	1.5234501152008	NA	NA	NA	NA	NA	NA	NA	NA	NA	NA	NA	NA	NA	NA	NA	NA	NA	NA	NA	NA	NA	NA	NA	NA	NA	NA	NA	NA	NA	NA	NA	NA	NA	NA	NA	NA	NA	NA	NA	NA	NA	NA	NA	NA	NA	NA	NA	NA	NA	NA	NA
120	Long-term potentiation	NA	NA	NA	NA	NA	NA	NA	NA	NA	NA	NA	NA	NA	NA	NA	NA	NA	NA	NA	NA	NA	NA	NA	NA	NA	NA	NA	NA	NA	NA	NA	NA	NA	NA	NA	NA	NA	NA	NA	NA	1.54749682931684	NA	NA	NA	NA	NA	NA	NA	NA	NA	NA	NA	NA	NA	NA	NA	NA
121	Lysine degradation	NA	NA	NA	NA	NA	NA	NA	NA	1.5261166778364	NA	NA	NA	NA	NA	NA	NA	NA	NA	NA	NA	NA	NA	NA	NA	NA	NA	NA	NA	NA	NA	NA	NA	NA	NA	NA	NA	NA	NA	NA	NA	NA	NA	NA	NA	NA	NA	NA	NA	NA	NA	NA	NA	NA	NA	NA	NA	NA
122	Lysosome	NA	NA	NA	NA	NA	NA	1.29712513835343	NA	NA	NA	NA	NA	NA	NA	NA	NA	NA	NA	NA	NA	NA	-1.36504124625898	1.38105469590957	NA	1.54079372812717	NA	NA	NA	NA	NA	NA	NA	NA	NA	1.62837517017802	NA	NA	NA	NA	1.75706095244476	NA	NA	NA	NA	NA	NA	NA	NA	NA	NA	NA	NA	-1.48424600550045	NA	NA	NA	NA
123	Malaria	NA	NA	-1.85549348619995	NA	-1.84905813296261	1.58157353159064	1.62317935826874	1.99945280909912	-2.09326589581752	1.92721057545824	1.93749738029918	1.5607215219245	NA	-1.84305810329732	-1.66480869031265	NA	NA	NA	NA	NA	NA	-2.05056153429129	NA	NA	1.8813668615562	NA	NA	1.93305724640538	-1.78314778691766	NA	NA	-1.9839816593947	-1.81019977034578	1.74200911560506	1.63532246171915	-1.76005349772049	-2.18051718595487	1.55786500204658	NA	2.08020764688414	-1.72128891327204	NA	-1.48298784677739	1.8709653857164	NA	NA	NA	1.84733702481621	NA	1.99896635142732	NA	-1.81408630633079	NA	1.76503818210771	NA	-1.93339125378575	NA
124	Mannose type O-glycan biosynthesis	NA	NA	NA	NA	NA	NA	NA	NA	NA	NA	NA	NA	NA	NA	NA	NA	NA	NA	NA	NA	NA	NA	NA	NA	NA	NA	NA	NA	NA	NA	NA	NA	NA	NA	NA	NA	NA	NA	NA	NA	NA	NA	NA	NA	NA	NA	NA	-1.64279980248363	NA	NA	NA	NA	NA	NA	NA	NA	NA
125	MAPK signaling pathway	NA	NA	NA	NA	-1.59334220040827	1.52461115076303	NA	1.41876399921064	-1.52405944052598	1.57476394713037	NA	1.29530682492281	NA	-1.43774462440144	NA	NA	NA	NA	NA	NA	NA	-1.58779266826439	1.48730410112327	-1.45433585318198	1.60396811829152	NA	NA	1.59181379371884	-1.30979156788139	NA	1.33317934828538	-1.44776963494688	-1.52769769492744	NA	1.65738035050512	NA	-1.59026712735576	1.36376985513296	NA	1.70804583840149	NA	NA	-1.40868057977259	1.30533854474863	NA	NA	1.36825212722564	1.39794910178313	1.54843514123466	1.31207170027616	NA	NA	-1.67510893849413	NA	NA	NA	-1.53935809745294
126	Maturity onset diabetes of the young	NA	NA	NA	NA	NA	NA	NA	NA	NA	NA	NA	NA	NA	NA	NA	NA	NA	NA	NA	NA	NA	NA	NA	NA	NA	NA	NA	NA	NA	NA	NA	NA	NA	NA	NA	NA	NA	NA	NA	-1.66489280638837	NA	NA	NA	NA	NA	NA	NA	NA	NA	NA	NA	NA	NA	1.56773521929584	NA	NA	NA
127	Measles	NA	NA	-1.42334490275729	NA	-1.34954627729351	NA	1.62121345545344	1.97275689864551	-2.1905233216539	NA	1.62379809445088	NA	NA	-1.57410422817825	NA	1.42037121503396	-1.4797019931775	NA	NA	NA	NA	-1.52680435170245	1.42830274373354	NA	1.51245302497452	NA	NA	NA	-1.34038859927728	NA	NA	-1.61704152411883	NA	NA	1.96014366269435	-1.4863582969588	-1.5251487793448	2.02462961409848	NA	1.84445043240176	-1.85741116237941	NA	NA	NA	NA	NA	NA	1.47312790575699	NA	1.63026680423013	NA	NA	NA	1.55835339141838	NA	-1.5430229409123	NA
128	Melanogenesis	NA	NA	NA	NA	NA	NA	NA	NA	NA	NA	NA	NA	NA	NA	NA	NA	NA	NA	NA	NA	NA	NA	NA	NA	NA	NA	NA	1.50321544987317	NA	NA	NA	NA	NA	NA	NA	NA	NA	NA	NA	NA	NA	NA	NA	NA	NA	NA	NA	NA	NA	NA	NA	NA	-1.93322259364607	NA	NA	NA	NA
129	Melanoma	NA	NA	NA	NA	NA	NA	NA	NA	NA	NA	NA	NA	NA	NA	NA	NA	NA	NA	NA	NA	NA	-1.39163258754963	NA	NA	NA	NA	NA	1.46460388665297	NA	NA	NA	NA	NA	NA	1.43298552827021	NA	NA	NA	NA	1.40299902318041	NA	NA	NA	NA	NA	NA	NA	NA	1.583366626536	NA	NA	NA	-1.58868731373791	NA	NA	NA	NA
130	Metabolism of xenobiotics by cytochrome P450	1.48453641170407	NA	NA	NA	1.47420385008445	NA	NA	-1.44842245945603	1.42062728011658	NA	-1.44174651387712	NA	-1.62983997968457	1.37577990746955	NA	NA	NA	NA	NA	NA	NA	NA	NA	NA	NA	NA	NA	NA	NA	NA	NA	1.60846090140949	1.72487273793567	NA	-1.6196471972424	NA	NA	-1.84499765833934	NA	-1.66272256272766	NA	NA	NA	NA	NA	NA	NA	NA	NA	NA	NA	NA	NA	NA	NA	NA	NA
131	MicroRNAs in cancer	NA	NA	NA	NA	-1.43346138681809	NA	NA	1.59890246120592	-1.56927238409133	1.61776462179331	1.3349593782487	1.5505804394901	NA	-1.56629259572572	NA	NA	NA	NA	NA	NA	NA	-1.70845392044142	NA	-1.40854979401397	1.5183088854213	-1.35004646507438	NA	1.67168725717747	NA	NA	1.50330651343388	-1.52011155715702	-1.43472786760192	NA	1.88448176827881	NA	-1.83908953169499	1.43822455371763	NA	1.97009838054362	NA	1.68321680866532	NA	1.75065474739871	NA	NA	1.70117858831286	1.4247828611833	1.77763707206624	NA	NA	NA	-1.81954842309962	NA	NA	NA	-1.63953579082577
132	Mineral absorption	NA	NA	NA	NA	NA	NA	NA	NA	NA	NA	NA	NA	NA	NA	NA	NA	NA	NA	NA	NA	NA	-1.56370046120782	NA	NA	1.60791797743223	NA	NA	1.56250846325422	NA	NA	NA	NA	NA	NA	NA	NA	NA	NA	NA	NA	NA	NA	NA	NA	NA	NA	NA	NA	NA	NA	NA	NA	NA	NA	NA	NA	NA
133	Mismatch repair	NA	NA	NA	NA	NA	NA	NA	NA	NA	NA	NA	NA	NA	NA	NA	NA	NA	NA	NA	NA	NA	NA	NA	NA	NA	NA	NA	NA	NA	NA	NA	NA	NA	NA	NA	NA	NA	NA	NA	NA	NA	NA	NA	NA	NA	NA	NA	NA	NA	NA	NA	NA	NA	-1.85550496829187	NA	NA	NA
134	Mitophagy	NA	NA	NA	NA	NA	NA	NA	NA	NA	NA	NA	NA	NA	NA	NA	NA	NA	NA	NA	NA	NA	NA	NA	-1.65781805113545	NA	NA	NA	NA	NA	NA	NA	NA	NA	NA	NA	NA	NA	NA	NA	1.43972058238911	NA	NA	NA	NA	NA	NA	NA	NA	NA	NA	NA	NA	NA	NA	NA	NA	NA
135	Morphine addiction	NA	NA	NA	NA	NA	1.55575483129902	NA	NA	NA	NA	1.50917711501908	NA	NA	NA	-1.50512704139161	NA	NA	NA	NA	-1.52141929393654	NA	NA	NA	NA	NA	NA	NA	NA	NA	NA	NA	NA	NA	NA	NA	NA	NA	NA	NA	NA	NA	-1.43489776689788	NA	NA	NA	NA	NA	NA	NA	NA	NA	NA	NA	NA	NA	NA	NA
136	mTOR signaling pathway	NA	NA	NA	NA	NA	NA	1.38491666232059	NA	NA	NA	NA	1.44550462866679	NA	NA	NA	NA	NA	NA	NA	NA	NA	NA	NA	NA	NA	NA	NA	NA	NA	NA	NA	NA	NA	NA	NA	NA	NA	NA	NA	NA	NA	NA	NA	NA	NA	NA	NA	NA	NA	NA	NA	NA	-1.4496775153193	NA	NA	NA	NA
137	N-Glycan biosynthesis	NA	NA	NA	NA	NA	NA	NA	NA	NA	NA	NA	NA	NA	NA	NA	NA	NA	NA	NA	NA	NA	NA	NA	NA	NA	NA	NA	NA	NA	NA	NA	NA	NA	NA	NA	NA	NA	NA	NA	NA	NA	NA	NA	NA	NA	NA	NA	NA	NA	NA	NA	NA	NA	-1.58358230311842	NA	NA	NA
138	Natural killer cell mediated cytotoxicity	NA	NA	NA	NA	-1.32799305597033	NA	2.26173284583519	2.12315227353655	-2.0711408570706	NA	1.67021346677119	NA	NA	-1.54643432356247	NA	2.01467552363869	-2.0844410697384	1.5338056008558	1.52459358053557	NA	NA	-1.46983054707556	1.67779105580681	NA	1.86636063076498	NA	NA	NA	-1.51989606610908	-1.64830817977155	NA	-1.50788952246328	-1.40440302787099	NA	2.15070474559228	-1.53183919002886	-1.71346581895941	1.99473634096192	NA	1.90963919098	-1.48014747430039	NA	-1.37711352740195	NA	NA	NA	NA	1.50259565357535	NA	1.61514386650569	NA	NA	NA	1.88566123184982	NA	-1.53001240465011	NA
139	Necroptosis	NA	NA	NA	NA	-1.30254338024219	NA	NA	1.52734536245167	-1.95489882751959	NA	1.73663233481166	NA	NA	-1.41967435051815	NA	NA	-1.43213732176673	NA	NA	NA	NA	-1.45352696455277	1.60907909297356	NA	1.68629461151168	NA	NA	1.37384914108501	NA	NA	NA	-1.55416363177707	-1.39952415888147	NA	1.74346782648933	NA	-1.5833033932845	1.85853076565072	NA	1.90364769982499	NA	NA	NA	1.52108013427617	NA	NA	NA	1.59662556631811	NA	1.41099665873177	NA	NA	NA	1.51037740307552	NA	NA	NA
140	Neuroactive ligand-receptor interaction	NA	NA	NA	NA	-1.2721417209987	2.04113820576816	1.59727019083864	1.27012629660867	-1.44469102869613	1.45065410055843	1.39968343124633	NA	NA	-1.43852171390176	NA	NA	NA	NA	NA	-1.36089962035135	-1.3845604915967	-1.47124034084315	NA	NA	1.51337265182333	NA	NA	1.56327611133349	-1.33118954604264	NA	NA	-1.40936582489462	-1.40954631131504	1.41832316456882	1.59310808392992	NA	-1.67722559573652	1.42617479476273	NA	NA	NA	NA	-1.51542411739696	1.35848383033892	NA	-1.41992233168048	1.42761889947301	1.51972493956933	NA	1.45500488203968	-1.30218349738436	NA	NA	NA	-1.41172345162857	NA	NA
141	Neurotrophin signaling pathway	NA	NA	NA	NA	NA	NA	NA	NA	NA	NA	NA	NA	NA	NA	NA	NA	NA	NA	NA	NA	NA	NA	NA	NA	NA	NA	NA	NA	NA	NA	NA	NA	NA	NA	NA	NA	NA	NA	NA	1.48235274386336	NA	NA	NA	NA	NA	NA	NA	NA	NA	NA	NA	NA	-1.41598220575827	NA	NA	NA	NA
142	NF-kappa B signaling pathway	NA	NA	-1.90032324638982	NA	-1.95604358324543	1.50135219579632	1.83672247381306	2.24852792779319	-2.38947936922566	1.77869749641404	1.98945871866966	NA	1.58767133859826	-1.90938710361548	-1.46079243079217	NA	NA	NA	NA	NA	NA	-2.0542997865345	1.87243433873656	NA	2.07141230400001	NA	NA	1.57242532169822	-1.59257499177003	-1.48082526102333	NA	-1.99799110721725	-1.83661954332329	1.52072600291662	2.14759191081025	-1.61772392596012	-2.14846519939475	2.24581572980005	NA	2.38254996024042	-1.83670364429471	NA	-1.69392987678712	1.86663166434248	NA	NA	NA	1.73886586814492	1.47367974410649	1.96185276025518	NA	NA	NA	1.95204318225191	-1.53715340162834	-1.8516267407922	NA
143	Nicotine addiction	NA	NA	NA	NA	NA	1.64408008398618	1.42001947280263	NA	NA	NA	1.58820078369408	NA	NA	NA	NA	NA	NA	NA	NA	NA	NA	NA	NA	NA	NA	NA	NA	NA	NA	NA	NA	NA	NA	NA	NA	NA	NA	NA	NA	-1.65706854003276	NA	NA	NA	NA	NA	NA	NA	NA	NA	NA	NA	NA	NA	NA	NA	NA	NA
144	NOD-like receptor signaling pathway	NA	1.49985199519975	-1.53815013946774	NA	-1.79201554177695	1.56766177940459	1.3182843520116	2.12252151500558	-2.29029915137141	NA	1.9385159696705	NA	1.54420046163306	-1.84387869277113	-1.3721215501682	NA	-1.35958979667593	NA	NA	NA	NA	-1.86715566330892	1.84249678437216	NA	2.13888559248151	1.48491407676864	1.69058526745516	1.4811479614506	-1.46699622980424	-1.6991484887191	NA	-1.9612310798472	-1.56469896031116	1.8482494523837	1.94029351439726	-1.67226451467891	-1.98344033370748	2.1891991432441	NA	2.02348581275724	-1.94730502346986	NA	-1.59465909015147	1.78758934072512	NA	-1.41185876664885	NA	1.86589279132515	NA	1.82363954199333	NA	NA	NA	1.65628157087643	-1.69657984287816	-1.55459482397588	NA
145	Non-alcoholic fatty liver disease (NAFLD)	NA	NA	NA	NA	-1.86679660170231	NA	NA	1.66141852279154	-1.53554187749806	1.73763501456686	NA	NA	NA	NA	NA	NA	NA	NA	NA	NA	NA	-1.29946274902091	NA	-1.54659891630044	1.80634872243076	NA	NA	NA	NA	NA	NA	-1.4390469564796	-1.37079557886092	NA	NA	NA	-1.42204570754352	1.31834936496474	NA	1.66114165253914	NA	NA	NA	1.54250179544337	NA	-1.50570484633362	NA	NA	NA	1.53281135393012	NA	NA	NA	NA	NA	NA	NA
146	Non-small cell lung cancer	NA	NA	NA	NA	NA	NA	1.40033167800106	NA	NA	NA	NA	NA	NA	NA	NA	NA	NA	NA	NA	NA	NA	NA	NA	NA	NA	NA	NA	NA	NA	NA	NA	-1.41580426066373	NA	NA	NA	NA	NA	NA	NA	1.43992359060563	NA	NA	NA	NA	NA	NA	NA	NA	NA	NA	NA	NA	-1.4619481874195	NA	NA	NA	NA
147	Notch signaling pathway	NA	NA	NA	NA	NA	NA	NA	NA	NA	NA	NA	NA	NA	NA	NA	NA	NA	NA	NA	NA	NA	NA	NA	NA	NA	NA	NA	NA	NA	NA	NA	NA	-1.44790746951071	NA	NA	NA	NA	NA	NA	NA	NA	NA	NA	NA	NA	NA	NA	NA	NA	NA	NA	NA	NA	NA	NA	NA	NA
148	Nucleotide excision repair	NA	NA	NA	NA	NA	NA	NA	NA	NA	NA	NA	NA	NA	NA	NA	NA	NA	NA	NA	NA	NA	NA	-1.50098037144208	NA	NA	NA	NA	NA	NA	NA	NA	NA	NA	NA	NA	NA	NA	NA	NA	NA	NA	NA	NA	NA	NA	NA	NA	NA	NA	NA	NA	NA	NA	NA	NA	NA	NA
149	Olfactory transduction	NA	NA	NA	NA	NA	2.04698257645748	1.42450411375639	NA	NA	NA	1.47713397134674	NA	NA	NA	NA	NA	-1.65485172168713	NA	NA	-1.60401955989087	NA	NA	NA	NA	NA	NA	NA	NA	NA	NA	NA	1.38364066101898	NA	NA	NA	NA	NA	NA	NA	-1.78420065439768	NA	-1.54184010986053	NA	NA	1.46391146091766	NA	NA	1.45224129711066	NA	1.74295558606426	NA	NA	NA	NA	NA	NA	NA
150	Oocyte meiosis	NA	NA	NA	NA	NA	NA	NA	NA	NA	NA	NA	NA	NA	NA	NA	NA	NA	NA	NA	NA	NA	NA	NA	NA	NA	NA	NA	1.4518296162763	NA	NA	NA	NA	NA	NA	NA	NA	-1.3997323241174	NA	NA	NA	NA	NA	NA	NA	NA	NA	NA	NA	NA	NA	NA	NA	NA	NA	NA	NA	NA
151	Osteoclast differentiation	-1.54478041379717	2.07581546691125	-2.05243722671176	NA	-2.0931202336299	1.6843598485554	1.96317581186753	2.24357434141311	-2.34614947839449	1.88519374840225	2.04623590990703	1.41569727291373	1.67388072296867	-2.17319391879546	-1.54470941095408	NA	-1.48785310269709	1.55783937347694	NA	-1.44072815801943	NA	-2.3437505793989	2.19777930956177	NA	2.41587974050875	1.64347149895841	NA	1.68706112111783	-1.67891073653539	-1.73985039201157	1.53235170122718	-2.2876551115801	-1.75529967071629	1.9476493314552	2.18047917542957	-1.8253293887725	-2.17895550542245	2.14400881236947	NA	2.63349865899252	-2.12123034501926	NA	-1.93184081963526	2.01569575909759	NA	-1.90909604685643	1.55541715576816	1.90933387511998	NA	2.08755203213661	-1.69576969927036	-1.47565717715903	-1.55592786511971	1.98145236401162	-1.82026673864432	-1.94035656960537	NA
152	Ovarian steroidogenesis	NA	NA	NA	NA	NA	NA	NA	NA	NA	NA	NA	NA	NA	NA	NA	NA	NA	NA	NA	NA	NA	NA	NA	NA	NA	NA	NA	NA	NA	NA	NA	NA	NA	NA	NA	-1.62883328320993	NA	NA	NA	NA	NA	NA	NA	NA	NA	NA	NA	NA	NA	NA	NA	NA	NA	NA	NA	NA	NA
153	Oxidative phosphorylation	NA	-1.63133364821469	NA	NA	-1.94573906348796	NA	NA	NA	NA	NA	NA	NA	-2.03566195524227	NA	NA	NA	NA	NA	NA	NA	NA	NA	NA	-1.54591574666283	NA	-1.73156523262924	NA	NA	NA	NA	NA	NA	NA	NA	NA	NA	NA	NA	NA	NA	NA	NA	NA	NA	NA	NA	NA	NA	NA	NA	NA	NA	NA	-1.5290230247214	NA	NA	NA
154	p53 signaling pathway	NA	NA	NA	NA	-1.67115935091321	NA	NA	NA	-1.48882366344564	NA	NA	NA	NA	NA	NA	NA	NA	NA	NA	NA	NA	-1.43783900815565	NA	NA	1.44051403289851	-1.6383111776952	NA	1.61114542888459	NA	NA	NA	NA	NA	1.53318270743313	1.39322148162086	NA	-1.70767350238083	NA	NA	1.34775327917983	NA	NA	NA	NA	NA	NA	NA	NA	NA	NA	NA	NA	-1.40983416807909	NA	NA	NA	NA
155	Pancreatic cancer	NA	NA	NA	NA	NA	NA	NA	NA	NA	NA	NA	NA	NA	-1.50288360181959	NA	NA	NA	NA	NA	NA	NA	-1.5290549865867	NA	NA	1.46682317555458	NA	NA	NA	NA	NA	NA	-1.41133637648406	NA	NA	1.56299132528455	NA	-1.43466193209418	NA	NA	1.8253455482288	NA	NA	NA	1.48989296463386	NA	NA	NA	NA	NA	NA	NA	NA	-1.42855913116138	NA	NA	NA	NA
156	Pancreatic secretion	NA	NA	NA	NA	NA	1.80316983222268	NA	NA	NA	NA	NA	1.47661374610281	NA	-1.32143100455438	NA	NA	NA	NA	NA	NA	NA	NA	NA	NA	NA	NA	NA	NA	NA	NA	NA	NA	NA	NA	1.32344607719291	NA	NA	NA	NA	NA	NA	NA	NA	NA	NA	NA	NA	NA	NA	NA	NA	NA	NA	NA	NA	NA	-1.58871363248734
157	Pantothenate and CoA biosynthesis	NA	NA	NA	NA	NA	NA	NA	NA	NA	NA	NA	NA	NA	NA	NA	NA	NA	NA	NA	NA	NA	NA	NA	NA	NA	NA	NA	NA	NA	NA	NA	NA	NA	NA	NA	NA	NA	NA	NA	NA	NA	NA	NA	NA	NA	NA	NA	1.59514224357049	NA	NA	NA	NA	NA	NA	NA	NA	NA
158	Parathyroid hormone synthesis, secretion and action	NA	NA	NA	NA	NA	1.47783799707776	NA	1.42715463109322	-1.63665674857182	NA	NA	1.43195161801969	NA	-1.40253871223262	NA	NA	NA	NA	NA	-1.55835876603766	NA	-1.47665076082868	NA	NA	1.60831674376352	NA	NA	NA	NA	NA	NA	-1.44093896305078	NA	NA	1.43128262658212	NA	-1.4954410957958	1.51112814678145	NA	1.34643046321488	NA	NA	NA	NA	NA	NA	NA	NA	NA	NA	NA	NA	-1.4543193781527	NA	NA	NA	NA
159	Parkinson disease	NA	-1.60456430195108	NA	NA	-1.55467001844098	NA	NA	NA	NA	NA	NA	NA	NA	NA	NA	NA	NA	NA	NA	NA	NA	NA	NA	NA	NA	NA	NA	NA	NA	NA	NA	NA	NA	NA	NA	NA	NA	NA	NA	NA	NA	NA	NA	NA	NA	NA	NA	NA	NA	NA	NA	NA	NA	NA	NA	NA	NA
160	Pathogenic Escherichia coli infection	NA	NA	NA	NA	-1.63625890521412	NA	NA	NA	-1.60006006533707	NA	NA	NA	NA	NA	NA	NA	NA	NA	NA	NA	NA	NA	NA	NA	1.4701102463898	NA	NA	NA	NA	NA	NA	NA	-1.62600938721387	NA	NA	NA	NA	NA	NA	NA	NA	NA	NA	NA	NA	NA	NA	NA	NA	NA	NA	NA	NA	NA	NA	NA	NA
161	Pathways in cancer	NA	NA	NA	NA	-1.36633927246287	1.24703878197541	1.15334328520271	1.33550835745506	-1.43147460211835	NA	1.38728255377378	1.28277706755454	NA	-1.49943963851528	-1.28752092883931	NA	NA	NA	NA	NA	NA	-1.45976277503461	NA	NA	1.32045344769177	NA	NA	1.62550847701974	-1.27535276390334	NA	1.36503685392798	-1.29388441514609	-1.53248574713182	1.3278750155338	1.67737615632665	NA	-1.61034179586194	1.26554916512282	NA	1.54146755991684	NA	1.33791937591347	NA	NA	NA	NA	NA	1.26886069332105	1.47084700746912	NA	NA	NA	-1.59918756462612	NA	NA	NA	-1.30989945607101
162	Pentose and glucuronate interconversions	NA	NA	NA	NA	NA	NA	NA	NA	NA	NA	NA	NA	NA	NA	NA	NA	NA	NA	NA	NA	NA	NA	NA	NA	NA	NA	NA	NA	NA	NA	NA	NA	NA	NA	NA	NA	NA	-2.02010990178542	NA	NA	NA	NA	NA	NA	NA	NA	NA	NA	NA	NA	NA	NA	NA	NA	NA	NA	NA
163	Peroxisome	NA	NA	NA	NA	NA	NA	NA	NA	NA	NA	NA	NA	NA	1.56364060462098	NA	NA	NA	NA	NA	NA	NA	NA	NA	NA	NA	NA	NA	NA	NA	NA	NA	1.34314092024073	NA	NA	NA	NA	1.41300577320969	NA	NA	-1.51617196666444	NA	NA	NA	NA	NA	NA	NA	NA	NA	NA	NA	NA	NA	NA	NA	NA	NA
164	Pertussis	NA	NA	-1.62551626050854	NA	-1.90419450606708	NA	NA	2.22686229942613	-2.17029720868473	NA	2.12616694721401	NA	NA	-1.69106343006076	NA	1.44558320240726	NA	NA	NA	NA	NA	-2.03166706926014	1.53963296351003	NA	2.08922534413221	NA	NA	NA	-1.66281832447099	NA	NA	-1.74487258389093	NA	1.54451792586089	1.86076487466524	NA	-1.92027005522806	1.84860337138421	NA	2.30614666729817	-1.68076876246587	NA	NA	1.77588534368003	NA	NA	NA	1.85148441175028	NA	1.92761005313589	-1.66708193957377	NA	NA	1.81548978401539	-1.66187241116613	-1.53171929061089	NA
165	Phagosome	-1.4488060505303	NA	NA	NA	-1.69198929501355	NA	1.65409345246699	1.45271139663163	-1.84498746807265	NA	1.76527533208141	NA	NA	-1.53198148669549	NA	1.52941266879079	NA	NA	NA	NA	NA	-1.82265764702929	1.80589274225517	NA	1.99010294246052	NA	NA	NA	-1.53261474000183	NA	NA	-1.62639360913309	NA	1.60801549383099	1.75764821693815	NA	-1.63648286623864	1.82603885405733	NA	1.99612875687287	-1.51033462072534	NA	-1.76526582981518	NA	NA	-1.45195396704759	NA	1.8144639108352	NA	1.65419193476259	NA	NA	NA	1.51502671375288	-1.47186899571505	-1.78555376754537	NA
166	Phospholipase D signaling pathway	NA	NA	NA	NA	NA	1.35091181799111	NA	NA	NA	NA	NA	NA	NA	NA	NA	NA	NA	NA	NA	NA	NA	NA	NA	NA	1.30096755545543	NA	NA	NA	-1.32063542312432	NA	NA	NA	NA	NA	NA	NA	NA	NA	NA	NA	NA	NA	NA	NA	NA	NA	NA	NA	NA	NA	NA	NA	NA	1.37550400166796	NA	NA	NA
167	Phototransduction	NA	NA	NA	NA	NA	NA	NA	NA	NA	NA	NA	NA	NA	NA	NA	NA	NA	NA	NA	NA	NA	NA	NA	NA	NA	NA	NA	NA	NA	NA	NA	NA	NA	NA	NA	1.75000821866163	NA	NA	NA	NA	NA	NA	NA	NA	NA	NA	NA	NA	NA	NA	NA	NA	NA	NA	NA	NA	NA
168	PI3K-Akt signaling pathway	NA	NA	NA	NA	-1.59169798238219	1.55055869346577	NA	1.36702863897566	-1.5058436975078	1.63030866576327	1.37811411191405	1.60312565724913	NA	-1.59152718575226	-1.31470701314124	NA	NA	NA	NA	-1.34103582514493	NA	-1.62546154782726	NA	NA	1.3573110013142	-1.38718839869291	NA	1.61471967462645	-1.44419259764157	NA	1.59608297944362	-1.64385083268922	-1.69398530869264	1.44994917404395	1.86152729811499	NA	-1.72237984536615	1.42711076262967	NA	1.79322605807291	NA	1.40932312823421	-1.47684939184418	1.42127393150856	NA	NA	NA	1.44990654335798	1.74444469366181	NA	-1.43992705201586	-1.35317719679825	-1.72255873887757	NA	NA	NA	-1.56000393755777
169	Platelet activation	NA	NA	NA	NA	-1.45861030734313	1.42102841326912	NA	NA	NA	NA	1.56562858928881	1.43773347996868	NA	-1.47892951297856	NA	NA	NA	NA	NA	-1.50441162261396	NA	-1.55896264944181	NA	NA	1.44778563894641	NA	NA	1.3969247763249	-1.54302178001194	NA	NA	NA	-1.86592320219539	NA	NA	NA	-1.89789820940219	NA	NA	1.49621230718517	NA	NA	-1.39287409452669	NA	NA	NA	NA	1.49182713019878	NA	NA	-1.60565660209232	NA	NA	1.42514604456402	NA	NA	NA
170	Porphyrin and chlorophyll metabolism	NA	NA	NA	NA	NA	NA	NA	-1.55257273249334	NA	NA	NA	NA	NA	NA	NA	NA	NA	NA	NA	NA	NA	NA	NA	NA	NA	NA	NA	NA	NA	NA	NA	NA	NA	NA	NA	NA	NA	-1.97634418821081	NA	-1.43042620669993	NA	NA	NA	NA	NA	NA	NA	NA	NA	NA	NA	NA	NA	NA	NA	NA	NA
171	Primary immunodeficiency	NA	NA	NA	NA	NA	NA	1.8330956111802	1.90750251200442	-2.15645190450555	NA	1.60784755136443	-1.5455382252337	NA	NA	NA	1.84430883772486	-1.86572650368967	NA	NA	NA	NA	NA	NA	NA	NA	NA	NA	NA	NA	NA	NA	NA	NA	NA	2.20831048841824	NA	-1.5229882543277	1.84050955252866	NA	1.65736927153404	-1.73736708604573	-1.81978396188655	NA	NA	NA	NA	NA	NA	NA	NA	NA	NA	NA	1.74892928831016	NA	NA	1.69069977691764
172	Prion diseases	NA	NA	NA	NA	NA	1.65587296986885	NA	1.71177518487828	-1.64497193593074	NA	1.59021070641108	NA	1.76540515260785	NA	NA	NA	NA	NA	NA	NA	NA	-1.51147358601763	NA	NA	NA	NA	NA	NA	NA	NA	NA	NA	NA	NA	1.61835311814745	NA	-1.46395876943245	1.57686467077949	NA	1.52813303224284	NA	NA	NA	NA	NA	NA	NA	NA	NA	1.88671708702936	-1.52698824721639	NA	NA	1.64767140473789	NA	-1.6838124916527	NA
173	Progesterone-mediated oocyte maturation	NA	NA	NA	NA	NA	NA	NA	NA	NA	NA	NA	NA	NA	NA	NA	1.48837877223741	NA	NA	NA	NA	NA	NA	NA	NA	NA	NA	NA	NA	NA	NA	NA	NA	NA	NA	NA	NA	NA	NA	NA	NA	NA	NA	NA	NA	NA	NA	NA	NA	NA	NA	NA	NA	NA	NA	NA	NA	NA
174	Prolactin signaling pathway	NA	NA	NA	NA	NA	NA	NA	1.53940364410052	-1.53794711644464	NA	NA	NA	NA	-1.5714733341932	NA	NA	NA	NA	NA	NA	NA	-1.55567851429115	NA	NA	1.39024504120348	NA	NA	NA	NA	NA	NA	-1.41333250521778	NA	NA	1.62227022727029	NA	NA	1.41894304219992	NA	1.47916434758535	NA	NA	NA	NA	NA	NA	NA	NA	NA	NA	NA	NA	NA	NA	NA	NA	NA
175	Prostate cancer	NA	NA	NA	NA	NA	NA	NA	NA	-1.43761208991389	NA	NA	1.48396415223302	NA	-1.51819740711113	NA	NA	NA	NA	NA	NA	NA	-1.59214853596011	NA	NA	1.48750713472374	-1.57330354473562	NA	1.48414903235429	NA	NA	NA	-1.59498150329867	NA	1.54099163294296	1.59567967742284	NA	-1.43217880087619	NA	NA	1.51239110646474	NA	NA	NA	NA	NA	NA	NA	NA	1.55235624350514	NA	NA	NA	-1.62511885348644	NA	NA	NA	NA
176	Proteasome	-1.67197428882981	NA	NA	NA	-1.68042251812261	NA	1.54298507155113	NA	-1.88249407065224	NA	NA	NA	NA	NA	NA	NA	NA	NA	NA	NA	NA	NA	NA	NA	1.70804599023993	NA	NA	NA	NA	NA	NA	-1.5331552512691	NA	NA	1.71268288475133	-1.85546153842044	NA	1.63973217615473	NA	NA	NA	NA	NA	NA	NA	NA	NA	NA	NA	NA	NA	NA	NA	NA	NA	NA	1.69776047774437
177	Protein digestion and absorption	-1.53805025131404	NA	NA	NA	-1.66010067834535	2.02089249627013	NA	NA	NA	1.68929013256184	1.44666371651351	1.9662083146043	NA	-1.81600720046906	NA	NA	1.56277084987927	1.65537687058498	1.6989600505027	-1.70280200475235	-1.76902840962031	-1.91417920745031	NA	NA	NA	-2.0448931022872	NA	2.0251266186375	-1.69052788275276	NA	1.75922821171411	-1.56079638291009	-1.81835380319846	NA	1.77523932899225	NA	-1.88736569200465	NA	1.62185562198295	1.61425809402753	NA	NA	NA	1.65121846360507	NA	NA	1.6790587819806	1.56583512942273	1.55856407832684	NA	-2.07776196219494	-1.55110770461759	-2.08330848406484	NA	NA	NA	-1.57364096590426
178	Protein export	NA	NA	NA	NA	NA	-1.53272355218861	NA	NA	NA	NA	NA	NA	NA	NA	NA	NA	NA	NA	NA	NA	NA	NA	NA	NA	NA	NA	NA	NA	NA	NA	NA	-1.54816022582938	NA	NA	NA	NA	NA	NA	NA	NA	NA	NA	NA	NA	NA	NA	NA	NA	NA	NA	NA	NA	NA	NA	NA	NA	NA
179	Protein processing in endoplasmic reticulum	NA	NA	NA	NA	NA	NA	NA	NA	NA	NA	NA	NA	NA	NA	NA	NA	NA	NA	NA	NA	NA	NA	NA	NA	NA	NA	NA	NA	NA	NA	NA	NA	NA	NA	NA	NA	NA	1.45225915632481	NA	NA	NA	NA	NA	NA	NA	NA	NA	NA	NA	NA	NA	NA	NA	NA	NA	NA	NA
180	Proteoglycans in cancer	NA	NA	NA	NA	-1.38875874028298	1.59694220750468	NA	NA	-1.5988098153964	1.38731537049184	NA	1.73447786813715	NA	-1.44852083562293	NA	NA	NA	NA	NA	NA	NA	-1.64612404444595	NA	-1.41339492007506	1.38187097492069	-1.35077030273123	NA	1.64924326729901	-1.33763756882968	NA	1.59767672455069	-1.41462164517984	-1.50201103767867	1.39174929382947	1.78045557656854	NA	-1.65443352352078	NA	NA	2.00522196417149	NA	1.50630936518219	-1.4409835272875	1.40646779374496	NA	NA	1.40220148688604	NA	1.6363723219635	NA	-1.3912522971571	NA	-1.95465085605154	NA	NA	NA	-1.48857427561588
181	Proximal tubule bicarbonate reclamation	NA	NA	NA	NA	NA	NA	NA	NA	NA	NA	NA	NA	NA	-1.78945739152994	NA	NA	NA	NA	NA	NA	NA	-1.52336984885426	NA	NA	NA	NA	NA	1.74913518081417	NA	NA	NA	NA	NA	NA	NA	NA	NA	NA	NA	NA	NA	NA	NA	NA	NA	NA	NA	NA	NA	NA	NA	NA	NA	NA	NA	NA	NA
182	Purine metabolism	NA	NA	NA	NA	NA	NA	NA	NA	NA	NA	NA	NA	NA	NA	NA	NA	NA	NA	NA	NA	NA	NA	NA	NA	NA	NA	1.50495607032015	NA	NA	NA	NA	NA	NA	NA	NA	NA	NA	NA	NA	NA	NA	NA	NA	NA	NA	NA	NA	NA	NA	NA	NA	NA	NA	NA	NA	NA	NA
183	Pyrimidine metabolism	NA	NA	NA	NA	NA	NA	NA	NA	NA	NA	1.47219279420711	NA	NA	NA	NA	NA	NA	NA	NA	NA	NA	NA	NA	NA	NA	NA	1.67228758716853	NA	NA	NA	NA	NA	NA	NA	NA	NA	NA	NA	NA	NA	NA	NA	NA	NA	NA	NA	NA	NA	NA	NA	NA	NA	NA	NA	NA	NA	NA
184	Rap1 signaling pathway	NA	NA	NA	NA	-1.36131063300739	1.38227907871821	NA	NA	NA	NA	NA	1.31658975893973	NA	-1.37870293702594	NA	NA	NA	NA	NA	-1.41065494094095	NA	-1.64621343109208	1.35041304338994	NA	1.48016366781456	NA	NA	1.56583674021148	-1.33107653159451	NA	NA	-1.30902453116735	-1.48452297657655	NA	1.55690421378332	NA	-1.63365411212188	1.35216186818822	NA	1.61390864808021	NA	NA	NA	1.31208750072335	NA	NA	NA	1.36668064650059	1.3374634206146	NA	-1.37050042149936	NA	-1.77722549285283	1.34896230523622	NA	NA	-1.62730786109116
185	Ras signaling pathway	NA	NA	NA	NA	-1.44473847608695	1.59925039203571	NA	NA	NA	1.50904807381556	NA	1.32955154792964	NA	-1.44636656484472	NA	NA	NA	NA	NA	NA	NA	-1.48145044119004	1.30902422749697	-1.60969751466313	1.39324858398909	NA	NA	1.58031685338857	NA	NA	NA	-1.23536333266036	-1.48177093488895	NA	1.60091957129136	NA	-1.44218486333993	1.32181875217414	NA	1.76223505718659	1.46221038476724	NA	NA	1.21948119507785	NA	NA	NA	NA	1.46496131137853	NA	-1.45881791456019	NA	-1.64875444471865	NA	NA	NA	-1.57287311453162
186	Regulation of actin cytoskeleton	NA	NA	NA	NA	-1.31974743498454	NA	NA	NA	NA	NA	NA	1.26151221256389	NA	-1.25158989025354	NA	NA	NA	NA	NA	NA	NA	-1.60176827528422	NA	NA	1.27285798206787	NA	NA	1.38742303804697	NA	NA	NA	-1.34235632387014	-1.32405214281082	1.31835208106676	1.27380275167412	NA	-1.53654668960891	NA	NA	1.35198825724136	NA	NA	NA	NA	NA	NA	NA	NA	NA	NA	-1.38190244331476	NA	-1.6046229669365	NA	NA	NA	NA
187	Regulation of lipolysis in adipocytes	NA	NA	NA	NA	NA	1.45169495314652	NA	NA	NA	NA	NA	NA	NA	NA	NA	NA	NA	NA	NA	NA	NA	NA	NA	NA	NA	NA	NA	NA	NA	NA	NA	NA	NA	NA	NA	NA	NA	NA	NA	NA	NA	NA	NA	NA	NA	NA	NA	NA	NA	NA	NA	NA	NA	NA	NA	NA	NA
188	Relaxin signaling pathway	-1.58899335157251	NA	NA	NA	NA	1.57115539836845	NA	NA	NA	NA	NA	1.55520753946293	NA	-1.43558007829731	NA	NA	NA	NA	NA	NA	NA	-1.52797139860738	NA	NA	1.33251856590365	-1.53168816492069	NA	NA	NA	NA	NA	-1.43719348433	NA	NA	1.48423036722761	NA	-1.54653820786387	NA	NA	1.53159044285974	NA	NA	NA	NA	NA	NA	NA	NA	NA	NA	NA	NA	-1.52095487797566	NA	NA	NA	NA
189	Renal cell carcinoma	NA	NA	NA	NA	NA	NA	NA	NA	NA	1.6310403021348	NA	NA	NA	NA	NA	NA	NA	NA	NA	NA	NA	NA	NA	NA	NA	NA	NA	NA	NA	NA	NA	-1.45150115444888	NA	NA	1.85831896372147	NA	-1.45794270359163	NA	NA	1.82853149086066	NA	NA	NA	1.53195132811981	NA	NA	NA	NA	NA	NA	NA	NA	NA	NA	NA	NA	NA
190	Renin secretion	NA	NA	NA	NA	NA	1.52633958607581	NA	NA	NA	NA	1.7199946189253	NA	NA	-1.45660017140384	NA	NA	NA	NA	NA	-1.63422679445233	NA	NA	NA	NA	NA	NA	NA	1.50041654711814	NA	NA	NA	NA	NA	NA	NA	NA	-1.47171804149667	NA	NA	NA	NA	NA	NA	NA	NA	NA	NA	NA	NA	NA	NA	NA	NA	NA	NA	NA	-1.50920746272852
191	Renin-angiotensin system	NA	NA	NA	NA	-1.60435587321177	1.55006450005234	NA	NA	NA	1.6758500493792	NA	NA	NA	-1.88777070121718	NA	NA	NA	NA	NA	NA	NA	-1.83212397112634	1.65246275331151	NA	1.63089720294101	NA	NA	1.74757229278473	-1.74263840399631	NA	NA	-1.58898074746369	-1.630381143734	NA	NA	NA	NA	NA	NA	NA	NA	NA	NA	NA	NA	NA	NA	1.62717144022077	NA	NA	NA	NA	NA	NA	NA	NA	NA
192	Retinol metabolism	NA	NA	NA	NA	NA	NA	NA	-1.55965937306694	1.6275913910223	NA	NA	NA	NA	NA	NA	NA	NA	NA	NA	NA	NA	NA	NA	NA	NA	NA	NA	NA	NA	NA	NA	NA	1.43979792116436	NA	-1.50528211068455	NA	NA	-1.98351290308961	NA	-1.51252757620792	NA	NA	NA	NA	NA	NA	NA	NA	NA	NA	NA	NA	NA	NA	NA	NA	NA
193	Retrograde endocannabinoid signaling	NA	NA	NA	NA	NA	1.45398341983324	NA	NA	NA	NA	NA	NA	NA	NA	NA	NA	NA	NA	NA	NA	NA	NA	NA	NA	NA	NA	NA	NA	NA	NA	NA	NA	NA	NA	NA	NA	NA	NA	NA	NA	NA	NA	NA	NA	NA	NA	NA	NA	NA	NA	NA	NA	NA	NA	NA	NA	NA
194	Rheumatoid arthritis	-1.51407390123178	1.67982232022867	-1.82852972260796	NA	-2.02408801736005	NA	1.82441534400388	2.28144203121216	-2.22268099993985	1.54299943314474	2.04063303164198	NA	1.61233255850786	-1.86198789928583	-1.56699071091453	1.76114433975486	NA	NA	NA	NA	NA	-2.02898378337792	1.7485881474529	NA	2.10718145086089	NA	NA	1.51029410939704	-1.84030648560998	NA	NA	-2.05701139762236	-1.86641642669008	1.55108211376666	2.10955419595992	-1.64179310221858	-2.07720667583733	2.22016567617403	NA	2.43175500954095	-1.80251745355842	-1.50563033387425	-1.7931056897187	1.82990499472296	NA	NA	NA	1.95026291646005	NA	2.14295619229583	NA	-1.81507954572297	NA	1.82643461288146	-1.81256156613242	-1.89650599754868	NA
195	Ribosome	NA	-1.83179796774004	NA	NA	-2.4758363781076	NA	NA	-1.92101411107814	-1.51464019714918	2.03865231327022	1.68925938831964	NA	-1.64986265894236	-1.35819539359986	-1.44669973958304	NA	NA	NA	NA	NA	-1.54486549990715	NA	-1.46203993693889	-1.98316224459736	2.0405527919262	-1.99545903622428	1.67078005373699	1.95482143939593	NA	NA	1.54252611762255	NA	-2.20749734198708	NA	NA	-1.80753689304095	-1.87338070138487	NA	NA	-1.47488348189595	NA	1.56870238436921	-1.6065398501946	1.59411961183021	NA	NA	-1.78250697239804	NA	NA	-1.9522374126694	NA	NA	-2.14136047679609	-2.11226996027066	NA	NA	NA
196	Ribosome biogenesis in eukaryotes	NA	-1.50646190033039	NA	NA	-1.56525696789426	NA	NA	NA	NA	NA	NA	NA	NA	NA	NA	NA	NA	NA	NA	NA	NA	NA	NA	NA	NA	NA	NA	NA	NA	NA	NA	NA	NA	NA	NA	-1.76490661063397	NA	NA	NA	NA	NA	NA	NA	NA	NA	NA	NA	NA	NA	NA	NA	NA	NA	-1.61241762833156	NA	NA	NA
197	RIG-I-like receptor signaling pathway	NA	NA	NA	NA	NA	NA	NA	1.70560758771782	-2.00328469368255	NA	NA	NA	NA	NA	NA	NA	NA	NA	NA	NA	NA	NA	NA	NA	NA	NA	NA	NA	NA	NA	NA	NA	NA	1.51594059260408	1.55857349708545	NA	NA	1.71056810460807	NA	NA	-1.57745194089113	NA	NA	NA	NA	NA	NA	1.53478626279396	NA	NA	NA	NA	NA	NA	NA	NA	NA
198	RNA polymerase	NA	NA	NA	NA	NA	NA	NA	NA	NA	NA	NA	NA	NA	NA	NA	NA	NA	NA	NA	NA	NA	NA	NA	NA	NA	NA	NA	NA	NA	NA	NA	NA	NA	NA	NA	NA	NA	NA	NA	NA	NA	NA	NA	NA	NA	NA	NA	NA	NA	NA	NA	NA	NA	-1.71865592665009	NA	NA	NA
199	RNA transport	NA	NA	NA	NA	-1.62363679769755	NA	NA	NA	NA	NA	NA	NA	NA	NA	NA	NA	NA	NA	NA	NA	NA	NA	NA	NA	NA	NA	NA	NA	NA	NA	NA	NA	-1.5378882290382	NA	NA	-1.62396968937879	-1.35019555562412	NA	NA	NA	NA	NA	NA	NA	NA	NA	NA	NA	NA	NA	NA	NA	NA	NA	NA	NA	NA
200	Salivary secretion	NA	NA	NA	NA	NA	1.59719252078273	NA	NA	NA	NA	NA	NA	NA	NA	NA	NA	NA	NA	NA	NA	NA	-1.39017383797705	NA	NA	NA	NA	NA	NA	-1.46516421670914	NA	NA	NA	NA	NA	NA	NA	NA	NA	NA	NA	NA	1.79212512263452	NA	NA	NA	NA	NA	NA	NA	NA	NA	NA	-1.39608228989698	NA	NA	NA	-1.9079478252061
201	Salmonella infection	NA	NA	-1.51553221098349	NA	-1.94281698220277	1.47283818561049	1.50147199519478	2.43593612635836	-2.03675307788992	NA	1.70507939717713	NA	1.81295403932647	-1.45042674672524	-1.52107287867367	NA	NA	NA	NA	NA	NA	-1.87103482621381	1.81753423068119	NA	1.95190893796443	NA	1.67691821484171	1.6248183100396	-1.68496346434597	-1.52944683217563	NA	-1.68408149951039	-1.77431476703552	1.50079012646059	1.41533048314755	-1.703007605331	-1.78318088910548	1.80655562299853	NA	1.89234960001103	-1.94252952532968	NA	-1.72870441015579	1.6008918034917	NA	NA	NA	1.73240860859818	NA	2.00327533790841	NA	-1.64400412446902	NA	1.72397127691563	NA	NA	NA
202	Serotonergic synapse	NA	NA	NA	NA	NA	1.58753852099017	NA	NA	NA	NA	NA	1.37861832708131	NA	NA	NA	NA	NA	NA	NA	NA	NA	NA	NA	NA	NA	NA	NA	1.36139093932641	NA	NA	NA	NA	NA	NA	NA	NA	-1.49349277743267	NA	NA	NA	NA	NA	NA	NA	NA	NA	NA	NA	NA	NA	NA	NA	NA	NA	NA	NA	NA
203	Shigellosis	NA	NA	NA	NA	-1.65106667793656	NA	NA	1.42535345410824	-1.57972249936705	NA	NA	NA	NA	-1.40585215293953	NA	NA	NA	NA	NA	NA	NA	-1.60399940967461	1.81079874072508	NA	1.82251588071884	NA	NA	NA	NA	NA	NA	-1.42453801981556	NA	NA	NA	NA	-1.53169614573633	1.55646231166029	NA	1.74220500443307	-1.4272376676955	NA	NA	NA	NA	NA	NA	NA	NA	NA	NA	NA	NA	NA	NA	NA	NA
204	Signaling pathways regulating pluripotency of stem cells	NA	NA	NA	NA	NA	NA	1.32757395597015	NA	NA	NA	NA	NA	NA	-1.32171139663498	NA	NA	NA	NA	NA	NA	NA	-1.47691654224046	NA	NA	NA	NA	NA	1.42416807878916	NA	NA	1.52005133851429	NA	NA	NA	1.28353840564388	NA	NA	NA	NA	1.29685994711884	NA	NA	NA	NA	NA	NA	NA	NA	1.56677517353699	NA	NA	NA	-1.74905075775331	NA	NA	NA	NA
205	Small cell lung cancer	NA	NA	NA	NA	-1.5052122912611	NA	NA	NA	-1.50351761515353	NA	NA	1.47755780592974	NA	-1.63681538315408	NA	NA	NA	NA	NA	NA	NA	-1.58285131902774	NA	NA	NA	-1.8112542660872	NA	1.7237715649361	NA	NA	1.68828154827611	-1.58139127938638	-1.48903831566526	NA	1.87922862117956	NA	-1.75056639943917	NA	NA	1.9245283910834	NA	1.77654041406544	NA	1.60782673400384	NA	NA	NA	NA	1.55540221677455	NA	NA	NA	-1.85553607676861	NA	NA	NA	-1.70009993548249
206	SNARE interactions in vesicular transport	NA	NA	NA	NA	NA	NA	NA	NA	NA	NA	NA	NA	NA	NA	NA	NA	NA	NA	NA	NA	NA	NA	NA	NA	NA	NA	NA	NA	NA	NA	NA	NA	NA	NA	NA	NA	NA	1.49371680423076	NA	NA	NA	NA	NA	NA	NA	NA	NA	NA	NA	NA	NA	NA	NA	NA	NA	NA	NA
207	Sphingolipid metabolism	NA	NA	NA	NA	NA	NA	1.60826387472676	NA	NA	NA	NA	NA	NA	NA	NA	NA	NA	NA	NA	NA	NA	NA	NA	NA	NA	NA	NA	NA	NA	NA	NA	NA	NA	NA	NA	NA	NA	NA	NA	NA	NA	NA	NA	NA	NA	NA	NA	NA	NA	NA	NA	NA	NA	NA	NA	NA	NA
208	Sphingolipid signaling pathway	NA	NA	NA	NA	-1.3074079455118	NA	1.55627985660239	NA	NA	NA	NA	1.47054927193365	NA	-1.494105653988	NA	NA	NA	NA	NA	NA	NA	-1.57395864825725	1.46896923226607	-1.54573013242914	1.45659839674185	NA	NA	NA	NA	NA	NA	NA	NA	1.45947143327247	1.49295313918562	NA	-1.47963943065608	NA	NA	1.61818802824035	NA	NA	NA	1.5643757322173	NA	NA	NA	NA	NA	NA	NA	NA	-1.60218806958881	NA	NA	NA	NA
209	Spliceosome	NA	NA	NA	NA	-1.84870114100732	NA	NA	NA	-1.52145699029173	NA	NA	NA	NA	NA	NA	NA	NA	NA	NA	NA	NA	NA	NA	NA	NA	NA	NA	NA	NA	NA	NA	NA	-1.71921180701914	NA	NA	-1.5014301631714	-1.40147998834717	NA	NA	NA	NA	NA	NA	NA	NA	NA	NA	NA	NA	NA	NA	NA	NA	NA	NA	-1.39052422527167	NA
210	Staphylococcus aureus infection	-1.64117658816961	1.67435289097743	-1.72346233951378	NA	-2.14664494164385	NA	1.76177546156121	2.16420604821307	-2.31652217233612	NA	2.10179775690459	NA	NA	-1.96019387981159	NA	1.93697013821353	-1.86156422249509	1.58456337564735	NA	NA	NA	-2.10630645636539	1.70341043886591	NA	2.33897935768637	NA	NA	1.49460530840141	-1.67559817630756	-1.60645985208891	NA	-2.062162666689	-1.53257203507458	1.68481404145428	1.99479204330369	-1.7907667213599	-2.06981056465023	2.08115279869045	NA	2.45992200032215	-1.71747334743244	NA	-1.56805671206008	1.97518823420952	NA	-1.90313600082285	NA	1.84531947141438	NA	1.96172972295474	-1.8171728406572	-1.65304888724334	NA	1.80678648113986	-1.9527446450598	-1.78134459335392	NA
211	Starch and sucrose metabolism	NA	NA	NA	NA	NA	NA	NA	NA	NA	NA	NA	1.52456658695876	NA	NA	NA	NA	NA	NA	NA	NA	NA	NA	NA	NA	NA	NA	NA	NA	NA	NA	NA	NA	NA	NA	NA	NA	NA	NA	NA	NA	NA	NA	NA	NA	NA	NA	NA	NA	NA	NA	NA	NA	NA	NA	NA	NA	NA
212	Steroid hormone biosynthesis	NA	NA	NA	NA	NA	NA	NA	NA	NA	NA	NA	NA	NA	NA	NA	NA	NA	NA	NA	NA	NA	NA	NA	NA	NA	NA	NA	NA	NA	NA	NA	NA	NA	NA	NA	-1.627544677694	NA	-1.92602029883356	NA	NA	NA	NA	NA	NA	NA	NA	NA	NA	NA	NA	NA	NA	NA	NA	NA	NA	NA
213	Systemic lupus erythematosus	NA	NA	-1.69973965406416	NA	-1.51937574762555	NA	1.94574510419395	1.97060087057985	-2.2094366975697	NA	2.08199831518171	-1.52811930160386	NA	-1.49954460870051	NA	1.68951989979811	-1.63529743731566	1.54969770412542	NA	NA	NA	-1.60458475409455	NA	NA	1.60234874154489	NA	NA	NA	-1.54659341933586	NA	NA	-1.6355057564241	NA	NA	2.22024162172195	NA	-1.8239978858153	2.14295426455411	NA	2.3787201178722	-1.52130476037807	-1.56669210903945	NA	NA	NA	NA	NA	1.58090584360813	NA	1.59349560708806	NA	NA	NA	1.68937679919214	-1.81763234818107	-1.8824012541111	NA
214	T cell receptor signaling pathway	NA	NA	NA	NA	NA	NA	2.20553691559075	1.99112895523339	-2.05230174222877	NA	1.80901938753767	NA	NA	-1.31334280241747	NA	1.75074976416464	-1.9054117938149	NA	NA	NA	NA	NA	NA	NA	NA	NA	NA	NA	NA	NA	NA	-1.55746478882282	NA	NA	2.1852676797778	-1.51040426591704	-1.70475967984877	2.01458098489066	NA	2.14356499223509	NA	NA	NA	NA	NA	NA	NA	NA	NA	NA	NA	NA	NA	1.78332282881978	NA	-1.64673547819886	NA
215	Taste transduction	NA	NA	NA	NA	NA	1.69258709980458	1.419399482186	NA	NA	NA	NA	NA	NA	NA	NA	NA	NA	NA	NA	NA	NA	NA	NA	NA	NA	NA	NA	NA	NA	NA	NA	NA	NA	NA	NA	NA	NA	NA	NA	-1.36312724530589	NA	-1.54517472944434	NA	NA	NA	NA	NA	NA	NA	NA	NA	NA	NA	NA	NA	NA	NA
216	TGF-beta signaling pathway	NA	NA	NA	NA	NA	1.58205626162883	1.53088677540646	1.76235829618181	-1.4291960376013	NA	NA	1.56128331885595	NA	-1.34261168726876	NA	NA	1.49261503288508	NA	NA	NA	NA	-1.51011001828861	NA	NA	NA	NA	NA	1.66883783752523	NA	NA	1.48752968341571	NA	NA	NA	1.68384569264104	NA	NA	NA	NA	1.89215629681543	NA	NA	NA	NA	NA	NA	NA	NA	1.54640423108108	1.49660992991606	NA	NA	-1.80613613565885	NA	NA	NA	-1.59704169502649
217	Th1 and Th2 cell differentiation	NA	NA	NA	NA	NA	NA	2.15923865944046	2.06955147040683	-2.03195189497267	NA	1.86997956913914	-1.60198817015524	NA	-1.56077436433112	NA	1.88230513599744	-1.97572417867536	NA	NA	NA	NA	NA	NA	NA	NA	NA	NA	NA	-1.46274857091845	NA	NA	-1.74774212503424	NA	NA	2.18166854918117	NA	-1.56602119844509	2.08845572457963	NA	2.19182142936349	NA	NA	NA	NA	NA	NA	NA	NA	NA	NA	NA	NA	NA	1.58112712449776	NA	-1.56080423331516	NA
218	Th17 cell differentiation	-1.58544066110482	1.48614735002345	-1.73949585357999	-1.62611774676778	NA	NA	2.18546373259184	2.19822626107206	-2.20638593959853	NA	2.01760463707869	-1.59035086276859	NA	-1.61809102137474	-1.56697599082458	1.89519475875235	-1.96289847036739	NA	NA	NA	NA	-1.4592493600861	1.45757082201262	NA	1.63988419062874	NA	NA	NA	-1.48574378816506	-1.42775748093482	NA	-1.76707153036189	-1.42399678404253	NA	2.23551787147367	NA	-1.68320906417012	2.13121430759209	1.59822405289519	2.30399409224618	-1.67418821001669	-1.66068020811701	NA	NA	NA	NA	NA	NA	NA	1.59080935976917	NA	NA	NA	1.70934008378834	NA	-1.98431438040347	NA
219	Thermogenesis	NA	NA	NA	NA	NA	NA	NA	NA	NA	NA	NA	NA	NA	NA	NA	NA	NA	NA	NA	NA	NA	NA	NA	NA	NA	-1.3316078161923	NA	NA	NA	NA	NA	NA	NA	NA	NA	NA	NA	NA	NA	NA	NA	NA	NA	NA	NA	NA	NA	NA	NA	NA	NA	NA	NA	NA	NA	NA	NA
220	Thyroid cancer	NA	NA	NA	NA	NA	NA	NA	NA	NA	NA	NA	NA	NA	NA	NA	NA	NA	NA	NA	NA	NA	NA	NA	NA	NA	NA	NA	NA	NA	NA	NA	NA	NA	NA	1.61019635682947	NA	NA	NA	NA	1.48499142142368	NA	NA	NA	NA	NA	NA	NA	NA	NA	NA	NA	NA	NA	NA	NA	NA	NA
221	Thyroid hormone signaling pathway	NA	NA	NA	NA	NA	NA	NA	NA	NA	NA	NA	1.44706235626592	NA	NA	NA	NA	NA	NA	NA	NA	NA	NA	NA	NA	NA	NA	NA	NA	NA	NA	NA	NA	NA	NA	NA	NA	NA	NA	NA	NA	NA	NA	NA	NA	NA	NA	NA	NA	NA	NA	NA	NA	-1.31568402700314	NA	NA	NA	NA
222	Thyroid hormone synthesis	NA	NA	NA	NA	NA	NA	NA	NA	NA	NA	NA	NA	NA	NA	NA	NA	NA	NA	NA	NA	NA	NA	NA	NA	NA	NA	NA	NA	NA	NA	NA	NA	NA	NA	NA	NA	NA	1.41406886671065	NA	NA	NA	NA	NA	NA	NA	NA	NA	NA	NA	NA	NA	NA	NA	NA	NA	NA	NA
223	Tight junction	NA	NA	NA	NA	NA	1.34300940006354	NA	NA	NA	NA	NA	NA	1.43300759708111	NA	NA	NA	NA	NA	NA	NA	NA	NA	NA	NA	NA	NA	NA	NA	NA	NA	NA	NA	NA	NA	NA	NA	NA	NA	NA	NA	NA	NA	NA	NA	NA	NA	NA	NA	NA	NA	NA	NA	NA	NA	NA	NA	NA
224	TNF signaling pathway	NA	NA	-2.02689919233019	NA	-1.85929006902486	1.44809508634734	NA	2.13393291257707	-2.30105313291899	1.51300171778861	2.11345591295621	NA	1.62690650757962	-1.66671427178196	NA	NA	NA	NA	NA	NA	NA	-2.10524039338532	1.6465892870412	NA	2.01462477150548	NA	NA	1.51588534898202	-1.56222960494215	NA	NA	-1.96805512013948	-1.53480131825627	1.74732385414005	1.89383597272664	-1.53453063949938	-1.90310668474947	2.06679208734567	NA	2.32060386617171	-2.04268724681563	NA	-1.46106441212623	1.96255659561924	NA	NA	1.63647187002196	1.73364610645981	NA	1.94753289384073	NA	NA	NA	1.71905627614216	NA	-1.75198546983691	NA
225	Toll-like receptor signaling pathway	NA	NA	-1.59803492497919	NA	-1.64421810395017	NA	1.9722464309936	2.3251392762411	-2.29463846440464	NA	2.04825605273846	NA	NA	NA	-1.4754875308104	1.66689340834967	NA	1.60710167610527	NA	NA	NA	-1.75392866240315	1.65101577232585	NA	1.71058614498893	1.47642616983958	NA	NA	-1.51671262758609	-1.65095023889383	NA	-1.36235686702618	NA	1.51151142980355	2.01359686404101	-1.48588972070707	-1.69308756105867	2.13209426221308	NA	2.23805485504742	-2.0074968524923	NA	-1.71062556600463	1.71533426791092	NA	NA	NA	1.81010757359915	NA	2.06326515012851	NA	NA	NA	1.93211090235345	NA	-1.82643043490784	NA
226	Toxoplasmosis	-1.4619061922395	NA	-1.6347535152915	NA	-1.34103921074629	NA	1.71579134828534	1.75205905682144	-1.88761073534469	NA	1.7454973708057	NA	NA	-1.42796672585331	NA	NA	-1.69243375701369	NA	NA	NA	NA	-1.64238786965929	NA	NA	1.37997007387976	NA	NA	NA	-1.55946107499165	NA	NA	-1.55641241551286	NA	NA	1.9646965876278	NA	-1.71209748594377	1.80320464899703	NA	2.11138975738869	-1.83780678948184	NA	NA	1.47020383315346	NA	NA	NA	1.4491931074973	NA	1.45041818997562	NA	NA	NA	NA	NA	-1.42854272729103	NA
227	Transcriptional misregulation in cancer	NA	1.47093891494261	NA	NA	-1.52657329030043	1.32597610348665	1.34020042386029	1.69443292559992	-2.0522869620604	NA	1.39660224120989	NA	NA	-1.65603382072915	-1.50294877584163	NA	NA	NA	NA	NA	NA	-1.76220995149151	1.34521490560159	NA	1.82395262221814	NA	NA	1.35486334606717	-1.47200069962863	NA	NA	-1.65945162437176	NA	1.51296067334202	1.9144335808843	NA	-1.87114686900659	1.60781941667739	NA	1.91968774314629	NA	NA	-1.64118120563895	1.4206423450968	NA	NA	NA	1.68724081004987	1.55955501458735	1.54406093735644	-1.47794767261558	NA	-1.51681542029733	1.34818234586327	NA	-1.50628735639917	NA
228	Tryptophan metabolism	NA	NA	-1.65826905324831	NA	NA	NA	NA	NA	-1.53259072422393	NA	NA	NA	NA	NA	NA	NA	NA	NA	NA	NA	NA	NA	NA	NA	NA	NA	NA	NA	NA	NA	NA	NA	NA	NA	NA	-1.59517426837412	NA	NA	NA	NA	NA	NA	NA	NA	NA	NA	NA	NA	NA	NA	NA	NA	NA	NA	NA	NA	NA
229	Tuberculosis	NA	NA	-1.53854700184826	NA	-1.75093325936671	1.39426451067586	1.65082024603899	2.06354826911965	-2.121935180201	NA	1.9009853142318	NA	1.38125618854255	-1.7977684772323	-1.50851896686365	1.57825291705669	-1.46139155352324	NA	NA	NA	NA	-1.91873843459017	1.9341844371869	NA	2.24364560696876	NA	NA	1.49487982224648	-1.5416012401016	-1.58662723631441	NA	-1.9277931438978	NA	1.63024881866706	2.04299143012548	-1.40513152188292	-1.89773520244502	2.07750127929191	NA	2.3082344246903	-1.77523967196145	NA	-1.50642080491697	1.61226502361303	NA	-1.45753285700717	NA	1.830723510104	NA	1.89567205341673	-1.41106703580194	NA	NA	1.62287059378631	-1.71495874216137	-1.49166791202154	NA
230	Type I diabetes mellitus	-1.66332122207395	NA	-1.84404634915869	NA	NA	NA	1.91418031014146	1.88666034589255	-2.12381980654324	NA	1.94052777736811	-1.54764980351645	NA	NA	-1.52202487390834	1.66759021782428	-1.77025939008417	NA	NA	NA	NA	-1.47712132848642	NA	NA	NA	NA	NA	NA	-1.57781390215903	NA	NA	-1.58197230953686	NA	NA	1.99868473580391	NA	NA	2.02864113174345	NA	2.07031667121767	-1.72934494768311	-1.68116533635531	NA	NA	NA	NA	NA	NA	NA	1.75491474957361	NA	NA	NA	1.60905206524754	NA	-1.78003711596393	NA
231	Type II diabetes mellitus	NA	NA	NA	NA	NA	1.76130231537347	1.79471666322743	1.55843193377337	NA	NA	NA	NA	NA	NA	NA	NA	NA	NA	NA	NA	NA	NA	NA	NA	NA	NA	NA	NA	NA	NA	NA	NA	NA	NA	NA	NA	NA	NA	NA	NA	NA	NA	NA	NA	NA	NA	NA	NA	NA	NA	NA	NA	NA	NA	NA	NA	NA
232	Tyrosine metabolism	NA	NA	NA	NA	NA	NA	NA	NA	NA	NA	NA	NA	NA	NA	NA	NA	NA	NA	NA	NA	NA	NA	NA	NA	NA	NA	NA	-1.50395031354951	NA	NA	NA	NA	1.58121209419051	NA	-1.56485628794765	NA	1.63508397534573	NA	NA	NA	NA	NA	NA	NA	NA	NA	NA	NA	NA	NA	NA	NA	NA	-1.60483409556623	NA	NA	NA
233	Vascular smooth muscle contraction	NA	NA	NA	NA	NA	1.58174925686198	NA	NA	NA	NA	NA	1.3681937654867	NA	-1.361181120581	NA	NA	NA	NA	NA	-1.50229796447662	NA	NA	NA	-1.51817456359885	NA	NA	NA	1.39216076737722	-1.38655669287253	NA	NA	NA	-1.45215696172956	NA	NA	NA	-1.48300930384984	1.35422598793537	NA	NA	NA	NA	NA	NA	NA	NA	NA	NA	NA	NA	NA	NA	NA	NA	NA	NA	-1.50974110190219
234	VEGF signaling pathway	NA	NA	NA	NA	-1.47737498230542	NA	NA	NA	NA	NA	NA	NA	NA	-1.52325401817288	NA	NA	NA	NA	NA	NA	NA	NA	1.53436745533093	-1.66695677237394	1.60155538183138	NA	NA	NA	NA	NA	NA	NA	-1.5001579238608	NA	1.78042377764011	NA	-1.6111043387463	1.42514606657449	NA	2.1390039186113	NA	NA	NA	NA	NA	NA	NA	NA	NA	NA	NA	NA	-1.65292412142778	NA	NA	NA	NA
235	Viral carcinogenesis	NA	NA	NA	NA	-1.48507474277089	NA	NA	NA	-1.74265705092276	NA	1.48751175104758	NA	NA	-1.39371821723195	NA	NA	NA	NA	NA	NA	NA	-1.34830910877962	1.51776970306608	NA	1.64504514535245	NA	NA	NA	NA	NA	NA	-1.42689778423058	NA	1.42438783458279	1.73019969707428	NA	-1.7015517896536	1.52072719537469	NA	1.45234254802917	NA	NA	NA	NA	NA	NA	NA	1.36261668220168	NA	NA	NA	NA	NA	NA	NA	NA	NA
236	Viral myocarditis	-1.72073437631967	NA	NA	NA	NA	NA	1.8415471258605	1.6165215577405	-1.79146449032323	NA	1.85386787635623	-1.55835054255169	NA	NA	-1.53910048103067	1.77215047193809	-1.76576271242826	1.55655533082475	1.56321282188405	NA	NA	NA	NA	NA	NA	NA	NA	NA	-1.54490823244147	NA	NA	-1.46506521870897	NA	NA	1.84728485514608	NA	NA	1.84338241378674	NA	1.87133574441579	NA	NA	NA	NA	NA	NA	NA	NA	NA	NA	NA	NA	NA	NA	NA	NA	1.72002102747202
237	Wnt signaling pathway	NA	NA	NA	NA	NA	NA	NA	NA	NA	NA	NA	1.50033913847929	NA	-1.39335980025509	NA	NA	1.36039467762673	NA	NA	NA	NA	-1.30439702653476	NA	-1.64722542791801	NA	-1.38650860787454	NA	1.69938779185155	NA	NA	1.47212128205528	NA	NA	NA	NA	NA	NA	NA	NA	1.34015873257518	NA	1.45118288668319	NA	NA	NA	NA	NA	NA	NA	NA	-1.42956678282281	NA	-1.77719012057506	NA	NA	NA	NA
